[2026-04-08 20:26:49] [34mINFO[0m [/home/yassineaa/AromaUI/src/core/aroma_node.c:37] __node_system_init: Node system initialized with multi-cache memory system.
[2026-04-08 20:26:49] [34mINFO[0m [/home/yassineaa/AromaUI/vendors/glps/src/glps_egl_context.c:51] glps_egl_init: EGL initialized successfully (version 1.5)
[2026-04-08 20:26:49] [34mINFO[0m [/home/yassineaa/AromaUI/src/core/aroma_ui_impl.c:150] aroma_ui_init_impl: Platform backend initialized successfully
[2026-04-08 20:26:49] [34mINFO[0m [/home/yassineaa/AromaUI/src/core/aroma_ui_impl.c:172] aroma_ui_init_impl: Aroma UI initialized successfully (mode: batched)
[2026-04-08 20:26:49] [34mINFO[0m [/home/yassineaa/AromaUI/examples/car_infotainment/../../include/aroma_ui.h:194] aroma_ui_set_theme: Theme updated
[2026-04-08 20:26:49] [34mINFO[0m [/home/yassineaa/AromaUI/src/core/aroma_node.c:99] __create_node: Created node ID: 1, type: 0
[2026-04-08 20:26:49] [34mINFO[0m [/home/yassineaa/AromaUI/src/core/aroma_ui_impl.c:332] aroma_ui_create_window_impl: Window 0 created: title='Automotive HMI', size=1280x800
[2026-04-08 20:26:49] [34mINFO[0m [/home/yassineaa/AromaUI/src/core/aroma_ui_impl.c:798] show_splash_screen: Showing splash screen...
[2026-04-08 20:26:49] [34mINFO[0m [/home/yassineaa/AromaUI/src/backends/graphics/utils/aroma_gles3_text.c:100] gles3_text_renderer_load_font: Loaded initial glyphs: 95

[2026-04-08 20:26:49] [34mINFO[0m [/home/yassineaa/AromaUI/src/backends/graphics/aroma_graphics_gles3.c:192] get_or_load_font_renderer: Loaded new font for window 0 (total: 1)
[2026-04-08 20:26:52] [34mINFO[0m [/home/yassineaa/AromaUI/src/backends/graphics/utils/aroma_gles3_text.c:100] gles3_text_renderer_load_font: Loaded initial glyphs: 95

[2026-04-08 20:26:52] [34mINFO[0m [/home/yassineaa/AromaUI/src/backends/graphics/aroma_graphics_gles3.c:192] get_or_load_font_renderer: Loaded new font for window 0 (total: 2)
[2026-04-08 20:26:52] [34mINFO[0m [/home/yassineaa/AromaUI/src/core/aroma_node.c:99] __create_node: Created node ID: 2, type: 2
[2026-04-08 20:26:52] [34mINFO[0m [/home/yassineaa/AromaUI/src/core/aroma_node.c:121] __add_child_node: Added child node ID: 2 to parent ID: 1
[2026-04-08 20:26:52] [34mINFO[0m [/home/yassineaa/AromaUI/src/core/aroma_node.c:99] __create_node: Created node ID: 3, type: 2
[2026-04-08 20:26:52] [34mINFO[0m [/home/yassineaa/AromaUI/src/core/aroma_node.c:121] __add_child_node: Added child node ID: 3 to parent ID: 1
[2026-04-08 20:26:52] [34mINFO[0m [/home/yassineaa/AromaUI/src/core/aroma_node.c:99] __create_node: Created node ID: 4, type: 1
[2026-04-08 20:26:52] [34mINFO[0m [/home/yassineaa/AromaUI/src/core/aroma_node.c:121] __add_child_node: Added child node ID: 4 to parent ID: 1
[2026-04-08 20:26:52] [34mINFO[0m [/home/yassineaa/AromaUI/src/core/aroma_node.c:99] __create_node: Created node ID: 5, type: 2
[2026-04-08 20:26:52] [34mINFO[0m [/home/yassineaa/AromaUI/src/core/aroma_node.c:121] __add_child_node: Added child node ID: 5 to parent ID: 1
[2026-04-08 20:26:52] [34mINFO[0m [/home/yassineaa/AromaUI/src/core/aroma_node.c:99] __create_node: Created node ID: 6, type: 2
[2026-04-08 20:26:52] [34mINFO[0m [/home/yassineaa/AromaUI/src/core/aroma_node.c:121] __add_child_node: Added child node ID: 6 to parent ID: 1
[2026-04-08 20:26:52] [34mINFO[0m [/home/yassineaa/AromaUI/src/core/aroma_node.c:99] __create_node: Created node ID: 7, type: 2
[2026-04-08 20:26:52] [34mINFO[0m [/home/yassineaa/AromaUI/src/core/aroma_node.c:121] __add_child_node: Added child node ID: 7 to parent ID: 1
[2026-04-08 20:26:52] [34mINFO[0m [/home/yassineaa/AromaUI/src/core/aroma_node.c:99] __create_node: Created node ID: 8, type: 2
[2026-04-08 20:26:52] [34mINFO[0m [/home/yassineaa/AromaUI/src/core/aroma_node.c:121] __add_child_node: Added child node ID: 8 to parent ID: 1
[2026-04-08 20:26:52] [34mINFO[0m [/home/yassineaa/AromaUI/src/core/aroma_node.c:99] __create_node: Created node ID: 9, type: 2
[2026-04-08 20:26:52] [34mINFO[0m [/home/yassineaa/AromaUI/src/core/aroma_node.c:121] __add_child_node: Added child node ID: 9 to parent ID: 1
[2026-04-08 20:26:52] [34mINFO[0m [/home/yassineaa/AromaUI/src/core/aroma_node.c:99] __create_node: Created node ID: 10, type: 2
[2026-04-08 20:26:52] [34mINFO[0m [/home/yassineaa/AromaUI/src/core/aroma_node.c:121] __add_child_node: Added child node ID: 10 to parent ID: 1
[2026-04-08 20:26:52] [34mINFO[0m [/home/yassineaa/AromaUI/src/core/aroma_node.c:99] __create_node: Created node ID: 11, type: 1
[2026-04-08 20:26:52] [34mINFO[0m [/home/yassineaa/AromaUI/src/core/aroma_node.c:121] __add_child_node: Added child node ID: 11 to parent ID: 1
[2026-04-08 20:26:52] [34mINFO[0m [/home/yassineaa/AromaUI/src/core/aroma_node.c:99] __create_node: Created node ID: 12, type: 2
[2026-04-08 20:26:52] [34mINFO[0m [/home/yassineaa/AromaUI/src/core/aroma_node.c:121] __add_child_node: Added child node ID: 12 to parent ID: 11
[2026-04-08 20:26:52] [34mINFO[0m [/home/yassineaa/AromaUI/src/core/aroma_node.c:99] __create_node: Created node ID: 13, type: 2
[2026-04-08 20:26:52] [34mINFO[0m [/home/yassineaa/AromaUI/src/core/aroma_node.c:121] __add_child_node: Added child node ID: 13 to parent ID: 11
[2026-04-08 20:26:52] [34mINFO[0m [/home/yassineaa/AromaUI/src/core/aroma_node.c:99] __create_node: Created node ID: 14, type: 1
[2026-04-08 20:26:52] [34mINFO[0m [/home/yassineaa/AromaUI/src/core/aroma_node.c:121] __add_child_node: Added child node ID: 14 to parent ID: 1
[2026-04-08 20:26:52] [34mINFO[0m [/home/yassineaa/AromaUI/src/core/aroma_node.c:99] __create_node: Created node ID: 15, type: 1
[2026-04-08 20:26:52] [34mINFO[0m [/home/yassineaa/AromaUI/src/core/aroma_node.c:121] __add_child_node: Added child node ID: 15 to parent ID: 14
[2026-04-08 20:26:52] [34mINFO[0m [/home/yassineaa/AromaUI/src/core/aroma_node.c:99] __create_node: Created node ID: 16, type: 1
[2026-04-08 20:26:52] [34mINFO[0m [/home/yassineaa/AromaUI/src/core/aroma_node.c:121] __add_child_node: Added child node ID: 16 to parent ID: 14
[2026-04-08 20:26:52] [34mINFO[0m [/home/yassineaa/AromaUI/src/core/aroma_node.c:99] __create_node: Created node ID: 17, type: 1
[2026-04-08 20:26:52] [34mINFO[0m [/home/yassineaa/AromaUI/src/core/aroma_node.c:121] __add_child_node: Added child node ID: 17 to parent ID: 16
[2026-04-08 20:26:52] [34mINFO[0m [/home/yassineaa/AromaUI/src/core/aroma_node.c:99] __create_node: Created node ID: 18, type: 1
[2026-04-08 20:26:52] [34mINFO[0m [/home/yassineaa/AromaUI/src/core/aroma_node.c:121] __add_child_node: Added child node ID: 18 to parent ID: 16
[2026-04-08 20:26:52] [34mINFO[0m [/home/yassineaa/AromaUI/src/core/aroma_node.c:99] __create_node: Created node ID: 19, type: 1
[2026-04-08 20:26:52] [34mINFO[0m [/home/yassineaa/AromaUI/src/core/aroma_node.c:121] __add_child_node: Added child node ID: 19 to parent ID: 18
[2026-04-08 20:26:52] [34mINFO[0m [/home/yassineaa/AromaUI/src/backends/graphics/aroma_graphics_gles3.c:768] load_image: Attempting to load image: ../test.png
[2026-04-08 20:26:52] [31mERROR[0m [/home/yassineaa/AromaUI/src/backends/graphics/aroma_graphics_gles3.c:773] load_image: Image file not found or inaccessible: ../test.png
[2026-04-08 20:26:52] [33mWARNING[0m [/home/yassineaa/AromaUI/src/widgets/aroma_image.c:133] aroma_image_create: Failed to load image: ../test.png
[2026-04-08 20:26:52] [34mINFO[0m [/home/yassineaa/AromaUI/src/core/aroma_node.c:99] __create_node: Created node ID: 20, type: 2
[2026-04-08 20:26:52] [34mINFO[0m [/home/yassineaa/AromaUI/src/core/aroma_node.c:121] __add_child_node: Added child node ID: 20 to parent ID: 18
[2026-04-08 20:26:52] [34mINFO[0m [/home/yassineaa/AromaUI/src/widgets/aroma_image.c:146] aroma_image_create: Created image widget at (0, 0) size 280x70, texture ID: 0
[2026-04-08 20:26:52] [34mINFO[0m [/home/yassineaa/AromaUI/src/backends/graphics/aroma_graphics_gles3.c:768] load_image: Attempting to load image: ../car.png
[2026-04-08 20:26:52] [31mERROR[0m [/home/yassineaa/AromaUI/src/backends/graphics/aroma_graphics_gles3.c:773] load_image: Image file not found or inaccessible: ../car.png
[2026-04-08 20:26:52] [33mWARNING[0m [/home/yassineaa/AromaUI/src/widgets/aroma_image.c:133] aroma_image_create: Failed to load image: ../car.png
[2026-04-08 20:26:52] [34mINFO[0m [/home/yassineaa/AromaUI/src/core/aroma_node.c:99] __create_node: Created node ID: 21, type: 2
[2026-04-08 20:26:52] [34mINFO[0m [/home/yassineaa/AromaUI/src/core/aroma_node.c:121] __add_child_node: Added child node ID: 21 to parent ID: 15
[2026-04-08 20:26:52] [34mINFO[0m [/home/yassineaa/AromaUI/src/widgets/aroma_image.c:146] aroma_image_create: Created image widget at (40, 20) size 316x151, texture ID: 0
[2026-04-08 20:26:52] [34mINFO[0m [/home/yassineaa/AromaUI/src/core/aroma_node.c:99] __create_node: Created node ID: 22, type: 2
[2026-04-08 20:26:52] [34mINFO[0m [/home/yassineaa/AromaUI/src/core/aroma_node.c:121] __add_child_node: Added child node ID: 22 to parent ID: 15
[2026-04-08 20:26:52] [34mINFO[0m [/home/yassineaa/AromaUI/src/core/aroma_node.c:99] __create_node: Created node ID: 23, type: 2
[2026-04-08 20:26:52] [34mINFO[0m [/home/yassineaa/AromaUI/src/core/aroma_node.c:121] __add_child_node: Added child node ID: 23 to parent ID: 15
[2026-04-08 20:26:52] [34mINFO[0m [/home/yassineaa/AromaUI/src/core/aroma_node.c:99] __create_node: Created node ID: 24, type: 2
[2026-04-08 20:26:52] [34mINFO[0m [/home/yassineaa/AromaUI/src/core/aroma_node.c:121] __add_child_node: Added child node ID: 24 to parent ID: 15
[2026-04-08 20:26:52] [34mINFO[0m [/home/yassineaa/AromaUI/src/core/aroma_node.c:99] __create_node: Created node ID: 25, type: 2
[2026-04-08 20:26:52] [34mINFO[0m [/home/yassineaa/AromaUI/src/core/aroma_node.c:121] __add_child_node: Added child node ID: 25 to parent ID: 15
[2026-04-08 20:26:52] [34mINFO[0m [/home/yassineaa/AromaUI/src/core/aroma_node.c:99] __create_node: Created node ID: 26, type: 2
[2026-04-08 20:26:52] [34mINFO[0m [/home/yassineaa/AromaUI/src/core/aroma_node.c:121] __add_child_node: Added child node ID: 26 to parent ID: 15
[2026-04-08 20:26:52] [34mINFO[0m [/home/yassineaa/AromaUI/src/core/aroma_node.c:99] __create_node: Created node ID: 27, type: 2
[2026-04-08 20:26:52] [34mINFO[0m [/home/yassineaa/AromaUI/src/core/aroma_node.c:121] __add_child_node: Added child node ID: 27 to parent ID: 15
[2026-04-08 20:26:52] [34mINFO[0m [/home/yassineaa/AromaUI/src/core/aroma_node.c:99] __create_node: Created node ID: 28, type: 2
[2026-04-08 20:26:52] [34mINFO[0m [/home/yassineaa/AromaUI/src/core/aroma_node.c:121] __add_child_node: Added child node ID: 28 to parent ID: 15
[2026-04-08 20:26:52] [34mINFO[0m [/home/yassineaa/AromaUI/src/core/aroma_node.c:99] __create_node: Created node ID: 29, type: 2
[2026-04-08 20:26:52] [34mINFO[0m [/home/yassineaa/AromaUI/src/core/aroma_node.c:121] __add_child_node: Added child node ID: 29 to parent ID: 15
[2026-04-08 20:26:52] [34mINFO[0m [/home/yassineaa/AromaUI/src/core/aroma_node.c:99] __create_node: Created node ID: 30, type: 2
[2026-04-08 20:26:52] [34mINFO[0m [/home/yassineaa/AromaUI/src/core/aroma_node.c:121] __add_child_node: Added child node ID: 30 to parent ID: 15
[2026-04-08 20:26:52] [34mINFO[0m [/home/yassineaa/AromaUI/src/core/aroma_node.c:99] __create_node: Created node ID: 31, type: 2
[2026-04-08 20:26:52] [34mINFO[0m [/home/yassineaa/AromaUI/src/core/aroma_node.c:121] __add_child_node: Added child node ID: 31 to parent ID: 15
[2026-04-08 20:26:52] [34mINFO[0m [/home/yassineaa/AromaUI/src/core/aroma_node.c:99] __create_node: Created node ID: 32, type: 2
[2026-04-08 20:26:52] [34mINFO[0m [/home/yassineaa/AromaUI/src/core/aroma_node.c:121] __add_child_node: Added child node ID: 32 to parent ID: 15
[2026-04-08 20:26:52] [34mINFO[0m [/home/yassineaa/AromaUI/src/core/aroma_node.c:99] __create_node: Created node ID: 33, type: 2
[2026-04-08 20:26:52] [34mINFO[0m [/home/yassineaa/AromaUI/src/core/aroma_node.c:121] __add_child_node: Added child node ID: 33 to parent ID: 15
[2026-04-08 20:26:52] [34mINFO[0m [/home/yassineaa/AromaUI/src/core/aroma_node.c:99] __create_node: Created node ID: 34, type: 2
[2026-04-08 20:26:52] [34mINFO[0m [/home/yassineaa/AromaUI/src/core/aroma_node.c:121] __add_child_node: Added child node ID: 34 to parent ID: 15
[2026-04-08 20:26:52] [34mINFO[0m [/home/yassineaa/AromaUI/src/core/aroma_node.c:99] __create_node: Created node ID: 35, type: 2
[2026-04-08 20:26:52] [34mINFO[0m [/home/yassineaa/AromaUI/src/core/aroma_node.c:121] __add_child_node: Added child node ID: 35 to parent ID: 15
[2026-04-08 20:26:52] [34mINFO[0m [/home/yassineaa/AromaUI/src/core/aroma_node.c:99] __create_node: Created node ID: 36, type: 1
[2026-04-08 20:26:52] [34mINFO[0m [/home/yassineaa/AromaUI/src/core/aroma_node.c:121] __add_child_node: Added child node ID: 36 to parent ID: 15
[2026-04-08 20:26:52] [34mINFO[0m [/home/yassineaa/AromaUI/src/core/aroma_node.c:99] __create_node: Created node ID: 37, type: 2
[2026-04-08 20:26:52] [34mINFO[0m [/home/yassineaa/AromaUI/src/core/aroma_node.c:121] __add_child_node: Added child node ID: 37 to parent ID: 36
[2026-04-08 20:26:52] [34mINFO[0m [/home/yassineaa/AromaUI/src/core/aroma_node.c:99] __create_node: Created node ID: 38, type: 2
[2026-04-08 20:26:52] [34mINFO[0m [/home/yassineaa/AromaUI/src/core/aroma_node.c:121] __add_child_node: Added child node ID: 38 to parent ID: 36
[2026-04-08 20:26:52] [34mINFO[0m [/home/yassineaa/AromaUI/src/core/aroma_node.c:99] __create_node: Created node ID: 39, type: 2
[2026-04-08 20:26:52] [34mINFO[0m [/home/yassineaa/AromaUI/src/core/aroma_node.c:121] __add_child_node: Added child node ID: 39 to parent ID: 36
[2026-04-08 20:26:52] [34mINFO[0m [/home/yassineaa/AromaUI/src/core/aroma_node.c:99] __create_node: Created node ID: 40, type: 2
[2026-04-08 20:26:52] [34mINFO[0m [/home/yassineaa/AromaUI/src/core/aroma_node.c:121] __add_child_node: Added child node ID: 40 to parent ID: 36
[2026-04-08 20:26:52] [34mINFO[0m [/home/yassineaa/AromaUI/src/core/aroma_node.c:99] __create_node: Created node ID: 41, type: 2
[2026-04-08 20:26:52] [34mINFO[0m [/home/yassineaa/AromaUI/src/core/aroma_node.c:121] __add_child_node: Added child node ID: 41 to parent ID: 36
[2026-04-08 20:26:52] [34mINFO[0m [/home/yassineaa/AromaUI/src/core/aroma_node.c:99] __create_node: Created node ID: 42, type: 1
[2026-04-08 20:26:52] [34mINFO[0m [/home/yassineaa/AromaUI/src/core/aroma_node.c:121] __add_child_node: Added child node ID: 42 to parent ID: 15
[2026-04-08 20:26:52] [34mINFO[0m [/home/yassineaa/AromaUI/src/core/aroma_node.c:99] __create_node: Created node ID: 43, type: 2
[2026-04-08 20:26:52] [34mINFO[0m [/home/yassineaa/AromaUI/src/core/aroma_node.c:121] __add_child_node: Added child node ID: 43 to parent ID: 42
[2026-04-08 20:26:52] [34mINFO[0m [/home/yassineaa/AromaUI/src/core/aroma_node.c:99] __create_node: Created node ID: 44, type: 2
[2026-04-08 20:26:52] [34mINFO[0m [/home/yassineaa/AromaUI/src/core/aroma_node.c:121] __add_child_node: Added child node ID: 44 to parent ID: 42
[2026-04-08 20:26:52] [34mINFO[0m [/home/yassineaa/AromaUI/src/core/aroma_node.c:99] __create_node: Created node ID: 45, type: 2
[2026-04-08 20:26:52] [34mINFO[0m [/home/yassineaa/AromaUI/src/core/aroma_node.c:121] __add_child_node: Added child node ID: 45 to parent ID: 42
[2026-04-08 20:26:52] [34mINFO[0m [/home/yassineaa/AromaUI/src/core/aroma_node.c:99] __create_node: Created node ID: 46, type: 1
[2026-04-08 20:26:52] [34mINFO[0m [/home/yassineaa/AromaUI/src/core/aroma_node.c:121] __add_child_node: Added child node ID: 46 to parent ID: 42
[2026-04-08 20:26:52] [34mINFO[0m [/home/yassineaa/AromaUI/src/core/aroma_node.c:99] __create_node: Created node ID: 47, type: 2
[2026-04-08 20:26:52] [34mINFO[0m [/home/yassineaa/AromaUI/src/core/aroma_node.c:121] __add_child_node: Added child node ID: 47 to parent ID: 42
[2026-04-08 20:26:52] [34mINFO[0m [/home/yassineaa/AromaUI/src/core/aroma_node.c:99] __create_node: Created node ID: 48, type: 2
[2026-04-08 20:26:52] [34mINFO[0m [/home/yassineaa/AromaUI/src/core/aroma_node.c:121] __add_child_node: Added child node ID: 48 to parent ID: 17
[2026-04-08 20:26:52] [34mINFO[0m [/home/yassineaa/AromaUI/src/core/aroma_node.c:99] __create_node: Created node ID: 49, type: 2
[2026-04-08 20:26:52] [34mINFO[0m [/home/yassineaa/AromaUI/src/core/aroma_node.c:121] __add_child_node: Added child node ID: 49 to parent ID: 17
[2026-04-08 20:26:52] [34mINFO[0m [/home/yassineaa/AromaUI/src/core/aroma_node.c:99] __create_node: Created node ID: 50, type: 2
[2026-04-08 20:26:52] [34mINFO[0m [/home/yassineaa/AromaUI/src/core/aroma_node.c:121] __add_child_node: Added child node ID: 50 to parent ID: 17
[2026-04-08 20:26:52] [34mINFO[0m [/home/yassineaa/AromaUI/src/core/aroma_node.c:99] __create_node: Created node ID: 51, type: 2
[2026-04-08 20:26:52] [34mINFO[0m [/home/yassineaa/AromaUI/src/core/aroma_node.c:121] __add_child_node: Added child node ID: 51 to parent ID: 17
[2026-04-08 20:26:52] [34mINFO[0m [/home/yassineaa/AromaUI/src/core/aroma_node.c:99] __create_node: Created node ID: 52, type: 1
[2026-04-08 20:26:52] [34mINFO[0m [/home/yassineaa/AromaUI/src/core/aroma_node.c:121] __add_child_node: Added child node ID: 52 to parent ID: 17
[2026-04-08 20:26:52] [34mINFO[0m [/home/yassineaa/AromaUI/src/backends/graphics/aroma_graphics_gles3.c:768] load_image: Attempting to load image: ../air-conditioner.png
[2026-04-08 20:26:52] [31mERROR[0m [/home/yassineaa/AromaUI/src/backends/graphics/aroma_graphics_gles3.c:773] load_image: Image file not found or inaccessible: ../air-conditioner.png
[2026-04-08 20:26:52] [33mWARNING[0m [/home/yassineaa/AromaUI/src/widgets/aroma_image.c:133] aroma_image_create: Failed to load image: ../air-conditioner.png
[2026-04-08 20:26:52] [34mINFO[0m [/home/yassineaa/AromaUI/src/core/aroma_node.c:99] __create_node: Created node ID: 53, type: 2
[2026-04-08 20:26:52] [34mINFO[0m [/home/yassineaa/AromaUI/src/core/aroma_node.c:121] __add_child_node: Added child node ID: 53 to parent ID: 17
[2026-04-08 20:26:52] [34mINFO[0m [/home/yassineaa/AromaUI/src/widgets/aroma_image.c:146] aroma_image_create: Created image widget at (170, 215) size 48x48, texture ID: 0
[2026-04-08 20:26:52] [34mINFO[0m [/home/yassineaa/AromaUI/src/backends/graphics/aroma_graphics_gles3.c:768] load_image: Attempting to load image: ../under.png
[2026-04-08 20:26:52] [31mERROR[0m [/home/yassineaa/AromaUI/src/backends/graphics/aroma_graphics_gles3.c:773] load_image: Image file not found or inaccessible: ../under.png
[2026-04-08 20:26:52] [33mWARNING[0m [/home/yassineaa/AromaUI/src/widgets/aroma_image.c:133] aroma_image_create: Failed to load image: ../under.png
[2026-04-08 20:26:52] [34mINFO[0m [/home/yassineaa/AromaUI/src/core/aroma_node.c:99] __create_node: Created node ID: 54, type: 2
[2026-04-08 20:26:52] [34mINFO[0m [/home/yassineaa/AromaUI/src/core/aroma_node.c:121] __add_child_node: Added child node ID: 54 to parent ID: 17
[2026-04-08 20:26:52] [34mINFO[0m [/home/yassineaa/AromaUI/src/widgets/aroma_image.c:146] aroma_image_create: Created image widget at (270, 215) size 48x48, texture ID: 0
[2026-04-08 20:26:52] [34mINFO[0m [/home/yassineaa/AromaUI/src/backends/graphics/aroma_graphics_gles3.c:768] load_image: Attempting to load image: ../both.png
[2026-04-08 20:26:52] [31mERROR[0m [/home/yassineaa/AromaUI/src/backends/graphics/aroma_graphics_gles3.c:773] load_image: Image file not found or inaccessible: ../both.png
[2026-04-08 20:26:52] [33mWARNING[0m [/home/yassineaa/AromaUI/src/widgets/aroma_image.c:133] aroma_image_create: Failed to load image: ../both.png
[2026-04-08 20:26:52] [34mINFO[0m [/home/yassineaa/AromaUI/src/core/aroma_node.c:99] __create_node: Created node ID: 55, type: 2
[2026-04-08 20:26:52] [34mINFO[0m [/home/yassineaa/AromaUI/src/core/aroma_node.c:121] __add_child_node: Added child node ID: 55 to parent ID: 17
[2026-04-08 20:26:52] [34mINFO[0m [/home/yassineaa/AromaUI/src/widgets/aroma_image.c:146] aroma_image_create: Created image widget at (370, 215) size 48x48, texture ID: 0
[2026-04-08 20:26:52] [34mINFO[0m [/home/yassineaa/AromaUI/src/core/aroma_node.c:99] __create_node: Created node ID: 56, type: 2
[2026-04-08 20:26:52] [34mINFO[0m [/home/yassineaa/AromaUI/src/core/aroma_node.c:121] __add_child_node: Added child node ID: 56 to parent ID: 19
[2026-04-08 20:26:52] [34mINFO[0m [/home/yassineaa/AromaUI/src/backends/graphics/aroma_graphics_gles3.c:768] load_image: Attempting to load image: ../brake_indicator.png
[2026-04-08 20:26:52] [31mERROR[0m [/home/yassineaa/AromaUI/src/backends/graphics/aroma_graphics_gles3.c:773] load_image: Image file not found or inaccessible: ../brake_indicator.png
[2026-04-08 20:26:52] [33mWARNING[0m [/home/yassineaa/AromaUI/src/widgets/aroma_image.c:133] aroma_image_create: Failed to load image: ../brake_indicator.png
[2026-04-08 20:26:52] [34mINFO[0m [/home/yassineaa/AromaUI/src/core/aroma_node.c:99] __create_node: Created node ID: 57, type: 2
[2026-04-08 20:26:52] [34mINFO[0m [/home/yassineaa/AromaUI/src/core/aroma_node.c:121] __add_child_node: Added child node ID: 57 to parent ID: 19
[2026-04-08 20:26:52] [34mINFO[0m [/home/yassineaa/AromaUI/src/widgets/aroma_image.c:146] aroma_image_create: Created image widget at (20, 60) size 32x32, texture ID: 0
[2026-04-08 20:26:52] [34mINFO[0m [/home/yassineaa/AromaUI/src/backends/graphics/aroma_graphics_gles3.c:768] load_image: Attempting to load image: ../abs_indicator.png
[2026-04-08 20:26:52] [31mERROR[0m [/home/yassineaa/AromaUI/src/backends/graphics/aroma_graphics_gles3.c:773] load_image: Image file not found or inaccessible: ../abs_indicator.png
[2026-04-08 20:26:52] [33mWARNING[0m [/home/yassineaa/AromaUI/src/widgets/aroma_image.c:133] aroma_image_create: Failed to load image: ../abs_indicator.png
[2026-04-08 20:26:52] [34mINFO[0m [/home/yassineaa/AromaUI/src/core/aroma_node.c:99] __create_node: Created node ID: 58, type: 2
[2026-04-08 20:26:52] [34mINFO[0m [/home/yassineaa/AromaUI/src/core/aroma_node.c:121] __add_child_node: Added child node ID: 58 to parent ID: 19
[2026-04-08 20:26:52] [34mINFO[0m [/home/yassineaa/AromaUI/src/widgets/aroma_image.c:146] aroma_image_create: Created image widget at (70, 60) size 32x32, texture ID: 0
[2026-04-08 20:26:52] [34mINFO[0m [/home/yassineaa/AromaUI/src/core/aroma_node.c:99] __create_node: Created node ID: 59, type: 1
[2026-04-08 20:26:52] [34mINFO[0m [/home/yassineaa/AromaUI/src/core/aroma_node.c:121] __add_child_node: Added child node ID: 59 to parent ID: 19
[2026-04-08 20:26:52] [34mINFO[0m [/home/yassineaa/AromaUI/src/backends/graphics/aroma_graphics_gles3.c:768] load_image: Attempting to load image: ../high_beams.png
[2026-04-08 20:26:52] [31mERROR[0m [/home/yassineaa/AromaUI/src/backends/graphics/aroma_graphics_gles3.c:773] load_image: Image file not found or inaccessible: ../high_beams.png
[2026-04-08 20:26:52] [33mWARNING[0m [/home/yassineaa/AromaUI/src/widgets/aroma_image.c:133] aroma_image_create: Failed to load image: ../high_beams.png
[2026-04-08 20:26:52] [34mINFO[0m [/home/yassineaa/AromaUI/src/core/aroma_node.c:99] __create_node: Created node ID: 60, type: 2
[2026-04-08 20:26:52] [34mINFO[0m [/home/yassineaa/AromaUI/src/core/aroma_node.c:121] __add_child_node: Added child node ID: 60 to parent ID: 19
[2026-04-08 20:26:52] [34mINFO[0m [/home/yassineaa/AromaUI/src/widgets/aroma_image.c:146] aroma_image_create: Created image widget at (120, 60) size 32x32, texture ID: 0
[2026-04-08 20:26:52] [34mINFO[0m [/home/yassineaa/AromaUI/src/backends/graphics/aroma_graphics_gles3.c:768] load_image: Attempting to load image: ../low_beams.png
[2026-04-08 20:26:52] [31mERROR[0m [/home/yassineaa/AromaUI/src/backends/graphics/aroma_graphics_gles3.c:773] load_image: Image file not found or inaccessible: ../low_beams.png
[2026-04-08 20:26:52] [33mWARNING[0m [/home/yassineaa/AromaUI/src/widgets/aroma_image.c:133] aroma_image_create: Failed to load image: ../low_beams.png
[2026-04-08 20:26:52] [34mINFO[0m [/home/yassineaa/AromaUI/src/core/aroma_node.c:99] __create_node: Created node ID: 61, type: 2
[2026-04-08 20:26:52] [34mINFO[0m [/home/yassineaa/AromaUI/src/core/aroma_node.c:121] __add_child_node: Added child node ID: 61 to parent ID: 19
[2026-04-08 20:26:52] [34mINFO[0m [/home/yassineaa/AromaUI/src/widgets/aroma_image.c:146] aroma_image_create: Created image widget at (170, 60) size 32x32, texture ID: 0
[2026-04-08 20:26:52] [34mINFO[0m [/home/yassineaa/AromaUI/src/backends/graphics/aroma_graphics_gles3.c:768] load_image: Attempting to load image: ../seatbelt.png
[2026-04-08 20:26:52] [31mERROR[0m [/home/yassineaa/AromaUI/src/backends/graphics/aroma_graphics_gles3.c:773] load_image: Image file not found or inaccessible: ../seatbelt.png
[2026-04-08 20:26:52] [33mWARNING[0m [/home/yassineaa/AromaUI/src/widgets/aroma_image.c:133] aroma_image_create: Failed to load image: ../seatbelt.png
[2026-04-08 20:26:52] [34mINFO[0m [/home/yassineaa/AromaUI/src/core/aroma_node.c:99] __create_node: Created node ID: 62, type: 2
[2026-04-08 20:26:52] [34mINFO[0m [/home/yassineaa/AromaUI/src/core/aroma_node.c:121] __add_child_node: Added child node ID: 62 to parent ID: 19
[2026-04-08 20:26:52] [34mINFO[0m [/home/yassineaa/AromaUI/src/widgets/aroma_image.c:146] aroma_image_create: Created image widget at (220, 60) size 32x32, texture ID: 0
[2026-04-08 20:26:52] [34mINFO[0m [/home/yassineaa/AromaUI/src/backends/graphics/aroma_graphics_gles3.c:768] load_image: Attempting to load image: ../battery_indicator.png
[2026-04-08 20:26:52] [31mERROR[0m [/home/yassineaa/AromaUI/src/backends/graphics/aroma_graphics_gles3.c:773] load_image: Image file not found or inaccessible: ../battery_indicator.png
[2026-04-08 20:26:52] [33mWARNING[0m [/home/yassineaa/AromaUI/src/widgets/aroma_image.c:133] aroma_image_create: Failed to load image: ../battery_indicator.png
[2026-04-08 20:26:52] [34mINFO[0m [/home/yassineaa/AromaUI/src/core/aroma_node.c:99] __create_node: Created node ID: 63, type: 2
[2026-04-08 20:26:52] [34mINFO[0m [/home/yassineaa/AromaUI/src/core/aroma_node.c:121] __add_child_node: Added child node ID: 63 to parent ID: 19
[2026-04-08 20:26:52] [34mINFO[0m [/home/yassineaa/AromaUI/src/widgets/aroma_image.c:146] aroma_image_create: Created image widget at (20, 120) size 32x32, texture ID: 0
[2026-04-08 20:26:52] [34mINFO[0m [/home/yassineaa/AromaUI/src/backends/graphics/aroma_graphics_gles3.c:768] load_image: Attempting to load image: ../temperature.png
[2026-04-08 20:26:52] [31mERROR[0m [/home/yassineaa/AromaUI/src/backends/graphics/aroma_graphics_gles3.c:773] load_image: Image file not found or inaccessible: ../temperature.png
[2026-04-08 20:26:52] [33mWARNING[0m [/home/yassineaa/AromaUI/src/widgets/aroma_image.c:133] aroma_image_create: Failed to load image: ../temperature.png
[2026-04-08 20:26:52] [34mINFO[0m [/home/yassineaa/AromaUI/src/core/aroma_node.c:99] __create_node: Created node ID: 64, type: 2
[2026-04-08 20:26:52] [34mINFO[0m [/home/yassineaa/AromaUI/src/core/aroma_node.c:121] __add_child_node: Added child node ID: 64 to parent ID: 19
[2026-04-08 20:26:52] [34mINFO[0m [/home/yassineaa/AromaUI/src/widgets/aroma_image.c:146] aroma_image_create: Created image widget at (70, 120) size 32x32, texture ID: 0
[2026-04-08 20:26:52] [34mINFO[0m [/home/yassineaa/AromaUI/src/core/aroma_node.c:99] __create_node: Created node ID: 65, type: 1
[2026-04-08 20:26:52] [34mINFO[0m [/home/yassineaa/AromaUI/src/core/aroma_node.c:121] __add_child_node: Added child node ID: 65 to parent ID: 1
[2026-04-08 20:26:52] [34mINFO[0m [/home/yassineaa/AromaUI/src/core/aroma_node.c:99] __create_node: Created node ID: 66, type: 2
[2026-04-08 20:26:52] [34mINFO[0m [/home/yassineaa/AromaUI/src/core/aroma_node.c:121] __add_child_node: Added child node ID: 66 to parent ID: 65
[2026-04-08 20:26:52] [34mINFO[0m [/home/yassineaa/AromaUI/src/core/aroma_node.c:99] __create_node: Created node ID: 67, type: 1
[2026-04-08 20:26:52] [34mINFO[0m [/home/yassineaa/AromaUI/src/core/aroma_node.c:121] __add_child_node: Added child node ID: 67 to parent ID: 65
[2026-04-08 20:26:52] [34mINFO[0m [/home/yassineaa/AromaUI/src/core/aroma_node.c:99] __create_node: Created node ID: 68, type: 2
[2026-04-08 20:26:52] [34mINFO[0m [/home/yassineaa/AromaUI/src/core/aroma_node.c:121] __add_child_node: Added child node ID: 68 to parent ID: 67
[2026-04-08 20:26:52] [34mINFO[0m [/home/yassineaa/AromaUI/src/core/aroma_node.c:99] __create_node: Created node ID: 69, type: 1
[2026-04-08 20:26:52] [34mINFO[0m [/home/yassineaa/AromaUI/src/core/aroma_node.c:121] __add_child_node: Added child node ID: 69 to parent ID: 65
[2026-04-08 20:26:52] [34mINFO[0m [/home/yassineaa/AromaUI/src/core/aroma_node.c:99] __create_node: Created node ID: 70, type: 2
[2026-04-08 20:26:52] [34mINFO[0m [/home/yassineaa/AromaUI/src/core/aroma_node.c:121] __add_child_node: Added child node ID: 70 to parent ID: 69
[2026-04-08 20:26:52] [34mINFO[0m [/home/yassineaa/AromaUI/src/core/aroma_node.c:99] __create_node: Created node ID: 71, type: 1
[2026-04-08 20:26:52] [34mINFO[0m [/home/yassineaa/AromaUI/src/core/aroma_node.c:121] __add_child_node: Added child node ID: 71 to parent ID: 65
[2026-04-08 20:26:52] [34mINFO[0m [/home/yassineaa/AromaUI/src/core/aroma_node.c:99] __create_node: Created node ID: 72, type: 2
[2026-04-08 20:26:52] [34mINFO[0m [/home/yassineaa/AromaUI/src/core/aroma_node.c:121] __add_child_node: Added child node ID: 72 to parent ID: 71
[2026-04-08 20:26:52] [34mINFO[0m [/home/yassineaa/AromaUI/src/core/aroma_node.c:99] __create_node: Created node ID: 73, type: 1
[2026-04-08 20:26:52] [34mINFO[0m [/home/yassineaa/AromaUI/src/core/aroma_node.c:121] __add_child_node: Added child node ID: 73 to parent ID: 65
[2026-04-08 20:26:52] [34mINFO[0m [/home/yassineaa/AromaUI/src/core/aroma_node.c:99] __create_node: Created node ID: 74, type: 2
[2026-04-08 20:26:52] [34mINFO[0m [/home/yassineaa/AromaUI/src/core/aroma_node.c:121] __add_child_node: Added child node ID: 74 to parent ID: 73
[2026-04-08 20:26:52] [34mINFO[0m [/home/yassineaa/AromaUI/src/core/aroma_node.c:99] __create_node: Created node ID: 75, type: 1
[2026-04-08 20:26:52] [34mINFO[0m [/home/yassineaa/AromaUI/src/core/aroma_node.c:121] __add_child_node: Added child node ID: 75 to parent ID: 65
[2026-04-08 20:26:52] [34mINFO[0m [/home/yassineaa/AromaUI/src/core/aroma_node.c:99] __create_node: Created node ID: 76, type: 2
[2026-04-08 20:26:52] [34mINFO[0m [/home/yassineaa/AromaUI/src/core/aroma_node.c:121] __add_child_node: Added child node ID: 76 to parent ID: 75
[2026-04-08 20:26:52] [34mINFO[0m [/home/yassineaa/AromaUI/src/core/aroma_node.c:99] __create_node: Created node ID: 77, type: 1
[2026-04-08 20:26:52] [34mINFO[0m [/home/yassineaa/AromaUI/src/core/aroma_node.c:121] __add_child_node: Added child node ID: 77 to parent ID: 65
[2026-04-08 20:26:52] [34mINFO[0m [/home/yassineaa/AromaUI/src/core/aroma_node.c:99] __create_node: Created node ID: 78, type: 2
[2026-04-08 20:26:52] [34mINFO[0m [/home/yassineaa/AromaUI/src/core/aroma_node.c:121] __add_child_node: Added child node ID: 78 to parent ID: 77
[2026-04-08 20:26:52] [34mINFO[0m [/home/yassineaa/AromaUI/src/core/aroma_node.c:99] __create_node: Created node ID: 79, type: 1
[2026-04-08 20:26:52] [34mINFO[0m [/home/yassineaa/AromaUI/src/core/aroma_node.c:121] __add_child_node: Added child node ID: 79 to parent ID: 65
[2026-04-08 20:26:52] [34mINFO[0m [/home/yassineaa/AromaUI/src/core/aroma_node.c:99] __create_node: Created node ID: 80, type: 2
[2026-04-08 20:26:52] [34mINFO[0m [/home/yassineaa/AromaUI/src/core/aroma_node.c:121] __add_child_node: Added child node ID: 80 to parent ID: 79
[2026-04-08 20:26:52] [34mINFO[0m [/home/yassineaa/AromaUI/src/core/aroma_node.c:99] __create_node: Created node ID: 81, type: 1
[2026-04-08 20:26:52] [34mINFO[0m [/home/yassineaa/AromaUI/src/core/aroma_node.c:121] __add_child_node: Added child node ID: 81 to parent ID: 1
[2026-04-08 20:26:52] [34mINFO[0m [/home/yassineaa/AromaUI/src/core/aroma_node.c:99] __create_node: Created node ID: 82, type: 1
[2026-04-08 20:26:52] [34mINFO[0m [/home/yassineaa/AromaUI/src/core/aroma_node.c:121] __add_child_node: Added child node ID: 82 to parent ID: 81
[2026-04-08 20:26:52] [34mINFO[0m [/home/yassineaa/AromaUI/src/core/aroma_node.c:99] __create_node: Created node ID: 83, type: 1
[2026-04-08 20:26:52] [34mINFO[0m [/home/yassineaa/AromaUI/src/core/aroma_node.c:121] __add_child_node: Added child node ID: 83 to parent ID: 82
[2026-04-08 20:26:52] [34mINFO[0m [/home/yassineaa/AromaUI/src/core/aroma_node.c:99] __create_node: Created node ID: 84, type: 2
[2026-04-08 20:26:52] [34mINFO[0m [/home/yassineaa/AromaUI/src/core/aroma_node.c:121] __add_child_node: Added child node ID: 84 to parent ID: 83
[2026-04-08 20:26:52] [34mINFO[0m [/home/yassineaa/AromaUI/src/core/aroma_node.c:99] __create_node: Created node ID: 85, type: 2
[2026-04-08 20:26:52] [34mINFO[0m [/home/yassineaa/AromaUI/src/core/aroma_node.c:121] __add_child_node: Added child node ID: 85 to parent ID: 83
[2026-04-08 20:26:52] [34mINFO[0m [/home/yassineaa/AromaUI/src/core/aroma_node.c:99] __create_node: Created node ID: 86, type: 1
[2026-04-08 20:26:52] [34mINFO[0m [/home/yassineaa/AromaUI/src/core/aroma_node.c:121] __add_child_node: Added child node ID: 86 to parent ID: 83
[2026-04-08 20:26:52] [34mINFO[0m [/home/yassineaa/AromaUI/src/core/aroma_node.c:99] __create_node: Created node ID: 87, type: 2
[2026-04-08 20:26:52] [34mINFO[0m [/home/yassineaa/AromaUI/src/core/aroma_node.c:121] __add_child_node: Added child node ID: 87 to parent ID: 86
[2026-04-08 20:26:52] [34mINFO[0m [/home/yassineaa/AromaUI/src/widgets/aroma_button.c:130] aroma_button_create: Button created: label='1', x=0, y=0, w=80, h=80
[2026-04-08 20:26:52] [34mINFO[0m [/home/yassineaa/AromaUI/src/widgets/aroma_button.c:157] aroma_button_set_on_click: Button click callback registered
[2026-04-08 20:26:52] [34mINFO[0m [/home/yassineaa/AromaUI/src/backends/graphics/utils/aroma_gles3_text.c:100] gles3_text_renderer_load_font: Loaded initial glyphs: 95

[2026-04-08 20:26:52] [34mINFO[0m [/home/yassineaa/AromaUI/src/backends/graphics/aroma_graphics_gles3.c:192] get_or_load_font_renderer: Loaded new font for window 0 (total: 3)
[2026-04-08 20:26:52] [34mINFO[0m [/home/yassineaa/AromaUI/src/core/aroma_node.c:99] __create_node: Created node ID: 88, type: 2
[2026-04-08 20:26:52] [34mINFO[0m [/home/yassineaa/AromaUI/src/core/aroma_node.c:121] __add_child_node: Added child node ID: 88 to parent ID: 86
[2026-04-08 20:26:52] [34mINFO[0m [/home/yassineaa/AromaUI/src/widgets/aroma_button.c:130] aroma_button_create: Button created: label='2', x=0, y=0, w=80, h=80
[2026-04-08 20:26:52] [34mINFO[0m [/home/yassineaa/AromaUI/src/widgets/aroma_button.c:157] aroma_button_set_on_click: Button click callback registered
[2026-04-08 20:26:52] [34mINFO[0m [/home/yassineaa/AromaUI/src/core/aroma_node.c:99] __create_node: Created node ID: 89, type: 2
[2026-04-08 20:26:52] [34mINFO[0m [/home/yassineaa/AromaUI/src/core/aroma_node.c:121] __add_child_node: Added child node ID: 89 to parent ID: 86
[2026-04-08 20:26:52] [34mINFO[0m [/home/yassineaa/AromaUI/src/widgets/aroma_button.c:130] aroma_button_create: Button created: label='3', x=0, y=0, w=80, h=80
[2026-04-08 20:26:52] [34mINFO[0m [/home/yassineaa/AromaUI/src/widgets/aroma_button.c:157] aroma_button_set_on_click: Button click callback registered
[2026-04-08 20:26:52] [34mINFO[0m [/home/yassineaa/AromaUI/src/core/aroma_node.c:99] __create_node: Created node ID: 90, type: 2
[2026-04-08 20:26:52] [34mINFO[0m [/home/yassineaa/AromaUI/src/core/aroma_node.c:121] __add_child_node: Added child node ID: 90 to parent ID: 86
[2026-04-08 20:26:52] [34mINFO[0m [/home/yassineaa/AromaUI/src/widgets/aroma_button.c:130] aroma_button_create: Button created: label='4', x=0, y=0, w=80, h=80
[2026-04-08 20:26:52] [34mINFO[0m [/home/yassineaa/AromaUI/src/widgets/aroma_button.c:157] aroma_button_set_on_click: Button click callback registered
[2026-04-08 20:26:52] [34mINFO[0m [/home/yassineaa/AromaUI/src/core/aroma_node.c:99] __create_node: Created node ID: 91, type: 2
[2026-04-08 20:26:52] [34mINFO[0m [/home/yassineaa/AromaUI/src/core/aroma_node.c:121] __add_child_node: Added child node ID: 91 to parent ID: 86
[2026-04-08 20:26:52] [34mINFO[0m [/home/yassineaa/AromaUI/src/widgets/aroma_button.c:130] aroma_button_create: Button created: label='5', x=0, y=0, w=80, h=80
[2026-04-08 20:26:52] [34mINFO[0m [/home/yassineaa/AromaUI/src/widgets/aroma_button.c:157] aroma_button_set_on_click: Button click callback registered
[2026-04-08 20:26:52] [34mINFO[0m [/home/yassineaa/AromaUI/src/core/aroma_node.c:99] __create_node: Created node ID: 92, type: 2
[2026-04-08 20:26:52] [34mINFO[0m [/home/yassineaa/AromaUI/src/core/aroma_node.c:121] __add_child_node: Added child node ID: 92 to parent ID: 86
[2026-04-08 20:26:52] [34mINFO[0m [/home/yassineaa/AromaUI/src/widgets/aroma_button.c:130] aroma_button_create: Button created: label='6', x=0, y=0, w=80, h=80
[2026-04-08 20:26:52] [34mINFO[0m [/home/yassineaa/AromaUI/src/widgets/aroma_button.c:157] aroma_button_set_on_click: Button click callback registered
[2026-04-08 20:26:52] [34mINFO[0m [/home/yassineaa/AromaUI/src/core/aroma_node.c:99] __create_node: Created node ID: 93, type: 2
[2026-04-08 20:26:52] [34mINFO[0m [/home/yassineaa/AromaUI/src/core/aroma_node.c:121] __add_child_node: Added child node ID: 93 to parent ID: 86
[2026-04-08 20:26:52] [34mINFO[0m [/home/yassineaa/AromaUI/src/widgets/aroma_button.c:130] aroma_button_create: Button created: label='7', x=0, y=0, w=80, h=80
[2026-04-08 20:26:52] [34mINFO[0m [/home/yassineaa/AromaUI/src/widgets/aroma_button.c:157] aroma_button_set_on_click: Button click callback registered
[2026-04-08 20:26:52] [34mINFO[0m [/home/yassineaa/AromaUI/src/core/aroma_node.c:99] __create_node: Created node ID: 94, type: 2
[2026-04-08 20:26:52] [34mINFO[0m [/home/yassineaa/AromaUI/src/core/aroma_node.c:121] __add_child_node: Added child node ID: 94 to parent ID: 86
[2026-04-08 20:26:52] [34mINFO[0m [/home/yassineaa/AromaUI/src/widgets/aroma_button.c:130] aroma_button_create: Button created: label='8', x=0, y=0, w=80, h=80
[2026-04-08 20:26:52] [34mINFO[0m [/home/yassineaa/AromaUI/src/widgets/aroma_button.c:157] aroma_button_set_on_click: Button click callback registered
[2026-04-08 20:26:52] [34mINFO[0m [/home/yassineaa/AromaUI/src/core/aroma_node.c:99] __create_node: Created node ID: 95, type: 2
[2026-04-08 20:26:52] [34mINFO[0m [/home/yassineaa/AromaUI/src/core/aroma_node.c:121] __add_child_node: Added child node ID: 95 to parent ID: 86
[2026-04-08 20:26:52] [34mINFO[0m [/home/yassineaa/AromaUI/src/widgets/aroma_button.c:130] aroma_button_create: Button created: label='9', x=0, y=0, w=80, h=80
[2026-04-08 20:26:52] [34mINFO[0m [/home/yassineaa/AromaUI/src/widgets/aroma_button.c:157] aroma_button_set_on_click: Button click callback registered
[2026-04-08 20:26:52] [34mINFO[0m [/home/yassineaa/AromaUI/src/core/aroma_node.c:99] __create_node: Created node ID: 96, type: 2
[2026-04-08 20:26:52] [34mINFO[0m [/home/yassineaa/AromaUI/src/core/aroma_node.c:121] __add_child_node: Added child node ID: 96 to parent ID: 86
[2026-04-08 20:26:52] [34mINFO[0m [/home/yassineaa/AromaUI/src/widgets/aroma_button.c:130] aroma_button_create: Button created: label='*', x=0, y=0, w=80, h=80
[2026-04-08 20:26:52] [34mINFO[0m [/home/yassineaa/AromaUI/src/widgets/aroma_button.c:157] aroma_button_set_on_click: Button click callback registered
[2026-04-08 20:26:52] [34mINFO[0m [/home/yassineaa/AromaUI/src/core/aroma_node.c:99] __create_node: Created node ID: 97, type: 2
[2026-04-08 20:26:52] [34mINFO[0m [/home/yassineaa/AromaUI/src/core/aroma_node.c:121] __add_child_node: Added child node ID: 97 to parent ID: 86
[2026-04-08 20:26:52] [34mINFO[0m [/home/yassineaa/AromaUI/src/widgets/aroma_button.c:130] aroma_button_create: Button created: label='0', x=0, y=0, w=80, h=80
[2026-04-08 20:26:52] [34mINFO[0m [/home/yassineaa/AromaUI/src/widgets/aroma_button.c:157] aroma_button_set_on_click: Button click callback registered
[2026-04-08 20:26:52] [34mINFO[0m [/home/yassineaa/AromaUI/src/core/aroma_node.c:99] __create_node: Created node ID: 98, type: 2
[2026-04-08 20:26:52] [34mINFO[0m [/home/yassineaa/AromaUI/src/core/aroma_node.c:121] __add_child_node: Added child node ID: 98 to parent ID: 86
[2026-04-08 20:26:52] [34mINFO[0m [/home/yassineaa/AromaUI/src/widgets/aroma_button.c:130] aroma_button_create: Button created: label='#', x=0, y=0, w=80, h=80
[2026-04-08 20:26:52] [34mINFO[0m [/home/yassineaa/AromaUI/src/widgets/aroma_button.c:157] aroma_button_set_on_click: Button click callback registered
[2026-04-08 20:26:52] [34mINFO[0m [/home/yassineaa/AromaUI/src/core/aroma_node.c:99] __create_node: Created node ID: 99, type: 1
[2026-04-08 20:26:52] [34mINFO[0m [/home/yassineaa/AromaUI/src/core/aroma_node.c:121] __add_child_node: Added child node ID: 99 to parent ID: 83
[2026-04-08 20:26:52] [34mINFO[0m [/home/yassineaa/AromaUI/src/core/aroma_node.c:99] __create_node: Created node ID: 100, type: 2
[2026-04-08 20:26:52] [34mINFO[0m [/home/yassineaa/AromaUI/src/core/aroma_node.c:121] __add_child_node: Added child node ID: 100 to parent ID: 99
[2026-04-08 20:26:52] [34mINFO[0m [/home/yassineaa/AromaUI/src/core/aroma_node.c:99] __create_node: Created node ID: 101, type: 2
[2026-04-08 20:26:52] [34mINFO[0m [/home/yassineaa/AromaUI/src/core/aroma_node.c:121] __add_child_node: Added child node ID: 101 to parent ID: 99
[2026-04-08 20:26:52] [34mINFO[0m [/home/yassineaa/AromaUI/src/core/aroma_node.c:99] __create_node: Created node ID: 102, type: 2
[2026-04-08 20:26:52] [34mINFO[0m [/home/yassineaa/AromaUI/src/core/aroma_node.c:121] __add_child_node: Added child node ID: 102 to parent ID: 99
[2026-04-08 20:26:52] [34mINFO[0m [/home/yassineaa/AromaUI/src/core/aroma_node.c:99] __create_node: Created node ID: 103, type: 1
[2026-04-08 20:26:52] [34mINFO[0m [/home/yassineaa/AromaUI/src/core/aroma_node.c:121] __add_child_node: Added child node ID: 103 to parent ID: 82
[2026-04-08 20:26:52] [34mINFO[0m [/home/yassineaa/AromaUI/src/core/aroma_node.c:99] __create_node: Created node ID: 104, type: 1
[2026-04-08 20:26:52] [34mINFO[0m [/home/yassineaa/AromaUI/src/core/aroma_node.c:121] __add_child_node: Added child node ID: 104 to parent ID: 1
[2026-04-08 20:26:52] [34mINFO[0m [/home/yassineaa/AromaUI/src/core/aroma_node.c:99] __create_node: Created node ID: 105, type: 1
[2026-04-08 20:26:52] [34mINFO[0m [/home/yassineaa/AromaUI/src/core/aroma_node.c:121] __add_child_node: Added child node ID: 105 to parent ID: 104
[2026-04-08 20:26:52] [34mINFO[0m [/home/yassineaa/AromaUI/src/core/aroma_node.c:99] __create_node: Created node ID: 106, type: 1
[2026-04-08 20:26:52] [34mINFO[0m [/home/yassineaa/AromaUI/src/core/aroma_node.c:121] __add_child_node: Added child node ID: 106 to parent ID: 105
[2026-04-08 20:26:52] [34mINFO[0m [/home/yassineaa/AromaUI/src/core/aroma_node.c:99] __create_node: Created node ID: 107, type: 1
[2026-04-08 20:26:52] [34mINFO[0m [/home/yassineaa/AromaUI/src/core/aroma_node.c:121] __add_child_node: Added child node ID: 107 to parent ID: 106
[2026-04-08 20:26:52] [34mINFO[0m [/home/yassineaa/AromaUI/src/core/aroma_node.c:99] __create_node: Created node ID: 108, type: 2
[2026-04-08 20:26:52] [34mINFO[0m [/home/yassineaa/AromaUI/src/core/aroma_node.c:121] __add_child_node: Added child node ID: 108 to parent ID: 107
[2026-04-08 20:26:52] [34mINFO[0m [/home/yassineaa/AromaUI/src/core/aroma_node.c:99] __create_node: Created node ID: 109, type: 2
[2026-04-08 20:26:52] [34mINFO[0m [/home/yassineaa/AromaUI/src/core/aroma_node.c:121] __add_child_node: Added child node ID: 109 to parent ID: 107
[2026-04-08 20:26:52] [34mINFO[0m [/home/yassineaa/AromaUI/src/core/aroma_node.c:99] __create_node: Created node ID: 110, type: 2
[2026-04-08 20:26:52] [34mINFO[0m [/home/yassineaa/AromaUI/src/core/aroma_node.c:121] __add_child_node: Added child node ID: 110 to parent ID: 106
[2026-04-08 20:26:52] [34mINFO[0m [/home/yassineaa/AromaUI/src/widgets/aroma_button.c:130] aroma_button_create: Button created: label='Devices', x=0, y=0, w=100, h=40
[2026-04-08 20:26:52] [34mINFO[0m [/home/yassineaa/AromaUI/src/widgets/aroma_button.c:157] aroma_button_set_on_click: Button click callback registered
[2026-04-08 20:26:52] [34mINFO[0m [/home/yassineaa/AromaUI/src/core/aroma_node.c:99] __create_node: Created node ID: 111, type: 1
[2026-04-08 20:26:52] [34mINFO[0m [/home/yassineaa/AromaUI/src/core/aroma_node.c:121] __add_child_node: Added child node ID: 111 to parent ID: 105
[2026-04-08 20:26:52] [34mINFO[0m [/home/yassineaa/AromaUI/src/core/aroma_node.c:99] __create_node: Created node ID: 112, type: 1
[2026-04-08 20:26:52] [34mINFO[0m [/home/yassineaa/AromaUI/src/core/aroma_node.c:121] __add_child_node: Added child node ID: 112 to parent ID: 111
[2026-04-08 20:26:52] [34mINFO[0m [/home/yassineaa/AromaUI/src/core/aroma_node.c:99] __create_node: Created node ID: 113, type: 1
[2026-04-08 20:26:52] [34mINFO[0m [/home/yassineaa/AromaUI/src/core/aroma_node.c:121] __add_child_node: Added child node ID: 113 to parent ID: 111
[2026-04-08 20:26:52] [34mINFO[0m [/home/yassineaa/AromaUI/src/core/aroma_node.c:99] __create_node: Created node ID: 114, type: 2
[2026-04-08 20:26:52] [34mINFO[0m [/home/yassineaa/AromaUI/src/core/aroma_node.c:121] __add_child_node: Added child node ID: 114 to parent ID: 113
[2026-04-08 20:26:52] [34mINFO[0m [/home/yassineaa/AromaUI/src/core/aroma_node.c:99] __create_node: Created node ID: 115, type: 2
[2026-04-08 20:26:52] [34mINFO[0m [/home/yassineaa/AromaUI/src/core/aroma_node.c:121] __add_child_node: Added child node ID: 115 to parent ID: 113
[2026-04-08 20:26:52] [34mINFO[0m [/home/yassineaa/AromaUI/src/core/aroma_node.c:99] __create_node: Created node ID: 116, type: 1
[2026-04-08 20:26:52] [34mINFO[0m [/home/yassineaa/AromaUI/src/core/aroma_node.c:121] __add_child_node: Added child node ID: 116 to parent ID: 105
[2026-04-08 20:26:52] [34mINFO[0m [/home/yassineaa/AromaUI/src/core/aroma_node.c:99] __create_node: Created node ID: 117, type: 1
[2026-04-08 20:26:52] [34mINFO[0m [/home/yassineaa/AromaUI/src/core/aroma_node.c:121] __add_child_node: Added child node ID: 117 to parent ID: 116
[2026-04-08 20:26:52] [34mINFO[0m [/home/yassineaa/AromaUI/src/core/aroma_node.c:99] __create_node: Created node ID: 118, type: 2
[2026-04-08 20:26:52] [34mINFO[0m [/home/yassineaa/AromaUI/src/core/aroma_node.c:121] __add_child_node: Added child node ID: 118 to parent ID: 117
[2026-04-08 20:26:52] [34mINFO[0m [/home/yassineaa/AromaUI/src/core/aroma_node.c:99] __create_node: Created node ID: 119, type: 2
[2026-04-08 20:26:52] [34mINFO[0m [/home/yassineaa/AromaUI/src/core/aroma_node.c:121] __add_child_node: Added child node ID: 119 to parent ID: 117
[2026-04-08 20:26:52] [34mINFO[0m [/home/yassineaa/AromaUI/src/core/aroma_node.c:99] __create_node: Created node ID: 120, type: 2
[2026-04-08 20:26:52] [34mINFO[0m [/home/yassineaa/AromaUI/src/core/aroma_node.c:121] __add_child_node: Added child node ID: 120 to parent ID: 117
[2026-04-08 20:26:52] [34mINFO[0m [/home/yassineaa/AromaUI/src/core/aroma_node.c:99] __create_node: Created node ID: 121, type: 1
[2026-04-08 20:26:52] [34mINFO[0m [/home/yassineaa/AromaUI/src/core/aroma_node.c:121] __add_child_node: Added child node ID: 121 to parent ID: 116
[2026-04-08 20:26:52] [34mINFO[0m [/home/yassineaa/AromaUI/src/core/aroma_node.c:99] __create_node: Created node ID: 122, type: 1
[2026-04-08 20:26:52] [34mINFO[0m [/home/yassineaa/AromaUI/src/core/aroma_node.c:121] __add_child_node: Added child node ID: 122 to parent ID: 121
[2026-04-08 20:26:52] [34mINFO[0m [/home/yassineaa/AromaUI/src/core/aroma_node.c:99] __create_node: Created node ID: 123, type: 2
[2026-04-08 20:26:52] [34mINFO[0m [/home/yassineaa/AromaUI/src/core/aroma_node.c:121] __add_child_node: Added child node ID: 123 to parent ID: 122
[2026-04-08 20:26:52] [34mINFO[0m [/home/yassineaa/AromaUI/src/core/aroma_node.c:99] __create_node: Created node ID: 124, type: 1
[2026-04-08 20:26:52] [34mINFO[0m [/home/yassineaa/AromaUI/src/core/aroma_node.c:121] __add_child_node: Added child node ID: 124 to parent ID: 121
[2026-04-08 20:26:52] [34mINFO[0m [/home/yassineaa/AromaUI/src/core/aroma_node.c:99] __create_node: Created node ID: 125, type: 2
[2026-04-08 20:26:52] [34mINFO[0m [/home/yassineaa/AromaUI/src/core/aroma_node.c:121] __add_child_node: Added child node ID: 125 to parent ID: 124
[2026-04-08 20:26:52] [34mINFO[0m [/home/yassineaa/AromaUI/src/core/aroma_node.c:99] __create_node: Created node ID: 126, type: 2
[2026-04-08 20:26:52] [34mINFO[0m [/home/yassineaa/AromaUI/src/core/aroma_node.c:121] __add_child_node: Added child node ID: 126 to parent ID: 124
[2026-04-08 20:26:52] [34mINFO[0m [/home/yassineaa/AromaUI/src/core/aroma_node.c:99] __create_node: Created node ID: 127, type: 2
[2026-04-08 20:26:52] [34mINFO[0m [/home/yassineaa/AromaUI/src/core/aroma_node.c:121] __add_child_node: Added child node ID: 127 to parent ID: 124
[2026-04-08 20:26:52] [34mINFO[0m [/home/yassineaa/AromaUI/src/core/aroma_node.c:99] __create_node: Created node ID: 128, type: 1
[2026-04-08 20:26:52] [34mINFO[0m [/home/yassineaa/AromaUI/src/core/aroma_node.c:121] __add_child_node: Added child node ID: 128 to parent ID: 121
[2026-04-08 20:26:52] [34mINFO[0m [/home/yassineaa/AromaUI/src/core/aroma_node.c:99] __create_node: Created node ID: 129, type: 2
[2026-04-08 20:26:52] [34mINFO[0m [/home/yassineaa/AromaUI/src/core/aroma_node.c:121] __add_child_node: Added child node ID: 129 to parent ID: 128
[2026-04-08 20:26:52] [34mINFO[0m [/home/yassineaa/AromaUI/src/core/aroma_node.c:99] __create_node: Created node ID: 130, type: 2
[2026-04-08 20:26:52] [34mINFO[0m [/home/yassineaa/AromaUI/src/core/aroma_node.c:121] __add_child_node: Added child node ID: 130 to parent ID: 128
[2026-04-08 20:26:52] [34mINFO[0m [/home/yassineaa/AromaUI/src/core/aroma_node.c:99] __create_node: Created node ID: 131, type: 2
[2026-04-08 20:26:52] [34mINFO[0m [/home/yassineaa/AromaUI/src/core/aroma_node.c:121] __add_child_node: Added child node ID: 131 to parent ID: 1
[2026-04-08 20:26:52] [34mINFO[0m [/home/yassineaa/AromaUI/src/core/aroma_node.c:99] __create_node: Created node ID: 132, type: 1
[2026-04-08 20:26:52] [34mINFO[0m [/home/yassineaa/AromaUI/src/core/aroma_node.c:121] __add_child_node: Added child node ID: 132 to parent ID: 1
[2026-04-08 20:26:52] [34mINFO[0m [/home/yassineaa/AromaUI/src/widgets/aroma_map.c:1160] aroma_map_create: Initializing aroma map with 16 async download threads
[2026-04-08 20:26:52] [34mINFO[0m [/home/yassineaa/AromaUI/src/core/aroma_node.c:99] __create_node: Created node ID: 133, type: 2
[2026-04-08 20:26:52] [34mINFO[0m [/home/yassineaa/AromaUI/src/core/aroma_node.c:121] __add_child_node: Added child node ID: 133 to parent ID: 132
[2026-04-08 20:26:52] [34mINFO[0m [/home/yassineaa/AromaUI/src/core/aroma_node.c:99] __create_node: Created node ID: 134, type: 1
[2026-04-08 20:26:52] [34mINFO[0m [/home/yassineaa/AromaUI/src/core/aroma_node.c:121] __add_child_node: Added child node ID: 134 to parent ID: 132
[2026-04-08 20:26:52] [34mINFO[0m [/home/yassineaa/AromaUI/src/core/aroma_node.c:99] __create_node: Created node ID: 135, type: 2
[2026-04-08 20:26:52] [34mINFO[0m [/home/yassineaa/AromaUI/src/core/aroma_node.c:121] __add_child_node: Added child node ID: 135 to parent ID: 132
[2026-04-08 20:26:52] [34mINFO[0m [/home/yassineaa/AromaUI/src/core/aroma_node.c:99] __create_node: Created node ID: 136, type: 2
[2026-04-08 20:26:52] [34mINFO[0m [/home/yassineaa/AromaUI/src/core/aroma_node.c:121] __add_child_node: Added child node ID: 136 to parent ID: 134
[2026-04-08 20:26:52] [34mINFO[0m [/home/yassineaa/AromaUI/src/core/aroma_node.c:99] __create_node: Created node ID: 137, type: 2
[2026-04-08 20:26:52] [34mINFO[0m [/home/yassineaa/AromaUI/src/core/aroma_node.c:121] __add_child_node: Added child node ID: 137 to parent ID: 134
[2026-04-08 20:26:52] [34mINFO[0m [/home/yassineaa/AromaUI/src/core/aroma_node.c:99] __create_node: Created node ID: 138, type: 1
[2026-04-08 20:26:52] [34mINFO[0m [/home/yassineaa/AromaUI/src/core/aroma_node.c:121] __add_child_node: Added child node ID: 138 to parent ID: 134
[2026-04-08 20:26:52] [34mINFO[0m [/home/yassineaa/AromaUI/src/core/aroma_node.c:99] __create_node: Created node ID: 139, type: 2
[2026-04-08 20:26:52] [34mINFO[0m [/home/yassineaa/AromaUI/src/core/aroma_node.c:121] __add_child_node: Added child node ID: 139 to parent ID: 138
[2026-04-08 20:26:52] [34mINFO[0m [/home/yassineaa/AromaUI/src/core/aroma_node.c:99] __create_node: Created node ID: 140, type: 2
[2026-04-08 20:26:52] [34mINFO[0m [/home/yassineaa/AromaUI/src/core/aroma_node.c:121] __add_child_node: Added child node ID: 140 to parent ID: 132
[2026-04-08 20:26:52] [34mINFO[0m [/home/yassineaa/AromaUI/src/core/aroma_node.c:99] __create_node: Created node ID: 141, type: 2
[2026-04-08 20:26:52] [34mINFO[0m [/home/yassineaa/AromaUI/src/core/aroma_node.c:121] __add_child_node: Added child node ID: 141 to parent ID: 132
[2026-04-08 20:26:52] [34mINFO[0m [/home/yassineaa/AromaUI/src/widgets/aroma_button.c:201] aroma_button_set_colors: Button colors updated
[2026-04-08 20:26:52] [34mINFO[0m [/home/yassineaa/AromaUI/src/widgets/aroma_button.c:201] aroma_button_set_colors: Button colors updated
[2026-04-08 20:26:52] [34mINFO[0m [/home/yassineaa/AromaUI/src/core/aroma_node.c:99] __create_node: Created node ID: 142, type: 1
[2026-04-08 20:26:52] [34mINFO[0m [/home/yassineaa/AromaUI/src/core/aroma_node.c:121] __add_child_node: Added child node ID: 142 to parent ID: 1
[2026-04-08 20:26:52] [34mINFO[0m [/home/yassineaa/AromaUI/src/core/aroma_node.c:99] __create_node: Created node ID: 143, type: 2
[2026-04-08 20:26:52] [34mINFO[0m [/home/yassineaa/AromaUI/src/core/aroma_node.c:121] __add_child_node: Added child node ID: 143 to parent ID: 142
[2026-04-08 20:26:52] [34mINFO[0m [/home/yassineaa/AromaUI/src/core/aroma_node.c:99] __create_node: Created node ID: 144, type: 2
[2026-04-08 20:26:52] [34mINFO[0m [/home/yassineaa/AromaUI/src/core/aroma_node.c:121] __add_child_node: Added child node ID: 144 to parent ID: 142
[2026-04-08 20:26:52] [34mINFO[0m [/home/yassineaa/AromaUI/src/core/aroma_node.c:99] __create_node: Created node ID: 145, type: 2
[2026-04-08 20:26:52] [34mINFO[0m [/home/yassineaa/AromaUI/src/core/aroma_node.c:121] __add_child_node: Added child node ID: 145 to parent ID: 1
[2026-04-08 20:26:52] [34mINFO[0m [/home/yassineaa/AromaUI/src/core/aroma_node.c:99] __create_node: Created node ID: 146, type: 2
[2026-04-08 20:26:52] [34mINFO[0m [/home/yassineaa/AromaUI/src/core/aroma_node.c:121] __add_child_node: Added child node ID: 146 to parent ID: 1
[2026-04-08 20:26:52] [34mINFO[0m [/home/yassineaa/AromaUI/src/core/aroma_node.c:99] __create_node: Created node ID: 147, type: 1
[2026-04-08 20:26:52] [34mINFO[0m [/home/yassineaa/AromaUI/src/core/aroma_node.c:121] __add_child_node: Added child node ID: 147 to parent ID: 146
[2026-04-08 20:26:52] [34mINFO[0m [/home/yassineaa/AromaUI/src/core/aroma_node.c:99] __create_node: Created node ID: 148, type: 2
[2026-04-08 20:26:52] [34mINFO[0m [/home/yassineaa/AromaUI/src/core/aroma_node.c:121] __add_child_node: Added child node ID: 148 to parent ID: 147
[2026-04-08 20:26:52] [34mINFO[0m [/home/yassineaa/AromaUI/src/core/aroma_node.c:99] __create_node: Created node ID: 149, type: 1
[2026-04-08 20:26:52] [34mINFO[0m [/home/yassineaa/AromaUI/src/core/aroma_node.c:121] __add_child_node: Added child node ID: 149 to parent ID: 147
[2026-04-08 20:26:52] [34mINFO[0m [/home/yassineaa/AromaUI/src/core/aroma_node.c:99] __create_node: Created node ID: 150, type: 2
[2026-04-08 20:26:52] [34mINFO[0m [/home/yassineaa/AromaUI/src/core/aroma_node.c:121] __add_child_node: Added child node ID: 150 to parent ID: 149
[2026-04-08 20:26:52] [34mINFO[0m [/home/yassineaa/AromaUI/src/core/aroma_node.c:99] __create_node: Created node ID: 151, type: 2
[2026-04-08 20:26:52] [34mINFO[0m [/home/yassineaa/AromaUI/src/core/aroma_node.c:121] __add_child_node: Added child node ID: 151 to parent ID: 147
[2026-04-08 20:26:52] [34mINFO[0m [/home/yassineaa/AromaUI/src/core/aroma_node.c:99] __create_node: Created node ID: 152, type: 2
[2026-04-08 20:26:52] [34mINFO[0m [/home/yassineaa/AromaUI/src/core/aroma_node.c:121] __add_child_node: Added child node ID: 152 to parent ID: 147
[2026-04-08 20:26:52] [34mINFO[0m [/home/yassineaa/AromaUI/src/widgets/aroma_button.c:130] aroma_button_create: Button created: label='Cancel', x=480, y=1120, w=150, h=50
[2026-04-08 20:26:52] [34mINFO[0m [/home/yassineaa/AromaUI/src/widgets/aroma_button.c:157] aroma_button_set_on_click: Button click callback registered
[2026-04-08 20:26:52] [34mINFO[0m [/home/yassineaa/AromaUI/src/core/aroma_node.c:99] __create_node: Created node ID: 153, type: 2
[2026-04-08 20:26:52] [34mINFO[0m [/home/yassineaa/AromaUI/src/core/aroma_node.c:121] __add_child_node: Added child node ID: 153 to parent ID: 147
[2026-04-08 20:26:52] [34mINFO[0m [/home/yassineaa/AromaUI/src/widgets/aroma_button.c:130] aroma_button_create: Button created: label='Connect', x=650, y=1120, w=150, h=50
[2026-04-08 20:26:52] [34mINFO[0m [/home/yassineaa/AromaUI/src/widgets/aroma_button.c:157] aroma_button_set_on_click: Button click callback registered
[2026-04-08 20:26:52] [34mINFO[0m [/home/yassineaa/AromaUI/src/core/aroma_ui_impl.c:249] aroma_ui_render_impl: Rendering window ID 0
[2026-04-08 20:26:52] [34mINFO[0m [/home/yassineaa/AromaUI/src/widgets/aroma_image.c:82] aroma_image_draw: Skipping image draw - no texture loaded
DEBUG: DRAWING LABEL 'Vehicle Status: All systems normal' AT x=215, y=290 COLOR=00E6E1E5
ERROR (VoskAPI:Model():model.cc:122) Folder '../model' does not contain model files. Make sure you specified the model path properly in Model constructor. If you are not sure about relative path, use absolute path specification.
Failed to load Vosk model
DEBUG: DRAWING LABEL '204' AT x=215, y=400 COLOR=00E6E1E5
DEBUG: DRAWING LABEL 'km' AT x=257, y=410 COLOR=00E6E1E5
DEBUG: DRAWING LABEL 'Remaining' AT x=215, y=430 COLOR=00E6E1E5
DEBUG: DRAWING LABEL '128' AT x=325, y=400 COLOR=00E6E1E5
DEBUG: DRAWING LABEL 'Wh' AT x=367, y=410 COLOR=00E6E1E5
DEBUG: DRAWING LABEL 'Average' AT x=325, y=430 COLOR=00E6E1E5
DEBUG: DRAWING LABEL '35.5' AT x=435, y=400 COLOR=00E6E1E5
DEBUG: DRAWING LABEL 'kWh' AT x=483, y=410 COLOR=00E6E1E5
DEBUG: DRAWING LABEL 'Fuel Capacity' AT x=435, y=430 COLOR=00E6E1E5
DEBUG: DRAWING LABEL 'Speed' AT x=165, y=490 COLOR=00E6E1E5
DEBUG: DRAWING LABEL '88' AT x=165, y=510 COLOR=00E6E1E5
DEBUG: DRAWING LABEL 'km/h' AT x=165, y=630 COLOR=00E6E1E5
DEBUG: DRAWING LABEL 'Gear: Drive' AT x=315, y=510 COLOR=00E6E1E5
DEBUG: DRAWING LABEL 'Adjust AC to your comfort level' AT x=565, y=110 COLOR=00E6E1E5
DEBUG: DRAWING LABEL '23°C' AT x=770, y=150 COLOR=00E6E1E5
[2026-04-08 20:26:52] [34mINFO[0m [/home/yassineaa/AromaUI/src/widgets/aroma_image.c:82] aroma_image_draw: Skipping image draw - no texture loaded
[2026-04-08 20:26:52] [34mINFO[0m [/home/yassineaa/AromaUI/src/widgets/aroma_image.c:82] aroma_image_draw: Skipping image draw - no texture loaded
[2026-04-08 20:26:52] [34mINFO[0m [/home/yassineaa/AromaUI/src/widgets/aroma_image.c:82] aroma_image_draw: Skipping image draw - no texture loaded
DEBUG: DRAWING LABEL 'System Status' AT x=565, y=430 COLOR=00E6E1E5
[2026-04-08 20:26:52] [34mINFO[0m [/home/yassineaa/AromaUI/src/widgets/aroma_image.c:82] aroma_image_draw: Skipping image draw - no texture loaded
[2026-04-08 20:26:52] [34mINFO[0m [/home/yassineaa/AromaUI/src/widgets/aroma_image.c:82] aroma_image_draw: Skipping image draw - no texture loaded
[2026-04-08 20:26:52] [34mINFO[0m [/home/yassineaa/AromaUI/src/widgets/aroma_image.c:82] aroma_image_draw: Skipping image draw - no texture loaded
[2026-04-08 20:26:52] [34mINFO[0m [/home/yassineaa/AromaUI/src/widgets/aroma_image.c:82] aroma_image_draw: Skipping image draw - no texture loaded
[2026-04-08 20:26:52] [34mINFO[0m [/home/yassineaa/AromaUI/src/widgets/aroma_image.c:82] aroma_image_draw: Skipping image draw - no texture loaded
[2026-04-08 20:26:52] [34mINFO[0m [/home/yassineaa/AromaUI/src/widgets/aroma_image.c:82] aroma_image_draw: Skipping image draw - no texture loaded
[2026-04-08 20:26:52] [34mINFO[0m [/home/yassineaa/AromaUI/src/widgets/aroma_image.c:82] aroma_image_draw: Skipping image draw - no texture loaded
[2026-04-08 20:26:52] [34mINFO[0m [/home/yassineaa/AromaUI/src/widgets/aroma_image.c:82] aroma_image_draw: Skipping image draw - no texture loaded
DEBUG: DRAWING LABEL '  ' AT x=360, y=-60 COLOR=00E6E1E5
DEBUG: DRAWING LABEL '12:45 PM' AT x=50, y=30 COLOR=00E6E1E5
DEBUG: DRAWING LABEL 'San Francisco, 68°F' AT x=150, y=30 COLOR=00E6E1E5
DEBUG: DRAWING LABEL 'P' AT x=345, y=548 COLOR=00E6E1E5
DEBUG: DRAWING LABEL 'R' AT x=386, y=548 COLOR=00E6E1E5
DEBUG: DRAWING LABEL 'N' AT x=427, y=548 COLOR=00E6E1E5
DEBUG: DRAWING LABEL 'D' AT x=468, y=548 COLOR=00E6E1E5
[2026-04-08 20:26:52] [34mINFO[0m [/home/yassineaa/AromaUI/src/backends/graphics/utils/aroma_gles3_text.c:100] gles3_text_renderer_load_font: Loaded initial glyphs: 95

[2026-04-08 20:26:52] [34mINFO[0m [/home/yassineaa/AromaUI/src/backends/graphics/aroma_graphics_gles3.c:192] get_or_load_font_renderer: Loaded new font for window 0 (total: 4)
[2026-04-08 20:26:52] [34mINFO[0m [/home/yassineaa/AromaUI/src/backends/graphics/utils/aroma_gles3_text.c:100] gles3_text_renderer_load_font: Loaded initial glyphs: 95

[2026-04-08 20:26:52] [34mINFO[0m [/home/yassineaa/AromaUI/src/backends/graphics/aroma_graphics_gles3.c:192] get_or_load_font_renderer: Loaded new font for window 0 (total: 5)
[2026-04-08 20:26:52] [34mINFO[0m [/home/yassineaa/AromaUI/src/backends/graphics/utils/aroma_gles3_text.c:100] gles3_text_renderer_load_font: Loaded initial glyphs: 95

[2026-04-08 20:26:52] [34mINFO[0m [/home/yassineaa/AromaUI/src/backends/graphics/aroma_graphics_gles3.c:192] get_or_load_font_renderer: Loaded new font for window 0 (total: 6)
[2026-04-08 20:26:52] [34mINFO[0m [/home/yassineaa/AromaUI/src/backends/graphics/utils/aroma_gles3_text.c:100] gles3_text_renderer_load_font: Loaded initial glyphs: 95

[2026-04-08 20:26:52] [34mINFO[0m [/home/yassineaa/AromaUI/src/backends/graphics/aroma_graphics_gles3.c:192] get_or_load_font_renderer: Loaded new font for window 0 (total: 7)
[2026-04-08 20:26:53] [34mINFO[0m [/home/yassineaa/AromaUI/src/widgets/aroma_map.c:441] __map_event_handler: MAP EVENT 16 (Drag: 0, x: 999 y: 0 rx: 0 ry: 0 rw: 1280 rh: 720)
DEBUG: DRAWING LABEL 'Your Library' AT x=345, y=123 COLOR=00E6E1E5
DEBUG: DRAWING LABEL 'Playing from iPhone' AT x=345, y=141 COLOR=00E6E1E5
DEBUG: DRAWING LABEL 'Blinding Lights' AT x=850, y=331 COLOR=00E6E1E5
DEBUG: DRAWING LABEL 'The Weeknd' AT x=850, y=363 COLOR=00E6E1E5
DEBUG: DRAWING LABEL '1:23' AT x=345, y=556 COLOR=00E6E1E5
DEBUG: DRAWING LABEL '3:45' AT x=1281, y=556 COLOR=00E6E1E5
DEBUG: DRAWING LABEL '  ' AT x=360, y=-60 COLOR=00E6E1E5
DEBUG: DRAWING LABEL '12:45 PM' AT x=50, y=30 COLOR=00E6E1E5
DEBUG: DRAWING LABEL 'San Francisco, 68°F' AT x=150, y=30 COLOR=00E6E1E5
[2026-04-08 20:26:54] [34mINFO[0m [/home/yassineaa/AromaUI/src/backends/graphics/utils/aroma_gles3_text.c:100] gles3_text_renderer_load_font: Loaded initial glyphs: 95

[2026-04-08 20:26:54] [34mINFO[0m [/home/yassineaa/AromaUI/src/backends/graphics/aroma_graphics_gles3.c:192] get_or_load_font_renderer: Loaded new font for window 0 (total: 8)
DEBUG: DRAWING LABEL 'Your Library' AT x=315, y=123 COLOR=00E6E1E5
DEBUG: DRAWING LABEL 'Playing from iPhone' AT x=315, y=141 COLOR=00E6E1E5
DEBUG: DRAWING LABEL 'Blinding Lights' AT x=820, y=331 COLOR=00E6E1E5
DEBUG: DRAWING LABEL 'The Weeknd' AT x=820, y=363 COLOR=00E6E1E5
DEBUG: DRAWING LABEL '1:23' AT x=315, y=556 COLOR=00E6E1E5
DEBUG: DRAWING LABEL '3:45' AT x=1251, y=556 COLOR=00E6E1E5
DEBUG: DRAWING LABEL '  ' AT x=360, y=-60 COLOR=00E6E1E5
DEBUG: DRAWING LABEL '12:45 PM' AT x=50, y=30 COLOR=00E6E1E5
DEBUG: DRAWING LABEL 'San Francisco, 68°F' AT x=150, y=30 COLOR=00E6E1E5
DEBUG: DRAWING LABEL 'Your Library' AT x=292, y=123 COLOR=00E6E1E5
DEBUG: DRAWING LABEL 'Playing from iPhone' AT x=292, y=141 COLOR=00E6E1E5
DEBUG: DRAWING LABEL 'Blinding Lights' AT x=797, y=331 COLOR=00E6E1E5
DEBUG: DRAWING LABEL 'The Weeknd' AT x=797, y=363 COLOR=00E6E1E5
DEBUG: DRAWING LABEL '1:23' AT x=292, y=556 COLOR=00E6E1E5
DEBUG: DRAWING LABEL '3:45' AT x=1228, y=556 COLOR=00E6E1E5
DEBUG: DRAWING LABEL '  ' AT x=360, y=-60 COLOR=00E6E1E5
DEBUG: DRAWING LABEL '12:45 PM' AT x=50, y=30 COLOR=00E6E1E5
DEBUG: DRAWING LABEL 'San Francisco, 68°F' AT x=150, y=30 COLOR=00E6E1E5
DEBUG: DRAWING LABEL 'Your Library' AT x=270, y=123 COLOR=00E6E1E5
DEBUG: DRAWING LABEL 'Playing from iPhone' AT x=270, y=141 COLOR=00E6E1E5
DEBUG: DRAWING LABEL 'Blinding Lights' AT x=775, y=331 COLOR=00E6E1E5
DEBUG: DRAWING LABEL 'The Weeknd' AT x=775, y=363 COLOR=00E6E1E5
DEBUG: DRAWING LABEL '1:23' AT x=270, y=556 COLOR=00E6E1E5
DEBUG: DRAWING LABEL '3:45' AT x=1206, y=556 COLOR=00E6E1E5
DEBUG: DRAWING LABEL '  ' AT x=360, y=-60 COLOR=00E6E1E5
DEBUG: DRAWING LABEL '12:45 PM' AT x=50, y=30 COLOR=00E6E1E5
DEBUG: DRAWING LABEL 'San Francisco, 68°F' AT x=150, y=30 COLOR=00E6E1E5
DEBUG: DRAWING LABEL 'Your Library' AT x=250, y=123 COLOR=00E6E1E5
DEBUG: DRAWING LABEL 'Playing from iPhone' AT x=250, y=141 COLOR=00E6E1E5
DEBUG: DRAWING LABEL 'Blinding Lights' AT x=755, y=331 COLOR=00E6E1E5
DEBUG: DRAWING LABEL 'The Weeknd' AT x=755, y=363 COLOR=00E6E1E5
DEBUG: DRAWING LABEL '1:23' AT x=250, y=556 COLOR=00E6E1E5
DEBUG: DRAWING LABEL '3:45' AT x=1186, y=556 COLOR=00E6E1E5
DEBUG: DRAWING LABEL '  ' AT x=360, y=-60 COLOR=00E6E1E5
DEBUG: DRAWING LABEL '12:45 PM' AT x=50, y=30 COLOR=00E6E1E5
DEBUG: DRAWING LABEL 'San Francisco, 68°F' AT x=150, y=30 COLOR=00E6E1E5
DEBUG: DRAWING LABEL 'Your Library' AT x=232, y=123 COLOR=00E6E1E5
DEBUG: DRAWING LABEL 'Playing from iPhone' AT x=232, y=141 COLOR=00E6E1E5
DEBUG: DRAWING LABEL 'Blinding Lights' AT x=737, y=331 COLOR=00E6E1E5
DEBUG: DRAWING LABEL 'The Weeknd' AT x=737, y=363 COLOR=00E6E1E5
DEBUG: DRAWING LABEL '1:23' AT x=232, y=556 COLOR=00E6E1E5
DEBUG: DRAWING LABEL '3:45' AT x=1168, y=556 COLOR=00E6E1E5
DEBUG: DRAWING LABEL '  ' AT x=360, y=-60 COLOR=00E6E1E5
DEBUG: DRAWING LABEL '12:45 PM' AT x=50, y=30 COLOR=00E6E1E5
DEBUG: DRAWING LABEL 'San Francisco, 68°F' AT x=150, y=30 COLOR=00E6E1E5
DEBUG: DRAWING LABEL 'Your Library' AT x=218, y=123 COLOR=00E6E1E5
DEBUG: DRAWING LABEL 'Playing from iPhone' AT x=218, y=141 COLOR=00E6E1E5
DEBUG: DRAWING LABEL 'Blinding Lights' AT x=723, y=331 COLOR=00E6E1E5
DEBUG: DRAWING LABEL 'The Weeknd' AT x=723, y=363 COLOR=00E6E1E5
DEBUG: DRAWING LABEL '1:23' AT x=218, y=556 COLOR=00E6E1E5
DEBUG: DRAWING LABEL '3:45' AT x=1154, y=556 COLOR=00E6E1E5
DEBUG: DRAWING LABEL '  ' AT x=360, y=-60 COLOR=00E6E1E5
DEBUG: DRAWING LABEL '12:45 PM' AT x=50, y=30 COLOR=00E6E1E5
DEBUG: DRAWING LABEL 'San Francisco, 68°F' AT x=150, y=30 COLOR=00E6E1E5
DEBUG: DRAWING LABEL 'Your Library' AT x=203, y=123 COLOR=00E6E1E5
DEBUG: DRAWING LABEL 'Playing from iPhone' AT x=203, y=141 COLOR=00E6E1E5
DEBUG: DRAWING LABEL 'Blinding Lights' AT x=708, y=331 COLOR=00E6E1E5
DEBUG: DRAWING LABEL 'The Weeknd' AT x=708, y=363 COLOR=00E6E1E5
DEBUG: DRAWING LABEL '1:23' AT x=203, y=556 COLOR=00E6E1E5
DEBUG: DRAWING LABEL '3:45' AT x=1139, y=556 COLOR=00E6E1E5
DEBUG: DRAWING LABEL '  ' AT x=360, y=-60 COLOR=00E6E1E5
DEBUG: DRAWING LABEL '12:45 PM' AT x=50, y=30 COLOR=00E6E1E5
DEBUG: DRAWING LABEL 'San Francisco, 68°F' AT x=150, y=30 COLOR=00E6E1E5
DEBUG: DRAWING LABEL 'Your Library' AT x=192, y=123 COLOR=00E6E1E5
DEBUG: DRAWING LABEL 'Playing from iPhone' AT x=192, y=141 COLOR=00E6E1E5
DEBUG: DRAWING LABEL 'Blinding Lights' AT x=697, y=331 COLOR=00E6E1E5
DEBUG: DRAWING LABEL 'The Weeknd' AT x=697, y=363 COLOR=00E6E1E5
DEBUG: DRAWING LABEL '1:23' AT x=192, y=556 COLOR=00E6E1E5
DEBUG: DRAWING LABEL '3:45' AT x=1128, y=556 COLOR=00E6E1E5
DEBUG: DRAWING LABEL '  ' AT x=360, y=-60 COLOR=00E6E1E5
DEBUG: DRAWING LABEL '12:45 PM' AT x=50, y=30 COLOR=00E6E1E5
DEBUG: DRAWING LABEL 'San Francisco, 68°F' AT x=150, y=30 COLOR=00E6E1E5
DEBUG: DRAWING LABEL 'Your Library' AT x=182, y=123 COLOR=00E6E1E5
DEBUG: DRAWING LABEL 'Playing from iPhone' AT x=182, y=141 COLOR=00E6E1E5
DEBUG: DRAWING LABEL 'Blinding Lights' AT x=687, y=331 COLOR=00E6E1E5
DEBUG: DRAWING LABEL 'The Weeknd' AT x=687, y=363 COLOR=00E6E1E5
DEBUG: DRAWING LABEL '1:23' AT x=182, y=556 COLOR=00E6E1E5
DEBUG: DRAWING LABEL '3:45' AT x=1118, y=556 COLOR=00E6E1E5
DEBUG: DRAWING LABEL '  ' AT x=360, y=-60 COLOR=00E6E1E5
DEBUG: DRAWING LABEL '12:45 PM' AT x=50, y=30 COLOR=00E6E1E5
DEBUG: DRAWING LABEL 'San Francisco, 68°F' AT x=150, y=30 COLOR=00E6E1E5
DEBUG: DRAWING LABEL 'Your Library' AT x=174, y=123 COLOR=00E6E1E5
DEBUG: DRAWING LABEL 'Playing from iPhone' AT x=174, y=141 COLOR=00E6E1E5
DEBUG: DRAWING LABEL 'Blinding Lights' AT x=679, y=331 COLOR=00E6E1E5
DEBUG: DRAWING LABEL 'The Weeknd' AT x=679, y=363 COLOR=00E6E1E5
DEBUG: DRAWING LABEL '1:23' AT x=174, y=556 COLOR=00E6E1E5
DEBUG: DRAWING LABEL '3:45' AT x=1110, y=556 COLOR=00E6E1E5
DEBUG: DRAWING LABEL '  ' AT x=360, y=-60 COLOR=00E6E1E5
DEBUG: DRAWING LABEL '12:45 PM' AT x=50, y=30 COLOR=00E6E1E5
DEBUG: DRAWING LABEL 'San Francisco, 68°F' AT x=150, y=30 COLOR=00E6E1E5
DEBUG: DRAWING LABEL 'Your Library' AT x=167, y=123 COLOR=00E6E1E5
DEBUG: DRAWING LABEL 'Playing from iPhone' AT x=167, y=141 COLOR=00E6E1E5
DEBUG: DRAWING LABEL 'Blinding Lights' AT x=672, y=331 COLOR=00E6E1E5
DEBUG: DRAWING LABEL 'The Weeknd' AT x=672, y=363 COLOR=00E6E1E5
DEBUG: DRAWING LABEL '1:23' AT x=167, y=556 COLOR=00E6E1E5
DEBUG: DRAWING LABEL '3:45' AT x=1103, y=556 COLOR=00E6E1E5
DEBUG: DRAWING LABEL '  ' AT x=360, y=-60 COLOR=00E6E1E5
DEBUG: DRAWING LABEL '12:45 PM' AT x=50, y=30 COLOR=00E6E1E5
DEBUG: DRAWING LABEL 'San Francisco, 68°F' AT x=150, y=30 COLOR=00E6E1E5
DEBUG: DRAWING LABEL 'Your Library' AT x=161, y=123 COLOR=00E6E1E5
DEBUG: DRAWING LABEL 'Playing from iPhone' AT x=161, y=141 COLOR=00E6E1E5
DEBUG: DRAWING LABEL 'Blinding Lights' AT x=666, y=331 COLOR=00E6E1E5
DEBUG: DRAWING LABEL 'The Weeknd' AT x=666, y=363 COLOR=00E6E1E5
DEBUG: DRAWING LABEL '1:23' AT x=161, y=556 COLOR=00E6E1E5
DEBUG: DRAWING LABEL '3:45' AT x=1097, y=556 COLOR=00E6E1E5
DEBUG: DRAWING LABEL '  ' AT x=360, y=-60 COLOR=00E6E1E5
DEBUG: DRAWING LABEL '12:45 PM' AT x=50, y=30 COLOR=00E6E1E5
DEBUG: DRAWING LABEL 'San Francisco, 68°F' AT x=150, y=30 COLOR=00E6E1E5
DEBUG: DRAWING LABEL 'Your Library' AT x=155, y=123 COLOR=00E6E1E5
DEBUG: DRAWING LABEL 'Playing from iPhone' AT x=155, y=141 COLOR=00E6E1E5
DEBUG: DRAWING LABEL 'Blinding Lights' AT x=660, y=331 COLOR=00E6E1E5
DEBUG: DRAWING LABEL 'The Weeknd' AT x=660, y=363 COLOR=00E6E1E5
DEBUG: DRAWING LABEL '1:23' AT x=155, y=556 COLOR=00E6E1E5
DEBUG: DRAWING LABEL '3:45' AT x=1091, y=556 COLOR=00E6E1E5
DEBUG: DRAWING LABEL '  ' AT x=360, y=-60 COLOR=00E6E1E5
DEBUG: DRAWING LABEL '12:45 PM' AT x=50, y=30 COLOR=00E6E1E5
DEBUG: DRAWING LABEL 'San Francisco, 68°F' AT x=150, y=30 COLOR=00E6E1E5
DEBUG: DRAWING LABEL 'Your Library' AT x=152, y=123 COLOR=00E6E1E5
DEBUG: DRAWING LABEL 'Playing from iPhone' AT x=152, y=141 COLOR=00E6E1E5
DEBUG: DRAWING LABEL 'Blinding Lights' AT x=657, y=331 COLOR=00E6E1E5
DEBUG: DRAWING LABEL 'The Weeknd' AT x=657, y=363 COLOR=00E6E1E5
DEBUG: DRAWING LABEL '1:23' AT x=152, y=556 COLOR=00E6E1E5
DEBUG: DRAWING LABEL '3:45' AT x=1088, y=556 COLOR=00E6E1E5
DEBUG: DRAWING LABEL '  ' AT x=360, y=-60 COLOR=00E6E1E5
DEBUG: DRAWING LABEL '12:45 PM' AT x=50, y=30 COLOR=00E6E1E5
DEBUG: DRAWING LABEL 'San Francisco, 68°F' AT x=150, y=30 COLOR=00E6E1E5
DEBUG: DRAWING LABEL 'Your Library' AT x=149, y=123 COLOR=00E6E1E5
DEBUG: DRAWING LABEL 'Playing from iPhone' AT x=149, y=141 COLOR=00E6E1E5
DEBUG: DRAWING LABEL 'Blinding Lights' AT x=654, y=331 COLOR=00E6E1E5
DEBUG: DRAWING LABEL 'The Weeknd' AT x=654, y=363 COLOR=00E6E1E5
DEBUG: DRAWING LABEL '1:23' AT x=149, y=556 COLOR=00E6E1E5
DEBUG: DRAWING LABEL '3:45' AT x=1085, y=556 COLOR=00E6E1E5
DEBUG: DRAWING LABEL '  ' AT x=360, y=-60 COLOR=00E6E1E5
DEBUG: DRAWING LABEL '12:45 PM' AT x=50, y=30 COLOR=00E6E1E5
DEBUG: DRAWING LABEL 'San Francisco, 68°F' AT x=150, y=30 COLOR=00E6E1E5
DEBUG: DRAWING LABEL 'Your Library' AT x=147, y=123 COLOR=00E6E1E5
DEBUG: DRAWING LABEL 'Playing from iPhone' AT x=147, y=141 COLOR=00E6E1E5
DEBUG: DRAWING LABEL 'Blinding Lights' AT x=652, y=331 COLOR=00E6E1E5
DEBUG: DRAWING LABEL 'The Weeknd' AT x=652, y=363 COLOR=00E6E1E5
DEBUG: DRAWING LABEL '1:23' AT x=147, y=556 COLOR=00E6E1E5
DEBUG: DRAWING LABEL '3:45' AT x=1083, y=556 COLOR=00E6E1E5
DEBUG: DRAWING LABEL '  ' AT x=360, y=-60 COLOR=00E6E1E5
DEBUG: DRAWING LABEL '12:45 PM' AT x=50, y=30 COLOR=00E6E1E5
DEBUG: DRAWING LABEL 'San Francisco, 68°F' AT x=150, y=30 COLOR=00E6E1E5
DEBUG: DRAWING LABEL 'Your Library' AT x=146, y=123 COLOR=00E6E1E5
DEBUG: DRAWING LABEL 'Playing from iPhone' AT x=146, y=141 COLOR=00E6E1E5
DEBUG: DRAWING LABEL 'Blinding Lights' AT x=651, y=331 COLOR=00E6E1E5
DEBUG: DRAWING LABEL 'The Weeknd' AT x=651, y=363 COLOR=00E6E1E5
DEBUG: DRAWING LABEL '1:23' AT x=146, y=556 COLOR=00E6E1E5
DEBUG: DRAWING LABEL '3:45' AT x=1082, y=556 COLOR=00E6E1E5
DEBUG: DRAWING LABEL '  ' AT x=360, y=-60 COLOR=00E6E1E5
DEBUG: DRAWING LABEL '12:45 PM' AT x=50, y=30 COLOR=00E6E1E5
DEBUG: DRAWING LABEL 'San Francisco, 68°F' AT x=150, y=30 COLOR=00E6E1E5
DEBUG: DRAWING LABEL 'Your Library' AT x=145, y=123 COLOR=00E6E1E5
DEBUG: DRAWING LABEL 'Playing from iPhone' AT x=145, y=141 COLOR=00E6E1E5
DEBUG: DRAWING LABEL 'Blinding Lights' AT x=650, y=331 COLOR=00E6E1E5
DEBUG: DRAWING LABEL 'The Weeknd' AT x=650, y=363 COLOR=00E6E1E5
DEBUG: DRAWING LABEL '1:23' AT x=145, y=556 COLOR=00E6E1E5
DEBUG: DRAWING LABEL '3:45' AT x=1081, y=556 COLOR=00E6E1E5
DEBUG: DRAWING LABEL '  ' AT x=360, y=-60 COLOR=00E6E1E5
DEBUG: DRAWING LABEL '12:45 PM' AT x=50, y=30 COLOR=00E6E1E5
DEBUG: DRAWING LABEL 'San Francisco, 68°F' AT x=150, y=30 COLOR=00E6E1E5
DEBUG: DRAWING LABEL 'Your Library' AT x=145, y=123 COLOR=00E6E1E5
DEBUG: DRAWING LABEL 'Playing from iPhone' AT x=145, y=141 COLOR=00E6E1E5
DEBUG: DRAWING LABEL 'Blinding Lights' AT x=650, y=331 COLOR=00E6E1E5
DEBUG: DRAWING LABEL 'The Weeknd' AT x=650, y=363 COLOR=00E6E1E5
DEBUG: DRAWING LABEL '1:23' AT x=145, y=556 COLOR=00E6E1E5
DEBUG: DRAWING LABEL '3:45' AT x=1081, y=556 COLOR=00E6E1E5
DEBUG: DRAWING LABEL '  ' AT x=360, y=-60 COLOR=00E6E1E5
DEBUG: DRAWING LABEL '12:45 PM' AT x=50, y=30 COLOR=00E6E1E5
DEBUG: DRAWING LABEL 'San Francisco, 68°F' AT x=150, y=30 COLOR=00E6E1E5
DEBUG: DRAWING LABEL 'Your Library' AT x=145, y=123 COLOR=00E6E1E5
DEBUG: DRAWING LABEL 'Playing from iPhone' AT x=145, y=141 COLOR=00E6E1E5
DEBUG: DRAWING LABEL 'Blinding Lights' AT x=650, y=331 COLOR=00E6E1E5
DEBUG: DRAWING LABEL 'The Weeknd' AT x=650, y=363 COLOR=00E6E1E5
DEBUG: DRAWING LABEL '1:23' AT x=145, y=556 COLOR=00E6E1E5
DEBUG: DRAWING LABEL '3:45' AT x=1081, y=556 COLOR=00E6E1E5
DEBUG: DRAWING LABEL '  ' AT x=360, y=-60 COLOR=00E6E1E5
DEBUG: DRAWING LABEL '12:45 PM' AT x=50, y=30 COLOR=00E6E1E5
DEBUG: DRAWING LABEL 'San Francisco, 68°F' AT x=150, y=30 COLOR=00E6E1E5
DEBUG: DRAWING LABEL 'Your Library' AT x=145, y=123 COLOR=00E6E1E5
DEBUG: DRAWING LABEL 'Playing from iPhone' AT x=145, y=141 COLOR=00E6E1E5
DEBUG: DRAWING LABEL 'Blinding Lights' AT x=650, y=331 COLOR=00E6E1E5
DEBUG: DRAWING LABEL 'The Weeknd' AT x=650, y=363 COLOR=00E6E1E5
DEBUG: DRAWING LABEL '1:23' AT x=145, y=556 COLOR=00E6E1E5
DEBUG: DRAWING LABEL '3:45' AT x=1081, y=556 COLOR=00E6E1E5
DEBUG: DRAWING LABEL '  ' AT x=360, y=-60 COLOR=00E6E1E5
DEBUG: DRAWING LABEL '12:45 PM' AT x=50, y=30 COLOR=00E6E1E5
DEBUG: DRAWING LABEL 'San Francisco, 68°F' AT x=150, y=30 COLOR=00E6E1E5
DEBUG: DRAWING LABEL 'Your Library' AT x=145, y=123 COLOR=00E6E1E5
DEBUG: DRAWING LABEL 'Playing from iPhone' AT x=145, y=141 COLOR=00E6E1E5
DEBUG: DRAWING LABEL 'Blinding Lights' AT x=650, y=331 COLOR=00E6E1E5
DEBUG: DRAWING LABEL 'The Weeknd' AT x=650, y=363 COLOR=00E6E1E5
DEBUG: DRAWING LABEL '1:23' AT x=145, y=556 COLOR=00E6E1E5
DEBUG: DRAWING LABEL '3:45' AT x=1081, y=556 COLOR=00E6E1E5
DEBUG: DRAWING LABEL '  ' AT x=360, y=-60 COLOR=00E6E1E5
DEBUG: DRAWING LABEL '12:45 PM' AT x=50, y=30 COLOR=00E6E1E5
DEBUG: DRAWING LABEL 'San Francisco, 68°F' AT x=150, y=30 COLOR=00E6E1E5
[2026-04-08 20:26:55] [34mINFO[0m [/home/yassineaa/AromaUI/src/core/aroma_ui_impl.c:249] aroma_ui_render_impl: Rendering window ID 0
DEBUG: DRAWING LABEL 'Your Library' AT x=145, y=123 COLOR=00E6E1E5
DEBUG: DRAWING LABEL 'Playing from iPhone' AT x=145, y=141 COLOR=00E6E1E5
DEBUG: DRAWING LABEL 'Blinding Lights' AT x=650, y=331 COLOR=00E6E1E5
DEBUG: DRAWING LABEL 'The Weeknd' AT x=650, y=363 COLOR=00E6E1E5
DEBUG: DRAWING LABEL '1:23' AT x=145, y=556 COLOR=00E6E1E5
DEBUG: DRAWING LABEL '3:45' AT x=1081, y=556 COLOR=00E6E1E5
DEBUG: DRAWING LABEL '  ' AT x=360, y=-60 COLOR=00E6E1E5
DEBUG: DRAWING LABEL '12:45 PM' AT x=50, y=30 COLOR=00E6E1E5
DEBUG: DRAWING LABEL 'San Francisco, 68°F' AT x=150, y=30 COLOR=00E6E1E5
[2026-04-08 20:26:56] [34mINFO[0m [/home/yassineaa/AromaUI/src/core/aroma_ui_impl.c:249] aroma_ui_render_impl: Rendering window ID 0
DEBUG: DRAWING LABEL 'Your Library' AT x=145, y=123 COLOR=00E6E1E5
DEBUG: DRAWING LABEL 'Playing from iPhone' AT x=145, y=141 COLOR=00E6E1E5
DEBUG: DRAWING LABEL 'Blinding Lights' AT x=650, y=331 COLOR=00E6E1E5
DEBUG: DRAWING LABEL 'The Weeknd' AT x=650, y=363 COLOR=00E6E1E5
DEBUG: DRAWING LABEL '1:23' AT x=145, y=556 COLOR=00E6E1E5
DEBUG: DRAWING LABEL '3:45' AT x=1081, y=556 COLOR=00E6E1E5
DEBUG: DRAWING LABEL '  ' AT x=360, y=-60 COLOR=00E6E1E5
DEBUG: DRAWING LABEL '12:45 PM' AT x=50, y=30 COLOR=00E6E1E5
DEBUG: DRAWING LABEL 'San Francisco, 68°F' AT x=150, y=30 COLOR=00E6E1E5
[2026-04-08 20:26:56] [34mINFO[0m [/home/yassineaa/AromaUI/src/core/aroma_ui_impl.c:249] aroma_ui_render_impl: Rendering window ID 0
DEBUG: DRAWING LABEL 'Your Library' AT x=145, y=123 COLOR=00E6E1E5
DEBUG: DRAWING LABEL 'Playing from iPhone' AT x=145, y=141 COLOR=00E6E1E5
DEBUG: DRAWING LABEL 'Blinding Lights' AT x=650, y=331 COLOR=00E6E1E5
DEBUG: DRAWING LABEL 'The Weeknd' AT x=650, y=363 COLOR=00E6E1E5
DEBUG: DRAWING LABEL '1:23' AT x=145, y=556 COLOR=00E6E1E5
DEBUG: DRAWING LABEL '3:45' AT x=1081, y=556 COLOR=00E6E1E5
DEBUG: DRAWING LABEL '  ' AT x=360, y=-60 COLOR=00E6E1E5
DEBUG: DRAWING LABEL '12:45 PM' AT x=50, y=30 COLOR=00E6E1E5
DEBUG: DRAWING LABEL 'San Francisco, 68°F' AT x=150, y=30 COLOR=00E6E1E5
[2026-04-08 20:26:56] [34mINFO[0m [/home/yassineaa/AromaUI/src/core/aroma_ui_impl.c:249] aroma_ui_render_impl: Rendering window ID 0
DEBUG: DRAWING LABEL 'Your Library' AT x=145, y=123 COLOR=00E6E1E5
DEBUG: DRAWING LABEL 'Playing from iPhone' AT x=145, y=141 COLOR=00E6E1E5
DEBUG: DRAWING LABEL 'Blinding Lights' AT x=650, y=331 COLOR=00E6E1E5
DEBUG: DRAWING LABEL 'The Weeknd' AT x=650, y=363 COLOR=00E6E1E5
DEBUG: DRAWING LABEL '1:23' AT x=145, y=556 COLOR=00E6E1E5
DEBUG: DRAWING LABEL '3:45' AT x=1081, y=556 COLOR=00E6E1E5
DEBUG: DRAWING LABEL '  ' AT x=360, y=-60 COLOR=00E6E1E5
DEBUG: DRAWING LABEL '12:45 PM' AT x=50, y=30 COLOR=00E6E1E5
DEBUG: DRAWING LABEL 'San Francisco, 68°F' AT x=150, y=30 COLOR=00E6E1E5
[2026-04-08 20:26:57] [34mINFO[0m [/home/yassineaa/AromaUI/src/core/aroma_ui_impl.c:249] aroma_ui_render_impl: Rendering window ID 0
DEBUG: DRAWING LABEL 'Your Library' AT x=145, y=123 COLOR=00E6E1E5
DEBUG: DRAWING LABEL 'Playing from iPhone' AT x=145, y=141 COLOR=00E6E1E5
DEBUG: DRAWING LABEL 'Blinding Lights' AT x=650, y=331 COLOR=00E6E1E5
DEBUG: DRAWING LABEL 'The Weeknd' AT x=650, y=363 COLOR=00E6E1E5
DEBUG: DRAWING LABEL '1:23' AT x=145, y=556 COLOR=00E6E1E5
DEBUG: DRAWING LABEL '3:45' AT x=1081, y=556 COLOR=00E6E1E5
DEBUG: DRAWING LABEL '  ' AT x=360, y=-60 COLOR=00E6E1E5
DEBUG: DRAWING LABEL '12:45 PM' AT x=50, y=30 COLOR=00E6E1E5
DEBUG: DRAWING LABEL 'San Francisco, 68°F' AT x=150, y=30 COLOR=00E6E1E5
[2026-04-08 20:26:57] [34mINFO[0m [/home/yassineaa/AromaUI/src/core/aroma_ui_impl.c:249] aroma_ui_render_impl: Rendering window ID 0
DEBUG: DRAWING LABEL 'Your Library' AT x=145, y=123 COLOR=00E6E1E5
DEBUG: DRAWING LABEL 'Playing from iPhone' AT x=145, y=141 COLOR=00E6E1E5
DEBUG: DRAWING LABEL 'Blinding Lights' AT x=650, y=331 COLOR=00E6E1E5
DEBUG: DRAWING LABEL 'The Weeknd' AT x=650, y=363 COLOR=00E6E1E5
DEBUG: DRAWING LABEL '1:23' AT x=145, y=556 COLOR=00E6E1E5
DEBUG: DRAWING LABEL '3:45' AT x=1081, y=556 COLOR=00E6E1E5
DEBUG: DRAWING LABEL '  ' AT x=360, y=-60 COLOR=00E6E1E5
DEBUG: DRAWING LABEL '12:45 PM' AT x=50, y=30 COLOR=00E6E1E5
DEBUG: DRAWING LABEL 'San Francisco, 68°F' AT x=150, y=30 COLOR=00E6E1E5
[2026-04-08 20:26:57] [34mINFO[0m [/home/yassineaa/AromaUI/src/core/aroma_ui_impl.c:249] aroma_ui_render_impl: Rendering window ID 0
DEBUG: DRAWING LABEL 'Your Library' AT x=145, y=123 COLOR=00E6E1E5
DEBUG: DRAWING LABEL 'Playing from iPhone' AT x=145, y=141 COLOR=00E6E1E5
DEBUG: DRAWING LABEL 'Blinding Lights' AT x=650, y=331 COLOR=00E6E1E5
DEBUG: DRAWING LABEL 'The Weeknd' AT x=650, y=363 COLOR=00E6E1E5
DEBUG: DRAWING LABEL '1:23' AT x=145, y=556 COLOR=00E6E1E5
DEBUG: DRAWING LABEL '3:45' AT x=1081, y=556 COLOR=00E6E1E5
DEBUG: DRAWING LABEL '  ' AT x=360, y=-60 COLOR=00E6E1E5
DEBUG: DRAWING LABEL '12:45 PM' AT x=50, y=30 COLOR=00E6E1E5
DEBUG: DRAWING LABEL 'San Francisco, 68°F' AT x=150, y=30 COLOR=00E6E1E5
[2026-04-08 20:26:57] [34mINFO[0m [/home/yassineaa/AromaUI/src/core/aroma_ui_impl.c:249] aroma_ui_render_impl: Rendering window ID 0
DEBUG: DRAWING LABEL 'Your Library' AT x=145, y=123 COLOR=00E6E1E5
DEBUG: DRAWING LABEL 'Playing from iPhone' AT x=145, y=141 COLOR=00E6E1E5
DEBUG: DRAWING LABEL 'Blinding Lights' AT x=650, y=331 COLOR=00E6E1E5
DEBUG: DRAWING LABEL 'The Weeknd' AT x=650, y=363 COLOR=00E6E1E5
DEBUG: DRAWING LABEL '1:23' AT x=145, y=556 COLOR=00E6E1E5
DEBUG: DRAWING LABEL '3:45' AT x=1081, y=556 COLOR=00E6E1E5
DEBUG: DRAWING LABEL '  ' AT x=360, y=-60 COLOR=00E6E1E5
DEBUG: DRAWING LABEL '12:45 PM' AT x=50, y=30 COLOR=00E6E1E5
DEBUG: DRAWING LABEL 'San Francisco, 68°F' AT x=150, y=30 COLOR=00E6E1E5
[2026-04-08 20:26:57] [34mINFO[0m [/home/yassineaa/AromaUI/src/core/aroma_ui_impl.c:249] aroma_ui_render_impl: Rendering window ID 0
DEBUG: DRAWING LABEL 'Your Library' AT x=145, y=123 COLOR=00E6E1E5
DEBUG: DRAWING LABEL 'Playing from iPhone' AT x=145, y=141 COLOR=00E6E1E5
DEBUG: DRAWING LABEL 'Blinding Lights' AT x=650, y=331 COLOR=00E6E1E5
DEBUG: DRAWING LABEL 'The Weeknd' AT x=650, y=363 COLOR=00E6E1E5
DEBUG: DRAWING LABEL '1:23' AT x=145, y=556 COLOR=00E6E1E5
DEBUG: DRAWING LABEL '3:45' AT x=1081, y=556 COLOR=00E6E1E5
DEBUG: DRAWING LABEL '  ' AT x=360, y=-60 COLOR=00E6E1E5
DEBUG: DRAWING LABEL '12:45 PM' AT x=50, y=30 COLOR=00E6E1E5
DEBUG: DRAWING LABEL 'San Francisco, 68°F' AT x=150, y=30 COLOR=00E6E1E5
[2026-04-08 20:26:57] [34mINFO[0m [/home/yassineaa/AromaUI/src/core/aroma_ui_impl.c:249] aroma_ui_render_impl: Rendering window ID 0
DEBUG: DRAWING LABEL 'Your Library' AT x=145, y=123 COLOR=00E6E1E5
DEBUG: DRAWING LABEL 'Playing from iPhone' AT x=145, y=141 COLOR=00E6E1E5
DEBUG: DRAWING LABEL 'Blinding Lights' AT x=650, y=331 COLOR=00E6E1E5
DEBUG: DRAWING LABEL 'The Weeknd' AT x=650, y=363 COLOR=00E6E1E5
DEBUG: DRAWING LABEL '1:23' AT x=145, y=556 COLOR=00E6E1E5
DEBUG: DRAWING LABEL '3:45' AT x=1081, y=556 COLOR=00E6E1E5
DEBUG: DRAWING LABEL '  ' AT x=360, y=-60 COLOR=00E6E1E5
DEBUG: DRAWING LABEL '12:45 PM' AT x=50, y=30 COLOR=00E6E1E5
DEBUG: DRAWING LABEL 'San Francisco, 68°F' AT x=150, y=30 COLOR=00E6E1E5
[2026-04-08 20:26:57] [34mINFO[0m [/home/yassineaa/AromaUI/src/core/aroma_ui_impl.c:249] aroma_ui_render_impl: Rendering window ID 0
DEBUG: DRAWING LABEL 'Your Library' AT x=145, y=123 COLOR=00E6E1E5
DEBUG: DRAWING LABEL 'Playing from iPhone' AT x=145, y=141 COLOR=00E6E1E5
DEBUG: DRAWING LABEL 'Blinding Lights' AT x=650, y=331 COLOR=00E6E1E5
DEBUG: DRAWING LABEL 'The Weeknd' AT x=650, y=363 COLOR=00E6E1E5
DEBUG: DRAWING LABEL '1:23' AT x=145, y=556 COLOR=00E6E1E5
DEBUG: DRAWING LABEL '3:45' AT x=1081, y=556 COLOR=00E6E1E5
DEBUG: DRAWING LABEL '  ' AT x=360, y=-60 COLOR=00E6E1E5
DEBUG: DRAWING LABEL '12:45 PM' AT x=50, y=30 COLOR=00E6E1E5
DEBUG: DRAWING LABEL 'San Francisco, 68°F' AT x=150, y=30 COLOR=00E6E1E5
[2026-04-08 20:26:57] [34mINFO[0m [/home/yassineaa/AromaUI/src/core/aroma_ui_impl.c:249] aroma_ui_render_impl: Rendering window ID 0
DEBUG: DRAWING LABEL 'Your Library' AT x=145, y=123 COLOR=00E6E1E5
DEBUG: DRAWING LABEL 'Playing from iPhone' AT x=145, y=141 COLOR=00E6E1E5
DEBUG: DRAWING LABEL 'Blinding Lights' AT x=650, y=331 COLOR=00E6E1E5
DEBUG: DRAWING LABEL 'The Weeknd' AT x=650, y=363 COLOR=00E6E1E5
DEBUG: DRAWING LABEL '1:23' AT x=145, y=556 COLOR=00E6E1E5
DEBUG: DRAWING LABEL '3:45' AT x=1081, y=556 COLOR=00E6E1E5
DEBUG: DRAWING LABEL '  ' AT x=360, y=-60 COLOR=00E6E1E5
DEBUG: DRAWING LABEL '12:45 PM' AT x=50, y=30 COLOR=00E6E1E5
DEBUG: DRAWING LABEL 'San Francisco, 68°F' AT x=150, y=30 COLOR=00E6E1E5
[2026-04-08 20:26:57] [34mINFO[0m [/home/yassineaa/AromaUI/src/core/aroma_ui_impl.c:249] aroma_ui_render_impl: Rendering window ID 0
DEBUG: DRAWING LABEL 'Your Library' AT x=145, y=123 COLOR=00E6E1E5
DEBUG: DRAWING LABEL 'Playing from iPhone' AT x=145, y=141 COLOR=00E6E1E5
DEBUG: DRAWING LABEL 'Blinding Lights' AT x=650, y=331 COLOR=00E6E1E5
DEBUG: DRAWING LABEL 'The Weeknd' AT x=650, y=363 COLOR=00E6E1E5
DEBUG: DRAWING LABEL '1:23' AT x=145, y=556 COLOR=00E6E1E5
DEBUG: DRAWING LABEL '3:45' AT x=1081, y=556 COLOR=00E6E1E5
DEBUG: DRAWING LABEL '  ' AT x=360, y=-60 COLOR=00E6E1E5
DEBUG: DRAWING LABEL '12:45 PM' AT x=50, y=30 COLOR=00E6E1E5
DEBUG: DRAWING LABEL 'San Francisco, 68°F' AT x=150, y=30 COLOR=00E6E1E5
[2026-04-08 20:26:57] [34mINFO[0m [/home/yassineaa/AromaUI/src/core/aroma_ui_impl.c:249] aroma_ui_render_impl: Rendering window ID 0
DEBUG: DRAWING LABEL 'Your Library' AT x=145, y=123 COLOR=00E6E1E5
DEBUG: DRAWING LABEL 'Playing from iPhone' AT x=145, y=141 COLOR=00E6E1E5
DEBUG: DRAWING LABEL 'Blinding Lights' AT x=650, y=331 COLOR=00E6E1E5
DEBUG: DRAWING LABEL 'The Weeknd' AT x=650, y=363 COLOR=00E6E1E5
DEBUG: DRAWING LABEL '1:23' AT x=145, y=556 COLOR=00E6E1E5
DEBUG: DRAWING LABEL '3:45' AT x=1081, y=556 COLOR=00E6E1E5
DEBUG: DRAWING LABEL '  ' AT x=360, y=-60 COLOR=00E6E1E5
DEBUG: DRAWING LABEL '12:45 PM' AT x=50, y=30 COLOR=00E6E1E5
DEBUG: DRAWING LABEL 'San Francisco, 68°F' AT x=150, y=30 COLOR=00E6E1E5
[2026-04-08 20:26:57] [34mINFO[0m [/home/yassineaa/AromaUI/src/core/aroma_ui_impl.c:249] aroma_ui_render_impl: Rendering window ID 0
DEBUG: DRAWING LABEL 'Your Library' AT x=145, y=123 COLOR=00E6E1E5
DEBUG: DRAWING LABEL 'Playing from iPhone' AT x=145, y=141 COLOR=00E6E1E5
DEBUG: DRAWING LABEL 'Blinding Lights' AT x=650, y=331 COLOR=00E6E1E5
DEBUG: DRAWING LABEL 'The Weeknd' AT x=650, y=363 COLOR=00E6E1E5
DEBUG: DRAWING LABEL '1:23' AT x=145, y=556 COLOR=00E6E1E5
DEBUG: DRAWING LABEL '3:45' AT x=1081, y=556 COLOR=00E6E1E5
DEBUG: DRAWING LABEL '  ' AT x=360, y=-60 COLOR=00E6E1E5
DEBUG: DRAWING LABEL '12:45 PM' AT x=50, y=30 COLOR=00E6E1E5
DEBUG: DRAWING LABEL 'San Francisco, 68°F' AT x=150, y=30 COLOR=00E6E1E5
[2026-04-08 20:26:58] [34mINFO[0m [/home/yassineaa/AromaUI/src/core/aroma_ui_impl.c:249] aroma_ui_render_impl: Rendering window ID 0
DEBUG: DRAWING LABEL 'Your Library' AT x=145, y=123 COLOR=00E6E1E5
DEBUG: DRAWING LABEL 'Playing from iPhone' AT x=145, y=141 COLOR=00E6E1E5
DEBUG: DRAWING LABEL 'Blinding Lights' AT x=650, y=331 COLOR=00E6E1E5
DEBUG: DRAWING LABEL 'The Weeknd' AT x=650, y=363 COLOR=00E6E1E5
DEBUG: DRAWING LABEL '1:23' AT x=145, y=556 COLOR=00E6E1E5
DEBUG: DRAWING LABEL '3:45' AT x=1081, y=556 COLOR=00E6E1E5
DEBUG: DRAWING LABEL '  ' AT x=360, y=-60 COLOR=00E6E1E5
DEBUG: DRAWING LABEL '12:45 PM' AT x=50, y=30 COLOR=00E6E1E5
DEBUG: DRAWING LABEL 'San Francisco, 68°F' AT x=150, y=30 COLOR=00E6E1E5
[2026-04-08 20:26:58] [34mINFO[0m [/home/yassineaa/AromaUI/src/widgets/aroma_button.c:315] aroma_button_handle_mouse_event: Button clicked: Devices
DEBUG: SHOWING SHEET. child count = 1
DEBUG: CONTAINER child count = 5, is_hidden=0
SHEET ANIM CB CALLED: 800.000000
Anim target_y: 800.000000 | sheet->container_y: 800 | first_child_y: 820
DEBUG: DRAWING LABEL 'Your Library' AT x=145, y=123 COLOR=00E6E1E5
DEBUG: DRAWING LABEL 'Playing from iPhone' AT x=145, y=141 COLOR=00E6E1E5
DEBUG: DRAWING LABEL 'Blinding Lights' AT x=650, y=331 COLOR=00E6E1E5
DEBUG: DRAWING LABEL 'The Weeknd' AT x=650, y=363 COLOR=00E6E1E5
DEBUG: DRAWING LABEL '1:23' AT x=145, y=556 COLOR=00E6E1E5
DEBUG: DRAWING LABEL '3:45' AT x=1081, y=556 COLOR=00E6E1E5
DEBUG: DRAWING LABEL '  ' AT x=360, y=-60 COLOR=00E6E1E5
DEBUG: DRAWING LABEL '12:45 PM' AT x=50, y=30 COLOR=00E6E1E5
DEBUG: DRAWING LABEL 'San Francisco, 68°F' AT x=150, y=30 COLOR=00E6E1E5
SHEET ANIM CB CALLED: 721.742798
Anim target_y: 721.742798 | sheet->container_y: 721 | first_child_y: 741
DEBUG: DRAWING LABEL 'Your Library' AT x=145, y=123 COLOR=00E6E1E5
DEBUG: DRAWING LABEL 'Playing from iPhone' AT x=145, y=141 COLOR=00E6E1E5
DEBUG: DRAWING LABEL 'Blinding Lights' AT x=650, y=331 COLOR=00E6E1E5
DEBUG: DRAWING LABEL 'The Weeknd' AT x=650, y=363 COLOR=00E6E1E5
DEBUG: DRAWING LABEL '1:23' AT x=145, y=556 COLOR=00E6E1E5
DEBUG: DRAWING LABEL '3:45' AT x=1081, y=556 COLOR=00E6E1E5
DEBUG: DRAWING LABEL '  ' AT x=360, y=-60 COLOR=00E6E1E5
DEBUG: DRAWING LABEL '12:45 PM' AT x=50, y=30 COLOR=00E6E1E5
DEBUG: DRAWING LABEL 'San Francisco, 68°F' AT x=150, y=30 COLOR=00E6E1E5
SHEET ANIM CB CALLED: 660.385193
Anim target_y: 660.385193 | sheet->container_y: 660 | first_child_y: 680
DEBUG: DRAWING LABEL 'Your Library' AT x=145, y=123 COLOR=00E6E1E5
DEBUG: DRAWING LABEL 'Playing from iPhone' AT x=145, y=141 COLOR=00E6E1E5
DEBUG: DRAWING LABEL 'Blinding Lights' AT x=650, y=331 COLOR=00E6E1E5
DEBUG: DRAWING LABEL 'The Weeknd' AT x=650, y=363 COLOR=00E6E1E5
DEBUG: DRAWING LABEL '1:23' AT x=145, y=556 COLOR=00E6E1E5
DEBUG: DRAWING LABEL '3:45' AT x=1081, y=556 COLOR=00E6E1E5
DEBUG: DRAWING LABEL '  ' AT x=360, y=-60 COLOR=00E6E1E5
DEBUG: DRAWING LABEL '12:45 PM' AT x=50, y=30 COLOR=00E6E1E5
DEBUG: DRAWING LABEL 'San Francisco, 68°F' AT x=150, y=30 COLOR=00E6E1E5
SHEET ANIM CB CALLED: 609.962769
Anim target_y: 609.962769 | sheet->container_y: 609 | first_child_y: 629
DEBUG: DRAWING LABEL 'Your Library' AT x=145, y=123 COLOR=00E6E1E5
DEBUG: DRAWING LABEL 'Playing from iPhone' AT x=145, y=141 COLOR=00E6E1E5
DEBUG: DRAWING LABEL 'Blinding Lights' AT x=650, y=331 COLOR=00E6E1E5
DEBUG: DRAWING LABEL 'The Weeknd' AT x=650, y=363 COLOR=00E6E1E5
DEBUG: DRAWING LABEL '1:23' AT x=145, y=556 COLOR=00E6E1E5
DEBUG: DRAWING LABEL '3:45' AT x=1081, y=556 COLOR=00E6E1E5
DEBUG: DRAWING LABEL '  ' AT x=360, y=-60 COLOR=00E6E1E5
DEBUG: DRAWING LABEL '12:45 PM' AT x=50, y=30 COLOR=00E6E1E5
DEBUG: DRAWING LABEL 'San Francisco, 68°F' AT x=150, y=30 COLOR=00E6E1E5
SHEET ANIM CB CALLED: 559.909058
Anim target_y: 559.909058 | sheet->container_y: 559 | first_child_y: 579
DEBUG: DRAWING LABEL 'Your Library' AT x=145, y=123 COLOR=00E6E1E5
DEBUG: DRAWING LABEL 'Playing from iPhone' AT x=145, y=141 COLOR=00E6E1E5
DEBUG: DRAWING LABEL 'Blinding Lights' AT x=650, y=331 COLOR=00E6E1E5
DEBUG: DRAWING LABEL 'The Weeknd' AT x=650, y=363 COLOR=00E6E1E5
DEBUG: DRAWING LABEL '1:23' AT x=145, y=556 COLOR=00E6E1E5
DEBUG: DRAWING LABEL '3:45' AT x=1081, y=556 COLOR=00E6E1E5
DEBUG: DRAWING LABEL '  ' AT x=360, y=-60 COLOR=00E6E1E5
DEBUG: DRAWING LABEL '12:45 PM' AT x=50, y=30 COLOR=00E6E1E5
DEBUG: DRAWING LABEL 'San Francisco, 68°F' AT x=150, y=30 COLOR=00E6E1E5
SHEET ANIM CB CALLED: 522.109741
Anim target_y: 522.109741 | sheet->container_y: 522 | first_child_y: 542
DEBUG: DRAWING LABEL 'Your Library' AT x=145, y=123 COLOR=00E6E1E5
DEBUG: DRAWING LABEL 'Playing from iPhone' AT x=145, y=141 COLOR=00E6E1E5
DEBUG: DRAWING LABEL 'Blinding Lights' AT x=650, y=331 COLOR=00E6E1E5
DEBUG: DRAWING LABEL 'The Weeknd' AT x=650, y=363 COLOR=00E6E1E5
DEBUG: DRAWING LABEL '1:23' AT x=145, y=556 COLOR=00E6E1E5
DEBUG: DRAWING LABEL '3:45' AT x=1081, y=556 COLOR=00E6E1E5
DEBUG: DRAWING LABEL '  ' AT x=360, y=-60 COLOR=00E6E1E5
DEBUG: DRAWING LABEL '12:45 PM' AT x=50, y=30 COLOR=00E6E1E5
DEBUG: DRAWING LABEL 'San Francisco, 68°F' AT x=150, y=30 COLOR=00E6E1E5
SHEET ANIM CB CALLED: 490.792419
Anim target_y: 490.792419 | sheet->container_y: 490 | first_child_y: 510
DEBUG: DRAWING LABEL 'Your Library' AT x=145, y=123 COLOR=00E6E1E5
DEBUG: DRAWING LABEL 'Playing from iPhone' AT x=145, y=141 COLOR=00E6E1E5
DEBUG: DRAWING LABEL 'Blinding Lights' AT x=650, y=331 COLOR=00E6E1E5
DEBUG: DRAWING LABEL 'The Weeknd' AT x=650, y=363 COLOR=00E6E1E5
DEBUG: DRAWING LABEL '1:23' AT x=145, y=556 COLOR=00E6E1E5
DEBUG: DRAWING LABEL '3:45' AT x=1081, y=556 COLOR=00E6E1E5
DEBUG: DRAWING LABEL '  ' AT x=360, y=-60 COLOR=00E6E1E5
DEBUG: DRAWING LABEL '12:45 PM' AT x=50, y=30 COLOR=00E6E1E5
DEBUG: DRAWING LABEL 'San Francisco, 68°F' AT x=150, y=30 COLOR=00E6E1E5
SHEET ANIM CB CALLED: 464.159210
Anim target_y: 464.159210 | sheet->container_y: 464 | first_child_y: 484
DEBUG: DRAWING LABEL 'Your Library' AT x=145, y=123 COLOR=00E6E1E5
DEBUG: DRAWING LABEL 'Playing from iPhone' AT x=145, y=141 COLOR=00E6E1E5
DEBUG: DRAWING LABEL 'Blinding Lights' AT x=650, y=331 COLOR=00E6E1E5
DEBUG: DRAWING LABEL 'The Weeknd' AT x=650, y=363 COLOR=00E6E1E5
DEBUG: DRAWING LABEL '1:23' AT x=145, y=556 COLOR=00E6E1E5
DEBUG: DRAWING LABEL '3:45' AT x=1081, y=556 COLOR=00E6E1E5
DEBUG: DRAWING LABEL '  ' AT x=360, y=-60 COLOR=00E6E1E5
DEBUG: DRAWING LABEL '12:45 PM' AT x=50, y=30 COLOR=00E6E1E5
DEBUG: DRAWING LABEL 'San Francisco, 68°F' AT x=150, y=30 COLOR=00E6E1E5
SHEET ANIM CB CALLED: 444.236816
Anim target_y: 444.236816 | sheet->container_y: 444 | first_child_y: 464
DEBUG: DRAWING LABEL 'Your Library' AT x=145, y=123 COLOR=00E6E1E5
DEBUG: DRAWING LABEL 'Playing from iPhone' AT x=145, y=141 COLOR=00E6E1E5
DEBUG: DRAWING LABEL 'Blinding Lights' AT x=650, y=331 COLOR=00E6E1E5
DEBUG: DRAWING LABEL 'The Weeknd' AT x=650, y=363 COLOR=00E6E1E5
DEBUG: DRAWING LABEL '1:23' AT x=145, y=556 COLOR=00E6E1E5
DEBUG: DRAWING LABEL '3:45' AT x=1081, y=556 COLOR=00E6E1E5
DEBUG: DRAWING LABEL '  ' AT x=360, y=-60 COLOR=00E6E1E5
DEBUG: DRAWING LABEL '12:45 PM' AT x=50, y=30 COLOR=00E6E1E5
DEBUG: DRAWING LABEL 'San Francisco, 68°F' AT x=150, y=30 COLOR=00E6E1E5
[2026-04-08 20:26:58] [34mINFO[0m [/home/yassineaa/AromaUI/src/widgets/aroma_button.c:315] aroma_button_handle_mouse_event: Button clicked: Devices
DEBUG: SHOWING SHEET. child count = 1
DEBUG: CONTAINER child count = 5, is_hidden=0
SHEET ANIM CB CALLED: 444.236816
Anim target_y: 444.236816 | sheet->container_y: 444 | first_child_y: 464
DEBUG: DRAWING LABEL 'Your Library' AT x=145, y=123 COLOR=00E6E1E5
DEBUG: DRAWING LABEL 'Playing from iPhone' AT x=145, y=141 COLOR=00E6E1E5
DEBUG: DRAWING LABEL 'Blinding Lights' AT x=650, y=331 COLOR=00E6E1E5
DEBUG: DRAWING LABEL 'The Weeknd' AT x=650, y=363 COLOR=00E6E1E5
DEBUG: DRAWING LABEL '1:23' AT x=145, y=556 COLOR=00E6E1E5
DEBUG: DRAWING LABEL '3:45' AT x=1081, y=556 COLOR=00E6E1E5
DEBUG: DRAWING LABEL '  ' AT x=360, y=-60 COLOR=00E6E1E5
DEBUG: DRAWING LABEL '12:45 PM' AT x=50, y=30 COLOR=00E6E1E5
DEBUG: DRAWING LABEL 'San Francisco, 68°F' AT x=150, y=30 COLOR=00E6E1E5
SHEET ANIM CB CALLED: 435.200958
Anim target_y: 435.200958 | sheet->container_y: 435 | first_child_y: 455
DEBUG: DRAWING LABEL 'Your Library' AT x=145, y=123 COLOR=00E6E1E5
DEBUG: DRAWING LABEL 'Playing from iPhone' AT x=145, y=141 COLOR=00E6E1E5
DEBUG: DRAWING LABEL 'Blinding Lights' AT x=650, y=331 COLOR=00E6E1E5
DEBUG: DRAWING LABEL 'The Weeknd' AT x=650, y=363 COLOR=00E6E1E5
DEBUG: DRAWING LABEL '1:23' AT x=145, y=556 COLOR=00E6E1E5
DEBUG: DRAWING LABEL '3:45' AT x=1081, y=556 COLOR=00E6E1E5
DEBUG: DRAWING LABEL '  ' AT x=360, y=-60 COLOR=00E6E1E5
DEBUG: DRAWING LABEL '12:45 PM' AT x=50, y=30 COLOR=00E6E1E5
DEBUG: DRAWING LABEL 'San Francisco, 68°F' AT x=150, y=30 COLOR=00E6E1E5
SHEET ANIM CB CALLED: 428.465546
Anim target_y: 428.465546 | sheet->container_y: 428 | first_child_y: 448
DEBUG: DRAWING LABEL 'Your Library' AT x=145, y=123 COLOR=00E6E1E5
DEBUG: DRAWING LABEL 'Playing from iPhone' AT x=145, y=141 COLOR=00E6E1E5
DEBUG: DRAWING LABEL 'Blinding Lights' AT x=650, y=331 COLOR=00E6E1E5
DEBUG: DRAWING LABEL 'The Weeknd' AT x=650, y=363 COLOR=00E6E1E5
DEBUG: DRAWING LABEL '1:23' AT x=145, y=556 COLOR=00E6E1E5
DEBUG: DRAWING LABEL '3:45' AT x=1081, y=556 COLOR=00E6E1E5
DEBUG: DRAWING LABEL '  ' AT x=360, y=-60 COLOR=00E6E1E5
DEBUG: DRAWING LABEL '12:45 PM' AT x=50, y=30 COLOR=00E6E1E5
DEBUG: DRAWING LABEL 'San Francisco, 68°F' AT x=150, y=30 COLOR=00E6E1E5
SHEET ANIM CB CALLED: 422.649261
Anim target_y: 422.649261 | sheet->container_y: 422 | first_child_y: 442
DEBUG: DRAWING LABEL 'Your Library' AT x=145, y=123 COLOR=00E6E1E5
DEBUG: DRAWING LABEL 'Playing from iPhone' AT x=145, y=141 COLOR=00E6E1E5
DEBUG: DRAWING LABEL 'Blinding Lights' AT x=650, y=331 COLOR=00E6E1E5
DEBUG: DRAWING LABEL 'The Weeknd' AT x=650, y=363 COLOR=00E6E1E5
DEBUG: DRAWING LABEL '1:23' AT x=145, y=556 COLOR=00E6E1E5
DEBUG: DRAWING LABEL '3:45' AT x=1081, y=556 COLOR=00E6E1E5
DEBUG: DRAWING LABEL '  ' AT x=360, y=-60 COLOR=00E6E1E5
DEBUG: DRAWING LABEL '12:45 PM' AT x=50, y=30 COLOR=00E6E1E5
DEBUG: DRAWING LABEL 'San Francisco, 68°F' AT x=150, y=30 COLOR=00E6E1E5
SHEET ANIM CB CALLED: 417.925812
Anim target_y: 417.925812 | sheet->container_y: 417 | first_child_y: 437
DEBUG: DRAWING LABEL 'Your Library' AT x=145, y=123 COLOR=00E6E1E5
DEBUG: DRAWING LABEL 'Playing from iPhone' AT x=145, y=141 COLOR=00E6E1E5
DEBUG: DRAWING LABEL 'Blinding Lights' AT x=650, y=331 COLOR=00E6E1E5
DEBUG: DRAWING LABEL 'The Weeknd' AT x=650, y=363 COLOR=00E6E1E5
DEBUG: DRAWING LABEL '1:23' AT x=145, y=556 COLOR=00E6E1E5
DEBUG: DRAWING LABEL '3:45' AT x=1081, y=556 COLOR=00E6E1E5
DEBUG: DRAWING LABEL '  ' AT x=360, y=-60 COLOR=00E6E1E5
DEBUG: DRAWING LABEL '12:45 PM' AT x=50, y=30 COLOR=00E6E1E5
DEBUG: DRAWING LABEL 'San Francisco, 68°F' AT x=150, y=30 COLOR=00E6E1E5
SHEET ANIM CB CALLED: 414.115021
Anim target_y: 414.115021 | sheet->container_y: 414 | first_child_y: 434
DEBUG: DRAWING LABEL 'Your Library' AT x=145, y=123 COLOR=00E6E1E5
DEBUG: DRAWING LABEL 'Playing from iPhone' AT x=145, y=141 COLOR=00E6E1E5
DEBUG: DRAWING LABEL 'Blinding Lights' AT x=650, y=331 COLOR=00E6E1E5
DEBUG: DRAWING LABEL 'The Weeknd' AT x=650, y=363 COLOR=00E6E1E5
DEBUG: DRAWING LABEL '1:23' AT x=145, y=556 COLOR=00E6E1E5
DEBUG: DRAWING LABEL '3:45' AT x=1081, y=556 COLOR=00E6E1E5
DEBUG: DRAWING LABEL '  ' AT x=360, y=-60 COLOR=00E6E1E5
DEBUG: DRAWING LABEL '12:45 PM' AT x=50, y=30 COLOR=00E6E1E5
DEBUG: DRAWING LABEL 'San Francisco, 68°F' AT x=150, y=30 COLOR=00E6E1E5
SHEET ANIM CB CALLED: 410.713837
Anim target_y: 410.713837 | sheet->container_y: 410 | first_child_y: 430
DEBUG: DRAWING LABEL 'Your Library' AT x=145, y=123 COLOR=00E6E1E5
DEBUG: DRAWING LABEL 'Playing from iPhone' AT x=145, y=141 COLOR=00E6E1E5
DEBUG: DRAWING LABEL 'Blinding Lights' AT x=650, y=331 COLOR=00E6E1E5
DEBUG: DRAWING LABEL 'The Weeknd' AT x=650, y=363 COLOR=00E6E1E5
DEBUG: DRAWING LABEL '1:23' AT x=145, y=556 COLOR=00E6E1E5
DEBUG: DRAWING LABEL '3:45' AT x=1081, y=556 COLOR=00E6E1E5
DEBUG: DRAWING LABEL '  ' AT x=360, y=-60 COLOR=00E6E1E5
DEBUG: DRAWING LABEL '12:45 PM' AT x=50, y=30 COLOR=00E6E1E5
DEBUG: DRAWING LABEL 'San Francisco, 68°F' AT x=150, y=30 COLOR=00E6E1E5
SHEET ANIM CB CALLED: 408.049469
Anim target_y: 408.049469 | sheet->container_y: 408 | first_child_y: 428
DEBUG: DRAWING LABEL 'Your Library' AT x=145, y=123 COLOR=00E6E1E5
DEBUG: DRAWING LABEL 'Playing from iPhone' AT x=145, y=141 COLOR=00E6E1E5
DEBUG: DRAWING LABEL 'Blinding Lights' AT x=650, y=331 COLOR=00E6E1E5
DEBUG: DRAWING LABEL 'The Weeknd' AT x=650, y=363 COLOR=00E6E1E5
DEBUG: DRAWING LABEL '1:23' AT x=145, y=556 COLOR=00E6E1E5
DEBUG: DRAWING LABEL '3:45' AT x=1081, y=556 COLOR=00E6E1E5
DEBUG: DRAWING LABEL '  ' AT x=360, y=-60 COLOR=00E6E1E5
DEBUG: DRAWING LABEL '12:45 PM' AT x=50, y=30 COLOR=00E6E1E5
DEBUG: DRAWING LABEL 'San Francisco, 68°F' AT x=150, y=30 COLOR=00E6E1E5
SHEET ANIM CB CALLED: 405.640930
Anim target_y: 405.640930 | sheet->container_y: 405 | first_child_y: 425
DEBUG: DRAWING LABEL 'Your Library' AT x=145, y=123 COLOR=00E6E1E5
DEBUG: DRAWING LABEL 'Playing from iPhone' AT x=145, y=141 COLOR=00E6E1E5
DEBUG: DRAWING LABEL 'Blinding Lights' AT x=650, y=331 COLOR=00E6E1E5
DEBUG: DRAWING LABEL 'The Weeknd' AT x=650, y=363 COLOR=00E6E1E5
DEBUG: DRAWING LABEL '1:23' AT x=145, y=556 COLOR=00E6E1E5
DEBUG: DRAWING LABEL '3:45' AT x=1081, y=556 COLOR=00E6E1E5
DEBUG: DRAWING LABEL '  ' AT x=360, y=-60 COLOR=00E6E1E5
DEBUG: DRAWING LABEL '12:45 PM' AT x=50, y=30 COLOR=00E6E1E5
DEBUG: DRAWING LABEL 'San Francisco, 68°F' AT x=150, y=30 COLOR=00E6E1E5
[2026-04-08 20:26:59] [34mINFO[0m [/home/yassineaa/AromaUI/src/widgets/aroma_button.c:315] aroma_button_handle_mouse_event: Button clicked: Devices
DEBUG: SHOWING SHEET. child count = 1
DEBUG: CONTAINER child count = 5, is_hidden=0
SHEET ANIM CB CALLED: 405.640930
Anim target_y: 405.640930 | sheet->container_y: 405 | first_child_y: 425
DEBUG: DRAWING LABEL 'Your Library' AT x=145, y=123 COLOR=00E6E1E5
DEBUG: DRAWING LABEL 'Playing from iPhone' AT x=145, y=141 COLOR=00E6E1E5
DEBUG: DRAWING LABEL 'Blinding Lights' AT x=650, y=331 COLOR=00E6E1E5
DEBUG: DRAWING LABEL 'The Weeknd' AT x=650, y=363 COLOR=00E6E1E5
DEBUG: DRAWING LABEL '1:23' AT x=145, y=556 COLOR=00E6E1E5
DEBUG: DRAWING LABEL '3:45' AT x=1081, y=556 COLOR=00E6E1E5
DEBUG: DRAWING LABEL '  ' AT x=360, y=-60 COLOR=00E6E1E5
DEBUG: DRAWING LABEL '12:45 PM' AT x=50, y=30 COLOR=00E6E1E5
DEBUG: DRAWING LABEL 'San Francisco, 68°F' AT x=150, y=30 COLOR=00E6E1E5
SHEET ANIM CB CALLED: 404.586273
Anim target_y: 404.586273 | sheet->container_y: 404 | first_child_y: 424
DEBUG: DRAWING LABEL 'Your Library' AT x=145, y=123 COLOR=00E6E1E5
DEBUG: DRAWING LABEL 'Playing from iPhone' AT x=145, y=141 COLOR=00E6E1E5
DEBUG: DRAWING LABEL 'Blinding Lights' AT x=650, y=331 COLOR=00E6E1E5
DEBUG: DRAWING LABEL 'The Weeknd' AT x=650, y=363 COLOR=00E6E1E5
DEBUG: DRAWING LABEL '1:23' AT x=145, y=556 COLOR=00E6E1E5
DEBUG: DRAWING LABEL '3:45' AT x=1081, y=556 COLOR=00E6E1E5
DEBUG: DRAWING LABEL '  ' AT x=360, y=-60 COLOR=00E6E1E5
DEBUG: DRAWING LABEL '12:45 PM' AT x=50, y=30 COLOR=00E6E1E5
DEBUG: DRAWING LABEL 'San Francisco, 68°F' AT x=150, y=30 COLOR=00E6E1E5
SHEET ANIM CB CALLED: 403.757416
Anim target_y: 403.757416 | sheet->container_y: 403 | first_child_y: 423
DEBUG: DRAWING LABEL 'Your Library' AT x=145, y=123 COLOR=00E6E1E5
DEBUG: DRAWING LABEL 'Playing from iPhone' AT x=145, y=141 COLOR=00E6E1E5
DEBUG: DRAWING LABEL 'Blinding Lights' AT x=650, y=331 COLOR=00E6E1E5
DEBUG: DRAWING LABEL 'The Weeknd' AT x=650, y=363 COLOR=00E6E1E5
DEBUG: DRAWING LABEL '1:23' AT x=145, y=556 COLOR=00E6E1E5
DEBUG: DRAWING LABEL '3:45' AT x=1081, y=556 COLOR=00E6E1E5
DEBUG: DRAWING LABEL '  ' AT x=360, y=-60 COLOR=00E6E1E5
DEBUG: DRAWING LABEL '12:45 PM' AT x=50, y=30 COLOR=00E6E1E5
DEBUG: DRAWING LABEL 'San Francisco, 68°F' AT x=150, y=30 COLOR=00E6E1E5
SHEET ANIM CB CALLED: 402.960968
Anim target_y: 402.960968 | sheet->container_y: 402 | first_child_y: 422
DEBUG: DRAWING LABEL 'Your Library' AT x=145, y=123 COLOR=00E6E1E5
DEBUG: DRAWING LABEL 'Playing from iPhone' AT x=145, y=141 COLOR=00E6E1E5
DEBUG: DRAWING LABEL 'Blinding Lights' AT x=650, y=331 COLOR=00E6E1E5
DEBUG: DRAWING LABEL 'The Weeknd' AT x=650, y=363 COLOR=00E6E1E5
DEBUG: DRAWING LABEL '1:23' AT x=145, y=556 COLOR=00E6E1E5
DEBUG: DRAWING LABEL '3:45' AT x=1081, y=556 COLOR=00E6E1E5
DEBUG: DRAWING LABEL '  ' AT x=360, y=-60 COLOR=00E6E1E5
DEBUG: DRAWING LABEL '12:45 PM' AT x=50, y=30 COLOR=00E6E1E5
DEBUG: DRAWING LABEL 'San Francisco, 68°F' AT x=150, y=30 COLOR=00E6E1E5
SHEET ANIM CB CALLED: 402.348175
Anim target_y: 402.348175 | sheet->container_y: 402 | first_child_y: 422
DEBUG: DRAWING LABEL 'Your Library' AT x=145, y=123 COLOR=00E6E1E5
DEBUG: DRAWING LABEL 'Playing from iPhone' AT x=145, y=141 COLOR=00E6E1E5
DEBUG: DRAWING LABEL 'Blinding Lights' AT x=650, y=331 COLOR=00E6E1E5
DEBUG: DRAWING LABEL 'The Weeknd' AT x=650, y=363 COLOR=00E6E1E5
DEBUG: DRAWING LABEL '1:23' AT x=145, y=556 COLOR=00E6E1E5
DEBUG: DRAWING LABEL '3:45' AT x=1081, y=556 COLOR=00E6E1E5
DEBUG: DRAWING LABEL '  ' AT x=360, y=-60 COLOR=00E6E1E5
DEBUG: DRAWING LABEL '12:45 PM' AT x=50, y=30 COLOR=00E6E1E5
DEBUG: DRAWING LABEL 'San Francisco, 68°F' AT x=150, y=30 COLOR=00E6E1E5
SHEET ANIM CB CALLED: 401.826355
Anim target_y: 401.826355 | sheet->container_y: 401 | first_child_y: 421
DEBUG: DRAWING LABEL 'Your Library' AT x=145, y=123 COLOR=00E6E1E5
DEBUG: DRAWING LABEL 'Playing from iPhone' AT x=145, y=141 COLOR=00E6E1E5
DEBUG: DRAWING LABEL 'Blinding Lights' AT x=650, y=331 COLOR=00E6E1E5
DEBUG: DRAWING LABEL 'The Weeknd' AT x=650, y=363 COLOR=00E6E1E5
DEBUG: DRAWING LABEL '1:23' AT x=145, y=556 COLOR=00E6E1E5
DEBUG: DRAWING LABEL '3:45' AT x=1081, y=556 COLOR=00E6E1E5
DEBUG: DRAWING LABEL '  ' AT x=360, y=-60 COLOR=00E6E1E5
DEBUG: DRAWING LABEL '12:45 PM' AT x=50, y=30 COLOR=00E6E1E5
DEBUG: DRAWING LABEL 'San Francisco, 68°F' AT x=150, y=30 COLOR=00E6E1E5
SHEET ANIM CB CALLED: 401.388214
Anim target_y: 401.388214 | sheet->container_y: 401 | first_child_y: 421
DEBUG: DRAWING LABEL 'Your Library' AT x=145, y=123 COLOR=00E6E1E5
DEBUG: DRAWING LABEL 'Playing from iPhone' AT x=145, y=141 COLOR=00E6E1E5
DEBUG: DRAWING LABEL 'Blinding Lights' AT x=650, y=331 COLOR=00E6E1E5
DEBUG: DRAWING LABEL 'The Weeknd' AT x=650, y=363 COLOR=00E6E1E5
DEBUG: DRAWING LABEL '1:23' AT x=145, y=556 COLOR=00E6E1E5
DEBUG: DRAWING LABEL '3:45' AT x=1081, y=556 COLOR=00E6E1E5
DEBUG: DRAWING LABEL '  ' AT x=360, y=-60 COLOR=00E6E1E5
DEBUG: DRAWING LABEL '12:45 PM' AT x=50, y=30 COLOR=00E6E1E5
DEBUG: DRAWING LABEL 'San Francisco, 68°F' AT x=150, y=30 COLOR=00E6E1E5
SHEET ANIM CB CALLED: 401.008423
Anim target_y: 401.008423 | sheet->container_y: 401 | first_child_y: 421
DEBUG: DRAWING LABEL 'Your Library' AT x=145, y=123 COLOR=00E6E1E5
DEBUG: DRAWING LABEL 'Playing from iPhone' AT x=145, y=141 COLOR=00E6E1E5
DEBUG: DRAWING LABEL 'Blinding Lights' AT x=650, y=331 COLOR=00E6E1E5
DEBUG: DRAWING LABEL 'The Weeknd' AT x=650, y=363 COLOR=00E6E1E5
DEBUG: DRAWING LABEL '1:23' AT x=145, y=556 COLOR=00E6E1E5
DEBUG: DRAWING LABEL '3:45' AT x=1081, y=556 COLOR=00E6E1E5
DEBUG: DRAWING LABEL '  ' AT x=360, y=-60 COLOR=00E6E1E5
DEBUG: DRAWING LABEL '12:45 PM' AT x=50, y=30 COLOR=00E6E1E5
DEBUG: DRAWING LABEL 'San Francisco, 68°F' AT x=150, y=30 COLOR=00E6E1E5
SHEET ANIM CB CALLED: 400.719299
Anim target_y: 400.719299 | sheet->container_y: 400 | first_child_y: 420
DEBUG: DRAWING LABEL 'Your Library' AT x=145, y=123 COLOR=00E6E1E5
DEBUG: DRAWING LABEL 'Playing from iPhone' AT x=145, y=141 COLOR=00E6E1E5
DEBUG: DRAWING LABEL 'Blinding Lights' AT x=650, y=331 COLOR=00E6E1E5
DEBUG: DRAWING LABEL 'The Weeknd' AT x=650, y=363 COLOR=00E6E1E5
DEBUG: DRAWING LABEL '1:23' AT x=145, y=556 COLOR=00E6E1E5
DEBUG: DRAWING LABEL '3:45' AT x=1081, y=556 COLOR=00E6E1E5
DEBUG: DRAWING LABEL '  ' AT x=360, y=-60 COLOR=00E6E1E5
DEBUG: DRAWING LABEL '12:45 PM' AT x=50, y=30 COLOR=00E6E1E5
DEBUG: DRAWING LABEL 'San Francisco, 68°F' AT x=150, y=30 COLOR=00E6E1E5
SHEET ANIM CB CALLED: 400.480530
Anim target_y: 400.480530 | sheet->container_y: 400 | first_child_y: 420
DEBUG: DRAWING LABEL 'Your Library' AT x=145, y=123 COLOR=00E6E1E5
DEBUG: DRAWING LABEL 'Playing from iPhone' AT x=145, y=141 COLOR=00E6E1E5
DEBUG: DRAWING LABEL 'Blinding Lights' AT x=650, y=331 COLOR=00E6E1E5
DEBUG: DRAWING LABEL 'The Weeknd' AT x=650, y=363 COLOR=00E6E1E5
DEBUG: DRAWING LABEL '1:23' AT x=145, y=556 COLOR=00E6E1E5
DEBUG: DRAWING LABEL '3:45' AT x=1081, y=556 COLOR=00E6E1E5
DEBUG: DRAWING LABEL '  ' AT x=360, y=-60 COLOR=00E6E1E5
DEBUG: DRAWING LABEL '12:45 PM' AT x=50, y=30 COLOR=00E6E1E5
DEBUG: DRAWING LABEL 'San Francisco, 68°F' AT x=150, y=30 COLOR=00E6E1E5
SHEET ANIM CB CALLED: 400.293518
Anim target_y: 400.293518 | sheet->container_y: 400 | first_child_y: 420
DEBUG: DRAWING LABEL 'Your Library' AT x=145, y=123 COLOR=00E6E1E5
DEBUG: DRAWING LABEL 'Playing from iPhone' AT x=145, y=141 COLOR=00E6E1E5
DEBUG: DRAWING LABEL 'Blinding Lights' AT x=650, y=331 COLOR=00E6E1E5
DEBUG: DRAWING LABEL 'The Weeknd' AT x=650, y=363 COLOR=00E6E1E5
DEBUG: DRAWING LABEL '1:23' AT x=145, y=556 COLOR=00E6E1E5
DEBUG: DRAWING LABEL '3:45' AT x=1081, y=556 COLOR=00E6E1E5
DEBUG: DRAWING LABEL '  ' AT x=360, y=-60 COLOR=00E6E1E5
DEBUG: DRAWING LABEL '12:45 PM' AT x=50, y=30 COLOR=00E6E1E5
DEBUG: DRAWING LABEL 'San Francisco, 68°F' AT x=150, y=30 COLOR=00E6E1E5
SHEET ANIM CB CALLED: 400.173523
Anim target_y: 400.173523 | sheet->container_y: 400 | first_child_y: 420
DEBUG: DRAWING LABEL 'Your Library' AT x=145, y=123 COLOR=00E6E1E5
DEBUG: DRAWING LABEL 'Playing from iPhone' AT x=145, y=141 COLOR=00E6E1E5
DEBUG: DRAWING LABEL 'Blinding Lights' AT x=650, y=331 COLOR=00E6E1E5
DEBUG: DRAWING LABEL 'The Weeknd' AT x=650, y=363 COLOR=00E6E1E5
DEBUG: DRAWING LABEL '1:23' AT x=145, y=556 COLOR=00E6E1E5
DEBUG: DRAWING LABEL '3:45' AT x=1081, y=556 COLOR=00E6E1E5
DEBUG: DRAWING LABEL '  ' AT x=360, y=-60 COLOR=00E6E1E5
DEBUG: DRAWING LABEL '12:45 PM' AT x=50, y=30 COLOR=00E6E1E5
DEBUG: DRAWING LABEL 'San Francisco, 68°F' AT x=150, y=30 COLOR=00E6E1E5
SHEET ANIM CB CALLED: 400.088135
Anim target_y: 400.088135 | sheet->container_y: 400 | first_child_y: 420
DEBUG: DRAWING LABEL 'Your Library' AT x=145, y=123 COLOR=00E6E1E5
DEBUG: DRAWING LABEL 'Playing from iPhone' AT x=145, y=141 COLOR=00E6E1E5
DEBUG: DRAWING LABEL 'Blinding Lights' AT x=650, y=331 COLOR=00E6E1E5
DEBUG: DRAWING LABEL 'The Weeknd' AT x=650, y=363 COLOR=00E6E1E5
DEBUG: DRAWING LABEL '1:23' AT x=145, y=556 COLOR=00E6E1E5
DEBUG: DRAWING LABEL '3:45' AT x=1081, y=556 COLOR=00E6E1E5
DEBUG: DRAWING LABEL '  ' AT x=360, y=-60 COLOR=00E6E1E5
DEBUG: DRAWING LABEL '12:45 PM' AT x=50, y=30 COLOR=00E6E1E5
DEBUG: DRAWING LABEL 'San Francisco, 68°F' AT x=150, y=30 COLOR=00E6E1E5
SHEET ANIM CB CALLED: 400.034760
Anim target_y: 400.034760 | sheet->container_y: 400 | first_child_y: 420
DEBUG: DRAWING LABEL 'Your Library' AT x=145, y=123 COLOR=00E6E1E5
DEBUG: DRAWING LABEL 'Playing from iPhone' AT x=145, y=141 COLOR=00E6E1E5
DEBUG: DRAWING LABEL 'Blinding Lights' AT x=650, y=331 COLOR=00E6E1E5
DEBUG: DRAWING LABEL 'The Weeknd' AT x=650, y=363 COLOR=00E6E1E5
DEBUG: DRAWING LABEL '1:23' AT x=145, y=556 COLOR=00E6E1E5
DEBUG: DRAWING LABEL '3:45' AT x=1081, y=556 COLOR=00E6E1E5
DEBUG: DRAWING LABEL '  ' AT x=360, y=-60 COLOR=00E6E1E5
DEBUG: DRAWING LABEL '12:45 PM' AT x=50, y=30 COLOR=00E6E1E5
DEBUG: DRAWING LABEL 'San Francisco, 68°F' AT x=150, y=30 COLOR=00E6E1E5
SHEET ANIM CB CALLED: 400.009735
Anim target_y: 400.009735 | sheet->container_y: 400 | first_child_y: 420
DEBUG: DRAWING LABEL 'Your Library' AT x=145, y=123 COLOR=00E6E1E5
DEBUG: DRAWING LABEL 'Playing from iPhone' AT x=145, y=141 COLOR=00E6E1E5
DEBUG: DRAWING LABEL 'Blinding Lights' AT x=650, y=331 COLOR=00E6E1E5
DEBUG: DRAWING LABEL 'The Weeknd' AT x=650, y=363 COLOR=00E6E1E5
DEBUG: DRAWING LABEL '1:23' AT x=145, y=556 COLOR=00E6E1E5
DEBUG: DRAWING LABEL '3:45' AT x=1081, y=556 COLOR=00E6E1E5
DEBUG: DRAWING LABEL '  ' AT x=360, y=-60 COLOR=00E6E1E5
DEBUG: DRAWING LABEL '12:45 PM' AT x=50, y=30 COLOR=00E6E1E5
DEBUG: DRAWING LABEL 'San Francisco, 68°F' AT x=150, y=30 COLOR=00E6E1E5
SHEET ANIM CB CALLED: 400.000702
Anim target_y: 400.000702 | sheet->container_y: 400 | first_child_y: 420
DEBUG: DRAWING LABEL 'Your Library' AT x=145, y=123 COLOR=00E6E1E5
DEBUG: DRAWING LABEL 'Playing from iPhone' AT x=145, y=141 COLOR=00E6E1E5
DEBUG: DRAWING LABEL 'Blinding Lights' AT x=650, y=331 COLOR=00E6E1E5
DEBUG: DRAWING LABEL 'The Weeknd' AT x=650, y=363 COLOR=00E6E1E5
DEBUG: DRAWING LABEL '1:23' AT x=145, y=556 COLOR=00E6E1E5
DEBUG: DRAWING LABEL '3:45' AT x=1081, y=556 COLOR=00E6E1E5
DEBUG: DRAWING LABEL '  ' AT x=360, y=-60 COLOR=00E6E1E5
DEBUG: DRAWING LABEL '12:45 PM' AT x=50, y=30 COLOR=00E6E1E5
DEBUG: DRAWING LABEL 'San Francisco, 68°F' AT x=150, y=30 COLOR=00E6E1E5
SHEET ANIM CB CALLED: 400.000000
Anim target_y: 400.000000 | sheet->container_y: 400 | first_child_y: 420
DEBUG: DRAWING LABEL 'Your Library' AT x=145, y=123 COLOR=00E6E1E5
DEBUG: DRAWING LABEL 'Playing from iPhone' AT x=145, y=141 COLOR=00E6E1E5
DEBUG: DRAWING LABEL 'Blinding Lights' AT x=650, y=331 COLOR=00E6E1E5
DEBUG: DRAWING LABEL 'The Weeknd' AT x=650, y=363 COLOR=00E6E1E5
DEBUG: DRAWING LABEL '1:23' AT x=145, y=556 COLOR=00E6E1E5
DEBUG: DRAWING LABEL '3:45' AT x=1081, y=556 COLOR=00E6E1E5
DEBUG: DRAWING LABEL '  ' AT x=360, y=-60 COLOR=00E6E1E5
DEBUG: DRAWING LABEL '12:45 PM' AT x=50, y=30 COLOR=00E6E1E5
DEBUG: DRAWING LABEL 'San Francisco, 68°F' AT x=150, y=30 COLOR=00E6E1E5
[2026-04-08 20:26:59] [34mINFO[0m [/home/yassineaa/AromaUI/src/widgets/aroma_container.c:442] scroll_event_handler: SCR_HANDLER: entered type=0 udata=0x5c36169ef5c0
[2026-04-08 20:26:59] [34mINFO[0m [/home/yassineaa/AromaUI/src/widgets/aroma_container.c:449] scroll_event_handler: SCR_HANDLER: c=0x5c36169ef470 scrollable=1 node_type=1
[2026-04-08 20:26:59] [34mINFO[0m [/home/yassineaa/AromaUI/src/widgets/aroma_container.c:442] scroll_event_handler: SCR_HANDLER: entered type=0 udata=0x5c36169ef5c0
[2026-04-08 20:26:59] [34mINFO[0m [/home/yassineaa/AromaUI/src/widgets/aroma_container.c:449] scroll_event_handler: SCR_HANDLER: c=0x5c36169ef470 scrollable=1 node_type=1
[2026-04-08 20:26:59] [34mINFO[0m [/home/yassineaa/AromaUI/src/widgets/aroma_container.c:442] scroll_event_handler: SCR_HANDLER: entered type=0 udata=0x5c36169ef5c0
[2026-04-08 20:26:59] [34mINFO[0m [/home/yassineaa/AromaUI/src/widgets/aroma_container.c:449] scroll_event_handler: SCR_HANDLER: c=0x5c36169ef470 scrollable=1 node_type=1
[2026-04-08 20:26:59] [34mINFO[0m [/home/yassineaa/AromaUI/src/widgets/aroma_container.c:442] scroll_event_handler: SCR_HANDLER: entered type=0 udata=0x5c36169ef5c0
[2026-04-08 20:26:59] [34mINFO[0m [/home/yassineaa/AromaUI/src/widgets/aroma_container.c:449] scroll_event_handler: SCR_HANDLER: c=0x5c36169ef470 scrollable=1 node_type=1
[2026-04-08 20:26:59] [34mINFO[0m [/home/yassineaa/AromaUI/src/widgets/aroma_container.c:442] scroll_event_handler: SCR_HANDLER: entered type=0 udata=0x5c36169ef5c0
[2026-04-08 20:26:59] [34mINFO[0m [/home/yassineaa/AromaUI/src/widgets/aroma_container.c:449] scroll_event_handler: SCR_HANDLER: c=0x5c36169ef470 scrollable=1 node_type=1
[2026-04-08 20:26:59] [34mINFO[0m [/home/yassineaa/AromaUI/src/widgets/aroma_container.c:442] scroll_event_handler: SCR_HANDLER: entered type=0 udata=0x5c36169ef5c0
[2026-04-08 20:26:59] [34mINFO[0m [/home/yassineaa/AromaUI/src/widgets/aroma_container.c:449] scroll_event_handler: SCR_HANDLER: c=0x5c36169ef470 scrollable=1 node_type=1
[2026-04-08 20:26:59] [34mINFO[0m [/home/yassineaa/AromaUI/src/widgets/aroma_container.c:442] scroll_event_handler: SCR_HANDLER: entered type=0 udata=0x5c36169ef5c0
[2026-04-08 20:26:59] [34mINFO[0m [/home/yassineaa/AromaUI/src/widgets/aroma_container.c:449] scroll_event_handler: SCR_HANDLER: c=0x5c36169ef470 scrollable=1 node_type=1
[2026-04-08 20:26:59] [34mINFO[0m [/home/yassineaa/AromaUI/src/widgets/aroma_container.c:442] scroll_event_handler: SCR_HANDLER: entered type=0 udata=0x5c36169ef5c0
[2026-04-08 20:26:59] [34mINFO[0m [/home/yassineaa/AromaUI/src/widgets/aroma_container.c:449] scroll_event_handler: SCR_HANDLER: c=0x5c36169ef470 scrollable=1 node_type=1
[2026-04-08 20:26:59] [34mINFO[0m [/home/yassineaa/AromaUI/src/widgets/aroma_container.c:442] scroll_event_handler: SCR_HANDLER: entered type=0 udata=0x5c36169ef5c0
[2026-04-08 20:26:59] [34mINFO[0m [/home/yassineaa/AromaUI/src/widgets/aroma_container.c:449] scroll_event_handler: SCR_HANDLER: c=0x5c36169ef470 scrollable=1 node_type=1
[2026-04-08 20:26:59] [34mINFO[0m [/home/yassineaa/AromaUI/src/widgets/aroma_container.c:442] scroll_event_handler: SCR_HANDLER: entered type=0 udata=0x5c36169ef5c0
[2026-04-08 20:26:59] [34mINFO[0m [/home/yassineaa/AromaUI/src/widgets/aroma_container.c:449] scroll_event_handler: SCR_HANDLER: c=0x5c36169ef470 scrollable=1 node_type=1
[2026-04-08 20:26:59] [34mINFO[0m [/home/yassineaa/AromaUI/src/widgets/aroma_container.c:442] scroll_event_handler: SCR_HANDLER: entered type=0 udata=0x5c36169ef5c0
[2026-04-08 20:26:59] [34mINFO[0m [/home/yassineaa/AromaUI/src/widgets/aroma_container.c:449] scroll_event_handler: SCR_HANDLER: c=0x5c36169ef470 scrollable=1 node_type=1
[2026-04-08 20:26:59] [34mINFO[0m [/home/yassineaa/AromaUI/src/widgets/aroma_container.c:442] scroll_event_handler: SCR_HANDLER: entered type=0 udata=0x5c36169ef5c0
[2026-04-08 20:26:59] [34mINFO[0m [/home/yassineaa/AromaUI/src/widgets/aroma_container.c:449] scroll_event_handler: SCR_HANDLER: c=0x5c36169ef470 scrollable=1 node_type=1
[2026-04-08 20:26:59] [34mINFO[0m [/home/yassineaa/AromaUI/src/widgets/aroma_container.c:442] scroll_event_handler: SCR_HANDLER: entered type=0 udata=0x5c36169ef5c0
[2026-04-08 20:26:59] [34mINFO[0m [/home/yassineaa/AromaUI/src/widgets/aroma_container.c:449] scroll_event_handler: SCR_HANDLER: c=0x5c36169ef470 scrollable=1 node_type=1
[2026-04-08 20:26:59] [34mINFO[0m [/home/yassineaa/AromaUI/src/widgets/aroma_container.c:442] scroll_event_handler: SCR_HANDLER: entered type=0 udata=0x5c36169ef5c0
[2026-04-08 20:26:59] [34mINFO[0m [/home/yassineaa/AromaUI/src/widgets/aroma_container.c:449] scroll_event_handler: SCR_HANDLER: c=0x5c36169ef470 scrollable=1 node_type=1
[2026-04-08 20:26:59] [34mINFO[0m [/home/yassineaa/AromaUI/src/widgets/aroma_container.c:442] scroll_event_handler: SCR_HANDLER: entered type=0 udata=0x5c36169ef5c0
[2026-04-08 20:26:59] [34mINFO[0m [/home/yassineaa/AromaUI/src/widgets/aroma_container.c:449] scroll_event_handler: SCR_HANDLER: c=0x5c36169ef470 scrollable=1 node_type=1
[2026-04-08 20:26:59] [34mINFO[0m [/home/yassineaa/AromaUI/src/widgets/aroma_container.c:442] scroll_event_handler: SCR_HANDLER: entered type=0 udata=0x5c36169ef5c0
[2026-04-08 20:26:59] [34mINFO[0m [/home/yassineaa/AromaUI/src/widgets/aroma_container.c:449] scroll_event_handler: SCR_HANDLER: c=0x5c36169ef470 scrollable=1 node_type=1
[2026-04-08 20:26:59] [34mINFO[0m [/home/yassineaa/AromaUI/src/widgets/aroma_container.c:442] scroll_event_handler: SCR_HANDLER: entered type=0 udata=0x5c36169ef5c0
[2026-04-08 20:26:59] [34mINFO[0m [/home/yassineaa/AromaUI/src/widgets/aroma_container.c:449] scroll_event_handler: SCR_HANDLER: c=0x5c36169ef470 scrollable=1 node_type=1
[2026-04-08 20:26:59] [34mINFO[0m [/home/yassineaa/AromaUI/src/widgets/aroma_container.c:442] scroll_event_handler: SCR_HANDLER: entered type=0 udata=0x5c36169ef5c0
[2026-04-08 20:26:59] [34mINFO[0m [/home/yassineaa/AromaUI/src/widgets/aroma_container.c:449] scroll_event_handler: SCR_HANDLER: c=0x5c36169ef470 scrollable=1 node_type=1
SHEET ANIM CB CALLED: 408.000000
Anim target_y: 408.000000 | sheet->container_y: 408 | first_child_y: 428
[2026-04-08 20:27:00] [34mINFO[0m [/home/yassineaa/AromaUI/src/core/aroma_ui_impl.c:249] aroma_ui_render_impl: Rendering window ID 0
DEBUG: DRAWING LABEL 'Your Library' AT x=145, y=123 COLOR=00E6E1E5
DEBUG: DRAWING LABEL 'Playing from iPhone' AT x=145, y=141 COLOR=00E6E1E5
DEBUG: DRAWING LABEL 'Blinding Lights' AT x=650, y=331 COLOR=00E6E1E5
DEBUG: DRAWING LABEL 'The Weeknd' AT x=650, y=363 COLOR=00E6E1E5
DEBUG: DRAWING LABEL '1:23' AT x=145, y=556 COLOR=00E6E1E5
DEBUG: DRAWING LABEL '3:45' AT x=1081, y=556 COLOR=00E6E1E5
DEBUG: DRAWING LABEL '  ' AT x=360, y=-60 COLOR=00E6E1E5
DEBUG: DRAWING LABEL '12:45 PM' AT x=50, y=30 COLOR=00E6E1E5
DEBUG: DRAWING LABEL 'San Francisco, 68°F' AT x=150, y=30 COLOR=00E6E1E5
SHEET ANIM CB CALLED: 419.000000
Anim target_y: 419.000000 | sheet->container_y: 419 | first_child_y: 439
SHEET ANIM CB CALLED: 433.000000
Anim target_y: 433.000000 | sheet->container_y: 433 | first_child_y: 453
SHEET ANIM CB CALLED: 449.000000
Anim target_y: 449.000000 | sheet->container_y: 449 | first_child_y: 469
[2026-04-08 20:27:00] [34mINFO[0m [/home/yassineaa/AromaUI/src/core/aroma_ui_impl.c:249] aroma_ui_render_impl: Rendering window ID 0
DEBUG: DRAWING LABEL 'Your Library' AT x=145, y=123 COLOR=00E6E1E5
DEBUG: DRAWING LABEL 'Playing from iPhone' AT x=145, y=141 COLOR=00E6E1E5
DEBUG: DRAWING LABEL 'Blinding Lights' AT x=650, y=331 COLOR=00E6E1E5
DEBUG: DRAWING LABEL 'The Weeknd' AT x=650, y=363 COLOR=00E6E1E5
DEBUG: DRAWING LABEL '1:23' AT x=145, y=556 COLOR=00E6E1E5
DEBUG: DRAWING LABEL '3:45' AT x=1081, y=556 COLOR=00E6E1E5
DEBUG: DRAWING LABEL '  ' AT x=360, y=-60 COLOR=00E6E1E5
DEBUG: DRAWING LABEL '12:45 PM' AT x=50, y=30 COLOR=00E6E1E5
DEBUG: DRAWING LABEL 'San Francisco, 68°F' AT x=150, y=30 COLOR=00E6E1E5
SHEET ANIM CB CALLED: 467.000000
Anim target_y: 467.000000 | sheet->container_y: 467 | first_child_y: 487
SHEET ANIM CB CALLED: 486.000000
Anim target_y: 486.000000 | sheet->container_y: 486 | first_child_y: 506
SHEET ANIM CB CALLED: 504.000000
Anim target_y: 504.000000 | sheet->container_y: 504 | first_child_y: 524
[2026-04-08 20:27:00] [34mINFO[0m [/home/yassineaa/AromaUI/src/core/aroma_ui_impl.c:249] aroma_ui_render_impl: Rendering window ID 0
DEBUG: DRAWING LABEL 'Your Library' AT x=145, y=123 COLOR=00E6E1E5
DEBUG: DRAWING LABEL 'Playing from iPhone' AT x=145, y=141 COLOR=00E6E1E5
DEBUG: DRAWING LABEL 'Blinding Lights' AT x=650, y=331 COLOR=00E6E1E5
DEBUG: DRAWING LABEL 'The Weeknd' AT x=650, y=363 COLOR=00E6E1E5
DEBUG: DRAWING LABEL '1:23' AT x=145, y=556 COLOR=00E6E1E5
DEBUG: DRAWING LABEL '3:45' AT x=1081, y=556 COLOR=00E6E1E5
DEBUG: DRAWING LABEL '  ' AT x=360, y=-60 COLOR=00E6E1E5
DEBUG: DRAWING LABEL '12:45 PM' AT x=50, y=30 COLOR=00E6E1E5
DEBUG: DRAWING LABEL 'San Francisco, 68°F' AT x=150, y=30 COLOR=00E6E1E5
SHEET ANIM CB CALLED: 521.000000
Anim target_y: 521.000000 | sheet->container_y: 521 | first_child_y: 541
SHEET ANIM CB CALLED: 535.000000
Anim target_y: 535.000000 | sheet->container_y: 535 | first_child_y: 555
SHEET ANIM CB CALLED: 548.000000
Anim target_y: 548.000000 | sheet->container_y: 548 | first_child_y: 568
[2026-04-08 20:27:00] [34mINFO[0m [/home/yassineaa/AromaUI/src/core/aroma_ui_impl.c:249] aroma_ui_render_impl: Rendering window ID 0
DEBUG: DRAWING LABEL 'Your Library' AT x=145, y=123 COLOR=00E6E1E5
DEBUG: DRAWING LABEL 'Playing from iPhone' AT x=145, y=141 COLOR=00E6E1E5
DEBUG: DRAWING LABEL 'Blinding Lights' AT x=650, y=331 COLOR=00E6E1E5
DEBUG: DRAWING LABEL 'The Weeknd' AT x=650, y=363 COLOR=00E6E1E5
DEBUG: DRAWING LABEL '1:23' AT x=145, y=556 COLOR=00E6E1E5
DEBUG: DRAWING LABEL '3:45' AT x=1081, y=556 COLOR=00E6E1E5
DEBUG: DRAWING LABEL '  ' AT x=360, y=-60 COLOR=00E6E1E5
DEBUG: DRAWING LABEL '12:45 PM' AT x=50, y=30 COLOR=00E6E1E5
DEBUG: DRAWING LABEL 'San Francisco, 68°F' AT x=150, y=30 COLOR=00E6E1E5
SHEET ANIM CB CALLED: 558.000000
Anim target_y: 558.000000 | sheet->container_y: 558 | first_child_y: 578
SHEET ANIM CB CALLED: 567.000000
Anim target_y: 567.000000 | sheet->container_y: 567 | first_child_y: 587
SHEET ANIM CB CALLED: 575.000000
Anim target_y: 575.000000 | sheet->container_y: 575 | first_child_y: 595
[2026-04-08 20:27:00] [34mINFO[0m [/home/yassineaa/AromaUI/src/core/aroma_ui_impl.c:249] aroma_ui_render_impl: Rendering window ID 0
DEBUG: DRAWING LABEL 'Your Library' AT x=145, y=123 COLOR=00E6E1E5
DEBUG: DRAWING LABEL 'Playing from iPhone' AT x=145, y=141 COLOR=00E6E1E5
DEBUG: DRAWING LABEL 'Blinding Lights' AT x=650, y=331 COLOR=00E6E1E5
DEBUG: DRAWING LABEL 'The Weeknd' AT x=650, y=363 COLOR=00E6E1E5
DEBUG: DRAWING LABEL '1:23' AT x=145, y=556 COLOR=00E6E1E5
DEBUG: DRAWING LABEL '3:45' AT x=1081, y=556 COLOR=00E6E1E5
DEBUG: DRAWING LABEL '  ' AT x=360, y=-60 COLOR=00E6E1E5
DEBUG: DRAWING LABEL '12:45 PM' AT x=50, y=30 COLOR=00E6E1E5
DEBUG: DRAWING LABEL 'San Francisco, 68°F' AT x=150, y=30 COLOR=00E6E1E5
SHEET ANIM CB CALLED: 582.000000
Anim target_y: 582.000000 | sheet->container_y: 582 | first_child_y: 602
SHEET ANIM CB CALLED: 588.000000
Anim target_y: 588.000000 | sheet->container_y: 588 | first_child_y: 608
SHEET ANIM CB CALLED: 593.000000
Anim target_y: 593.000000 | sheet->container_y: 593 | first_child_y: 613
[2026-04-08 20:27:00] [34mINFO[0m [/home/yassineaa/AromaUI/src/core/aroma_ui_impl.c:249] aroma_ui_render_impl: Rendering window ID 0
DEBUG: DRAWING LABEL 'Your Library' AT x=145, y=123 COLOR=00E6E1E5
DEBUG: DRAWING LABEL 'Playing from iPhone' AT x=145, y=141 COLOR=00E6E1E5
DEBUG: DRAWING LABEL 'Blinding Lights' AT x=650, y=331 COLOR=00E6E1E5
DEBUG: DRAWING LABEL 'The Weeknd' AT x=650, y=363 COLOR=00E6E1E5
DEBUG: DRAWING LABEL '1:23' AT x=145, y=556 COLOR=00E6E1E5
DEBUG: DRAWING LABEL '3:45' AT x=1081, y=556 COLOR=00E6E1E5
DEBUG: DRAWING LABEL '  ' AT x=360, y=-60 COLOR=00E6E1E5
DEBUG: DRAWING LABEL '12:45 PM' AT x=50, y=30 COLOR=00E6E1E5
DEBUG: DRAWING LABEL 'San Francisco, 68°F' AT x=150, y=30 COLOR=00E6E1E5
SHEET ANIM CB CALLED: 598.000000
Anim target_y: 598.000000 | sheet->container_y: 598 | first_child_y: 618
SHEET ANIM CB CALLED: 602.000000
Anim target_y: 602.000000 | sheet->container_y: 602 | first_child_y: 622
SHEET ANIM CB CALLED: 604.000000
Anim target_y: 604.000000 | sheet->container_y: 604 | first_child_y: 624
[2026-04-08 20:27:00] [34mINFO[0m [/home/yassineaa/AromaUI/src/core/aroma_ui_impl.c:249] aroma_ui_render_impl: Rendering window ID 0
DEBUG: DRAWING LABEL 'Your Library' AT x=145, y=123 COLOR=00E6E1E5
DEBUG: DRAWING LABEL 'Playing from iPhone' AT x=145, y=141 COLOR=00E6E1E5
DEBUG: DRAWING LABEL 'Blinding Lights' AT x=650, y=331 COLOR=00E6E1E5
DEBUG: DRAWING LABEL 'The Weeknd' AT x=650, y=363 COLOR=00E6E1E5
DEBUG: DRAWING LABEL '1:23' AT x=145, y=556 COLOR=00E6E1E5
DEBUG: DRAWING LABEL '3:45' AT x=1081, y=556 COLOR=00E6E1E5
DEBUG: DRAWING LABEL '  ' AT x=360, y=-60 COLOR=00E6E1E5
DEBUG: DRAWING LABEL '12:45 PM' AT x=50, y=30 COLOR=00E6E1E5
DEBUG: DRAWING LABEL 'San Francisco, 68°F' AT x=150, y=30 COLOR=00E6E1E5
SHEET ANIM CB CALLED: 605.000000
Anim target_y: 605.000000 | sheet->container_y: 605 | first_child_y: 625
SHEET ANIM CB CALLED: 607.000000
Anim target_y: 607.000000 | sheet->container_y: 607 | first_child_y: 627
SHEET ANIM CB CALLED: 608.000000
Anim target_y: 608.000000 | sheet->container_y: 608 | first_child_y: 628
[2026-04-08 20:27:00] [34mINFO[0m [/home/yassineaa/AromaUI/src/core/aroma_ui_impl.c:249] aroma_ui_render_impl: Rendering window ID 0
DEBUG: DRAWING LABEL 'Your Library' AT x=145, y=123 COLOR=00E6E1E5
DEBUG: DRAWING LABEL 'Playing from iPhone' AT x=145, y=141 COLOR=00E6E1E5
DEBUG: DRAWING LABEL 'Blinding Lights' AT x=650, y=331 COLOR=00E6E1E5
DEBUG: DRAWING LABEL 'The Weeknd' AT x=650, y=363 COLOR=00E6E1E5
DEBUG: DRAWING LABEL '1:23' AT x=145, y=556 COLOR=00E6E1E5
DEBUG: DRAWING LABEL '3:45' AT x=1081, y=556 COLOR=00E6E1E5
DEBUG: DRAWING LABEL '  ' AT x=360, y=-60 COLOR=00E6E1E5
DEBUG: DRAWING LABEL '12:45 PM' AT x=50, y=30 COLOR=00E6E1E5
DEBUG: DRAWING LABEL 'San Francisco, 68°F' AT x=150, y=30 COLOR=00E6E1E5
SHEET ANIM CB CALLED: 610.000000
Anim target_y: 610.000000 | sheet->container_y: 610 | first_child_y: 630
SHEET ANIM CB CALLED: 612.000000
Anim target_y: 612.000000 | sheet->container_y: 612 | first_child_y: 632
SHEET ANIM CB CALLED: 614.000000
Anim target_y: 614.000000 | sheet->container_y: 614 | first_child_y: 634
[2026-04-08 20:27:00] [34mINFO[0m [/home/yassineaa/AromaUI/src/core/aroma_ui_impl.c:249] aroma_ui_render_impl: Rendering window ID 0
DEBUG: DRAWING LABEL 'Your Library' AT x=145, y=123 COLOR=00E6E1E5
DEBUG: DRAWING LABEL 'Playing from iPhone' AT x=145, y=141 COLOR=00E6E1E5
DEBUG: DRAWING LABEL 'Blinding Lights' AT x=650, y=331 COLOR=00E6E1E5
DEBUG: DRAWING LABEL 'The Weeknd' AT x=650, y=363 COLOR=00E6E1E5
DEBUG: DRAWING LABEL '1:23' AT x=145, y=556 COLOR=00E6E1E5
DEBUG: DRAWING LABEL '3:45' AT x=1081, y=556 COLOR=00E6E1E5
DEBUG: DRAWING LABEL '  ' AT x=360, y=-60 COLOR=00E6E1E5
DEBUG: DRAWING LABEL '12:45 PM' AT x=50, y=30 COLOR=00E6E1E5
DEBUG: DRAWING LABEL 'San Francisco, 68°F' AT x=150, y=30 COLOR=00E6E1E5
SHEET ANIM CB CALLED: 617.000000
Anim target_y: 617.000000 | sheet->container_y: 617 | first_child_y: 637
SHEET ANIM CB CALLED: 619.000000
Anim target_y: 619.000000 | sheet->container_y: 619 | first_child_y: 639
SHEET ANIM CB CALLED: 621.000000
Anim target_y: 621.000000 | sheet->container_y: 621 | first_child_y: 641
[2026-04-08 20:27:00] [34mINFO[0m [/home/yassineaa/AromaUI/src/core/aroma_ui_impl.c:249] aroma_ui_render_impl: Rendering window ID 0
DEBUG: DRAWING LABEL 'Your Library' AT x=145, y=123 COLOR=00E6E1E5
DEBUG: DRAWING LABEL 'Playing from iPhone' AT x=145, y=141 COLOR=00E6E1E5
DEBUG: DRAWING LABEL 'Blinding Lights' AT x=650, y=331 COLOR=00E6E1E5
DEBUG: DRAWING LABEL 'The Weeknd' AT x=650, y=363 COLOR=00E6E1E5
DEBUG: DRAWING LABEL '1:23' AT x=145, y=556 COLOR=00E6E1E5
DEBUG: DRAWING LABEL '3:45' AT x=1081, y=556 COLOR=00E6E1E5
DEBUG: DRAWING LABEL '  ' AT x=360, y=-60 COLOR=00E6E1E5
DEBUG: DRAWING LABEL '12:45 PM' AT x=50, y=30 COLOR=00E6E1E5
DEBUG: DRAWING LABEL 'San Francisco, 68°F' AT x=150, y=30 COLOR=00E6E1E5
SHEET ANIM CB CALLED: 623.000000
Anim target_y: 623.000000 | sheet->container_y: 623 | first_child_y: 643
SHEET ANIM CB CALLED: 625.000000
Anim target_y: 625.000000 | sheet->container_y: 625 | first_child_y: 645
SHEET ANIM CB CALLED: 627.000000
Anim target_y: 627.000000 | sheet->container_y: 627 | first_child_y: 647
[2026-04-08 20:27:00] [34mINFO[0m [/home/yassineaa/AromaUI/src/core/aroma_ui_impl.c:249] aroma_ui_render_impl: Rendering window ID 0
DEBUG: DRAWING LABEL 'Your Library' AT x=145, y=123 COLOR=00E6E1E5
DEBUG: DRAWING LABEL 'Playing from iPhone' AT x=145, y=141 COLOR=00E6E1E5
DEBUG: DRAWING LABEL 'Blinding Lights' AT x=650, y=331 COLOR=00E6E1E5
DEBUG: DRAWING LABEL 'The Weeknd' AT x=650, y=363 COLOR=00E6E1E5
DEBUG: DRAWING LABEL '1:23' AT x=145, y=556 COLOR=00E6E1E5
DEBUG: DRAWING LABEL '3:45' AT x=1081, y=556 COLOR=00E6E1E5
DEBUG: DRAWING LABEL '  ' AT x=360, y=-60 COLOR=00E6E1E5
DEBUG: DRAWING LABEL '12:45 PM' AT x=50, y=30 COLOR=00E6E1E5
DEBUG: DRAWING LABEL 'San Francisco, 68°F' AT x=150, y=30 COLOR=00E6E1E5
SHEET ANIM CB CALLED: 630.000000
Anim target_y: 630.000000 | sheet->container_y: 630 | first_child_y: 650
SHEET ANIM CB CALLED: 632.000000
Anim target_y: 632.000000 | sheet->container_y: 632 | first_child_y: 652
[2026-04-08 20:27:00] [34mINFO[0m [/home/yassineaa/AromaUI/src/core/aroma_ui_impl.c:249] aroma_ui_render_impl: Rendering window ID 0
DEBUG: DRAWING LABEL 'Your Library' AT x=145, y=123 COLOR=00E6E1E5
DEBUG: DRAWING LABEL 'Playing from iPhone' AT x=145, y=141 COLOR=00E6E1E5
DEBUG: DRAWING LABEL 'Blinding Lights' AT x=650, y=331 COLOR=00E6E1E5
DEBUG: DRAWING LABEL 'The Weeknd' AT x=650, y=363 COLOR=00E6E1E5
DEBUG: DRAWING LABEL '1:23' AT x=145, y=556 COLOR=00E6E1E5
DEBUG: DRAWING LABEL '3:45' AT x=1081, y=556 COLOR=00E6E1E5
DEBUG: DRAWING LABEL '  ' AT x=360, y=-60 COLOR=00E6E1E5
DEBUG: DRAWING LABEL '12:45 PM' AT x=50, y=30 COLOR=00E6E1E5
DEBUG: DRAWING LABEL 'San Francisco, 68°F' AT x=150, y=30 COLOR=00E6E1E5
SHEET ANIM CB CALLED: 634.000000
Anim target_y: 634.000000 | sheet->container_y: 634 | first_child_y: 654
SHEET ANIM CB CALLED: 635.000000
Anim target_y: 635.000000 | sheet->container_y: 635 | first_child_y: 655
SHEET ANIM CB CALLED: 637.000000
Anim target_y: 637.000000 | sheet->container_y: 637 | first_child_y: 657
[2026-04-08 20:27:00] [34mINFO[0m [/home/yassineaa/AromaUI/src/core/aroma_ui_impl.c:249] aroma_ui_render_impl: Rendering window ID 0
DEBUG: DRAWING LABEL 'Your Library' AT x=145, y=123 COLOR=00E6E1E5
DEBUG: DRAWING LABEL 'Playing from iPhone' AT x=145, y=141 COLOR=00E6E1E5
DEBUG: DRAWING LABEL 'Blinding Lights' AT x=650, y=331 COLOR=00E6E1E5
DEBUG: DRAWING LABEL 'The Weeknd' AT x=650, y=363 COLOR=00E6E1E5
DEBUG: DRAWING LABEL '1:23' AT x=145, y=556 COLOR=00E6E1E5
DEBUG: DRAWING LABEL '3:45' AT x=1081, y=556 COLOR=00E6E1E5
DEBUG: DRAWING LABEL '  ' AT x=360, y=-60 COLOR=00E6E1E5
DEBUG: DRAWING LABEL '12:45 PM' AT x=50, y=30 COLOR=00E6E1E5
DEBUG: DRAWING LABEL 'San Francisco, 68°F' AT x=150, y=30 COLOR=00E6E1E5
SHEET ANIM CB CALLED: 639.000000
Anim target_y: 639.000000 | sheet->container_y: 639 | first_child_y: 659
SHEET ANIM CB CALLED: 641.000000
Anim target_y: 641.000000 | sheet->container_y: 641 | first_child_y: 661
SHEET ANIM CB CALLED: 642.000000
Anim target_y: 642.000000 | sheet->container_y: 642 | first_child_y: 662
[2026-04-08 20:27:00] [34mINFO[0m [/home/yassineaa/AromaUI/src/core/aroma_ui_impl.c:249] aroma_ui_render_impl: Rendering window ID 0
DEBUG: DRAWING LABEL 'Your Library' AT x=145, y=123 COLOR=00E6E1E5
DEBUG: DRAWING LABEL 'Playing from iPhone' AT x=145, y=141 COLOR=00E6E1E5
DEBUG: DRAWING LABEL 'Blinding Lights' AT x=650, y=331 COLOR=00E6E1E5
DEBUG: DRAWING LABEL 'The Weeknd' AT x=650, y=363 COLOR=00E6E1E5
DEBUG: DRAWING LABEL '1:23' AT x=145, y=556 COLOR=00E6E1E5
DEBUG: DRAWING LABEL '3:45' AT x=1081, y=556 COLOR=00E6E1E5
DEBUG: DRAWING LABEL '  ' AT x=360, y=-60 COLOR=00E6E1E5
DEBUG: DRAWING LABEL '12:45 PM' AT x=50, y=30 COLOR=00E6E1E5
DEBUG: DRAWING LABEL 'San Francisco, 68°F' AT x=150, y=30 COLOR=00E6E1E5
SHEET ANIM CB CALLED: 643.000000
Anim target_y: 643.000000 | sheet->container_y: 643 | first_child_y: 663
SHEET ANIM CB CALLED: 645.000000
Anim target_y: 645.000000 | sheet->container_y: 645 | first_child_y: 665
SHEET ANIM CB CALLED: 646.000000
Anim target_y: 646.000000 | sheet->container_y: 646 | first_child_y: 666
[2026-04-08 20:27:00] [34mINFO[0m [/home/yassineaa/AromaUI/src/core/aroma_ui_impl.c:249] aroma_ui_render_impl: Rendering window ID 0
DEBUG: DRAWING LABEL 'Your Library' AT x=145, y=123 COLOR=00E6E1E5
DEBUG: DRAWING LABEL 'Playing from iPhone' AT x=145, y=141 COLOR=00E6E1E5
DEBUG: DRAWING LABEL 'Blinding Lights' AT x=650, y=331 COLOR=00E6E1E5
DEBUG: DRAWING LABEL 'The Weeknd' AT x=650, y=363 COLOR=00E6E1E5
DEBUG: DRAWING LABEL '1:23' AT x=145, y=556 COLOR=00E6E1E5
DEBUG: DRAWING LABEL '3:45' AT x=1081, y=556 COLOR=00E6E1E5
DEBUG: DRAWING LABEL '  ' AT x=360, y=-60 COLOR=00E6E1E5
DEBUG: DRAWING LABEL '12:45 PM' AT x=50, y=30 COLOR=00E6E1E5
DEBUG: DRAWING LABEL 'San Francisco, 68°F' AT x=150, y=30 COLOR=00E6E1E5
SHEET ANIM CB CALLED: 647.000000
Anim target_y: 647.000000 | sheet->container_y: 647 | first_child_y: 667
SHEET ANIM CB CALLED: 648.000000
Anim target_y: 648.000000 | sheet->container_y: 648 | first_child_y: 668
[2026-04-08 20:27:00] [34mINFO[0m [/home/yassineaa/AromaUI/src/core/aroma_ui_impl.c:249] aroma_ui_render_impl: Rendering window ID 0
DEBUG: DRAWING LABEL 'Your Library' AT x=145, y=123 COLOR=00E6E1E5
DEBUG: DRAWING LABEL 'Playing from iPhone' AT x=145, y=141 COLOR=00E6E1E5
DEBUG: DRAWING LABEL 'Blinding Lights' AT x=650, y=331 COLOR=00E6E1E5
DEBUG: DRAWING LABEL 'The Weeknd' AT x=650, y=363 COLOR=00E6E1E5
DEBUG: DRAWING LABEL '1:23' AT x=145, y=556 COLOR=00E6E1E5
DEBUG: DRAWING LABEL '3:45' AT x=1081, y=556 COLOR=00E6E1E5
DEBUG: DRAWING LABEL '  ' AT x=360, y=-60 COLOR=00E6E1E5
DEBUG: DRAWING LABEL '12:45 PM' AT x=50, y=30 COLOR=00E6E1E5
DEBUG: DRAWING LABEL 'San Francisco, 68°F' AT x=150, y=30 COLOR=00E6E1E5
SHEET ANIM CB CALLED: 649.000000
Anim target_y: 649.000000 | sheet->container_y: 649 | first_child_y: 669
[2026-04-08 20:27:00] [34mINFO[0m [/home/yassineaa/AromaUI/src/core/aroma_ui_impl.c:249] aroma_ui_render_impl: Rendering window ID 0
DEBUG: DRAWING LABEL 'Your Library' AT x=145, y=123 COLOR=00E6E1E5
DEBUG: DRAWING LABEL 'Playing from iPhone' AT x=145, y=141 COLOR=00E6E1E5
DEBUG: DRAWING LABEL 'Blinding Lights' AT x=650, y=331 COLOR=00E6E1E5
DEBUG: DRAWING LABEL 'The Weeknd' AT x=650, y=363 COLOR=00E6E1E5
DEBUG: DRAWING LABEL '1:23' AT x=145, y=556 COLOR=00E6E1E5
DEBUG: DRAWING LABEL '3:45' AT x=1081, y=556 COLOR=00E6E1E5
DEBUG: DRAWING LABEL '  ' AT x=360, y=-60 COLOR=00E6E1E5
DEBUG: DRAWING LABEL '12:45 PM' AT x=50, y=30 COLOR=00E6E1E5
DEBUG: DRAWING LABEL 'San Francisco, 68°F' AT x=150, y=30 COLOR=00E6E1E5
SHEET ANIM CB CALLED: 646.000000
Anim target_y: 646.000000 | sheet->container_y: 646 | first_child_y: 666
[2026-04-08 20:27:00] [34mINFO[0m [/home/yassineaa/AromaUI/src/core/aroma_ui_impl.c:249] aroma_ui_render_impl: Rendering window ID 0
DEBUG: DRAWING LABEL 'Your Library' AT x=145, y=123 COLOR=00E6E1E5
DEBUG: DRAWING LABEL 'Playing from iPhone' AT x=145, y=141 COLOR=00E6E1E5
DEBUG: DRAWING LABEL 'Blinding Lights' AT x=650, y=331 COLOR=00E6E1E5
DEBUG: DRAWING LABEL 'The Weeknd' AT x=650, y=363 COLOR=00E6E1E5
DEBUG: DRAWING LABEL '1:23' AT x=145, y=556 COLOR=00E6E1E5
DEBUG: DRAWING LABEL '3:45' AT x=1081, y=556 COLOR=00E6E1E5
DEBUG: DRAWING LABEL '  ' AT x=360, y=-60 COLOR=00E6E1E5
DEBUG: DRAWING LABEL '12:45 PM' AT x=50, y=30 COLOR=00E6E1E5
DEBUG: DRAWING LABEL 'San Francisco, 68°F' AT x=150, y=30 COLOR=00E6E1E5
SHEET ANIM CB CALLED: 643.000000
Anim target_y: 643.000000 | sheet->container_y: 643 | first_child_y: 663
SHEET ANIM CB CALLED: 660.000000
Anim target_y: 660.000000 | sheet->container_y: 660 | first_child_y: 680
SHEET ANIM CB CALLED: 678.000000
Anim target_y: 678.000000 | sheet->container_y: 678 | first_child_y: 698
SHEET ANIM CB CALLED: 698.000000
Anim target_y: 698.000000 | sheet->container_y: 698 | first_child_y: 718
[2026-04-08 20:27:01] [34mINFO[0m [/home/yassineaa/AromaUI/src/core/aroma_ui_impl.c:249] aroma_ui_render_impl: Rendering window ID 0
DEBUG: DRAWING LABEL 'Your Library' AT x=145, y=123 COLOR=00E6E1E5
DEBUG: DRAWING LABEL 'Playing from iPhone' AT x=145, y=141 COLOR=00E6E1E5
DEBUG: DRAWING LABEL 'Blinding Lights' AT x=650, y=331 COLOR=00E6E1E5
DEBUG: DRAWING LABEL 'The Weeknd' AT x=650, y=363 COLOR=00E6E1E5
DEBUG: DRAWING LABEL '1:23' AT x=145, y=556 COLOR=00E6E1E5
DEBUG: DRAWING LABEL '3:45' AT x=1081, y=556 COLOR=00E6E1E5
DEBUG: DRAWING LABEL '  ' AT x=360, y=-60 COLOR=00E6E1E5
DEBUG: DRAWING LABEL '12:45 PM' AT x=50, y=30 COLOR=00E6E1E5
DEBUG: DRAWING LABEL 'San Francisco, 68°F' AT x=150, y=30 COLOR=00E6E1E5
SHEET ANIM CB CALLED: 715.000000
Anim target_y: 715.000000 | sheet->container_y: 715 | first_child_y: 735
SHEET ANIM CB CALLED: 731.000000
Anim target_y: 731.000000 | sheet->container_y: 731 | first_child_y: 751
SHEET ANIM CB CALLED: 746.000000
Anim target_y: 746.000000 | sheet->container_y: 746 | first_child_y: 766
[2026-04-08 20:27:01] [34mINFO[0m [/home/yassineaa/AromaUI/src/core/aroma_ui_impl.c:249] aroma_ui_render_impl: Rendering window ID 0
DEBUG: DRAWING LABEL 'Your Library' AT x=145, y=123 COLOR=00E6E1E5
DEBUG: DRAWING LABEL 'Playing from iPhone' AT x=145, y=141 COLOR=00E6E1E5
DEBUG: DRAWING LABEL 'Blinding Lights' AT x=650, y=331 COLOR=00E6E1E5
DEBUG: DRAWING LABEL 'The Weeknd' AT x=650, y=363 COLOR=00E6E1E5
DEBUG: DRAWING LABEL '1:23' AT x=145, y=556 COLOR=00E6E1E5
DEBUG: DRAWING LABEL '3:45' AT x=1081, y=556 COLOR=00E6E1E5
DEBUG: DRAWING LABEL '  ' AT x=360, y=-60 COLOR=00E6E1E5
DEBUG: DRAWING LABEL '12:45 PM' AT x=50, y=30 COLOR=00E6E1E5
DEBUG: DRAWING LABEL 'San Francisco, 68°F' AT x=150, y=30 COLOR=00E6E1E5
SHEET ANIM CB CALLED: 758.000000
Anim target_y: 758.000000 | sheet->container_y: 758 | first_child_y: 778
SHEET ANIM CB CALLED: 770.000000
Anim target_y: 770.000000 | sheet->container_y: 770 | first_child_y: 790
SHEET ANIM CB CALLED: 780.000000
Anim target_y: 780.000000 | sheet->container_y: 780 | first_child_y: 800
[2026-04-08 20:27:01] [34mINFO[0m [/home/yassineaa/AromaUI/src/core/aroma_ui_impl.c:249] aroma_ui_render_impl: Rendering window ID 0
DEBUG: DRAWING LABEL 'Your Library' AT x=145, y=123 COLOR=00E6E1E5
DEBUG: DRAWING LABEL 'Playing from iPhone' AT x=145, y=141 COLOR=00E6E1E5
DEBUG: DRAWING LABEL 'Blinding Lights' AT x=650, y=331 COLOR=00E6E1E5
DEBUG: DRAWING LABEL 'The Weeknd' AT x=650, y=363 COLOR=00E6E1E5
DEBUG: DRAWING LABEL '1:23' AT x=145, y=556 COLOR=00E6E1E5
DEBUG: DRAWING LABEL '3:45' AT x=1081, y=556 COLOR=00E6E1E5
DEBUG: DRAWING LABEL '  ' AT x=360, y=-60 COLOR=00E6E1E5
DEBUG: DRAWING LABEL '12:45 PM' AT x=50, y=30 COLOR=00E6E1E5
DEBUG: DRAWING LABEL 'San Francisco, 68°F' AT x=150, y=30 COLOR=00E6E1E5
SHEET ANIM CB CALLED: 788.000000
Anim target_y: 788.000000 | sheet->container_y: 788 | first_child_y: 808
SHEET ANIM CB CALLED: 795.000000
Anim target_y: 795.000000 | sheet->container_y: 795 | first_child_y: 815
[2026-04-08 20:27:01] [34mINFO[0m [/home/yassineaa/AromaUI/src/core/aroma_ui_impl.c:249] aroma_ui_render_impl: Rendering window ID 0
DEBUG: DRAWING LABEL 'Your Library' AT x=145, y=123 COLOR=00E6E1E5
DEBUG: DRAWING LABEL 'Playing from iPhone' AT x=145, y=141 COLOR=00E6E1E5
DEBUG: DRAWING LABEL 'Blinding Lights' AT x=650, y=331 COLOR=00E6E1E5
DEBUG: DRAWING LABEL 'The Weeknd' AT x=650, y=363 COLOR=00E6E1E5
DEBUG: DRAWING LABEL '1:23' AT x=145, y=556 COLOR=00E6E1E5
DEBUG: DRAWING LABEL '3:45' AT x=1081, y=556 COLOR=00E6E1E5
DEBUG: DRAWING LABEL '  ' AT x=360, y=-60 COLOR=00E6E1E5
DEBUG: DRAWING LABEL '12:45 PM' AT x=50, y=30 COLOR=00E6E1E5
DEBUG: DRAWING LABEL 'San Francisco, 68°F' AT x=150, y=30 COLOR=00E6E1E5
SHEET ANIM CB CALLED: 795.000000
Anim target_y: 795.000000 | sheet->container_y: 795 | first_child_y: 815
[2026-04-08 20:27:01] [34mINFO[0m [/home/yassineaa/AromaUI/src/core/aroma_ui_impl.c:249] aroma_ui_render_impl: Rendering window ID 0
DEBUG: DRAWING LABEL 'Your Library' AT x=145, y=123 COLOR=00E6E1E5
DEBUG: DRAWING LABEL 'Playing from iPhone' AT x=145, y=141 COLOR=00E6E1E5
DEBUG: DRAWING LABEL 'Blinding Lights' AT x=650, y=331 COLOR=00E6E1E5
DEBUG: DRAWING LABEL 'The Weeknd' AT x=650, y=363 COLOR=00E6E1E5
DEBUG: DRAWING LABEL '1:23' AT x=145, y=556 COLOR=00E6E1E5
DEBUG: DRAWING LABEL '3:45' AT x=1081, y=556 COLOR=00E6E1E5
DEBUG: DRAWING LABEL '  ' AT x=360, y=-60 COLOR=00E6E1E5
DEBUG: DRAWING LABEL '12:45 PM' AT x=50, y=30 COLOR=00E6E1E5
DEBUG: DRAWING LABEL 'San Francisco, 68°F' AT x=150, y=30 COLOR=00E6E1E5
DEBUG: DRAWING LABEL '  ' AT x=360, y=-60 COLOR=00E6E1E5
DEBUG: DRAWING LABEL '12:45 PM' AT x=50, y=30 COLOR=00E6E1E5
DEBUG: DRAWING LABEL 'San Francisco, 68°F' AT x=150, y=30 COLOR=00E6E1E5
[2026-04-08 20:27:02] [34mINFO[0m [/home/yassineaa/AromaUI/src/backends/graphics/utils/aroma_gles3_text.c:100] gles3_text_renderer_load_font: Loaded initial glyphs: 95

[2026-04-08 20:27:02] [34mINFO[0m [/home/yassineaa/AromaUI/src/backends/graphics/aroma_graphics_gles3.c:192] get_or_load_font_renderer: Loaded new font for window 0 (total: 9)
DEBUG: DRAWING LABEL '  ' AT x=360, y=-60 COLOR=00E6E1E5
DEBUG: DRAWING LABEL '12:45 PM' AT x=50, y=30 COLOR=00E6E1E5
DEBUG: DRAWING LABEL 'San Francisco, 68°F' AT x=150, y=30 COLOR=00E6E1E5
DEBUG: DRAWING LABEL '  ' AT x=360, y=-60 COLOR=00E6E1E5
DEBUG: DRAWING LABEL '12:45 PM' AT x=50, y=30 COLOR=00E6E1E5
DEBUG: DRAWING LABEL 'San Francisco, 68°F' AT x=150, y=30 COLOR=00E6E1E5
DEBUG: DRAWING LABEL '  ' AT x=360, y=-60 COLOR=00E6E1E5
DEBUG: DRAWING LABEL '12:45 PM' AT x=50, y=30 COLOR=00E6E1E5
DEBUG: DRAWING LABEL 'San Francisco, 68°F' AT x=150, y=30 COLOR=00E6E1E5
DEBUG: DRAWING LABEL '  ' AT x=360, y=-60 COLOR=00E6E1E5
DEBUG: DRAWING LABEL '12:45 PM' AT x=50, y=30 COLOR=00E6E1E5
DEBUG: DRAWING LABEL 'San Francisco, 68°F' AT x=150, y=30 COLOR=00E6E1E5
DEBUG: DRAWING LABEL '  ' AT x=360, y=-60 COLOR=00E6E1E5
DEBUG: DRAWING LABEL '12:45 PM' AT x=50, y=30 COLOR=00E6E1E5
DEBUG: DRAWING LABEL 'San Francisco, 68°F' AT x=150, y=30 COLOR=00E6E1E5
DEBUG: DRAWING LABEL '  ' AT x=360, y=-60 COLOR=00E6E1E5
DEBUG: DRAWING LABEL '12:45 PM' AT x=50, y=30 COLOR=00E6E1E5
DEBUG: DRAWING LABEL 'San Francisco, 68°F' AT x=150, y=30 COLOR=00E6E1E5
DEBUG: DRAWING LABEL '  ' AT x=360, y=-60 COLOR=00E6E1E5
DEBUG: DRAWING LABEL '12:45 PM' AT x=50, y=30 COLOR=00E6E1E5
DEBUG: DRAWING LABEL 'San Francisco, 68°F' AT x=150, y=30 COLOR=00E6E1E5
DEBUG: DRAWING LABEL '  ' AT x=360, y=-60 COLOR=00E6E1E5
DEBUG: DRAWING LABEL '12:45 PM' AT x=50, y=30 COLOR=00E6E1E5
DEBUG: DRAWING LABEL 'San Francisco, 68°F' AT x=150, y=30 COLOR=00E6E1E5
DEBUG: DRAWING LABEL '  ' AT x=360, y=-60 COLOR=00E6E1E5
DEBUG: DRAWING LABEL '12:45 PM' AT x=50, y=30 COLOR=00E6E1E5
DEBUG: DRAWING LABEL 'San Francisco, 68°F' AT x=150, y=30 COLOR=00E6E1E5
DEBUG: DRAWING LABEL '  ' AT x=360, y=-60 COLOR=00E6E1E5
DEBUG: DRAWING LABEL '12:45 PM' AT x=50, y=30 COLOR=00E6E1E5
DEBUG: DRAWING LABEL 'San Francisco, 68°F' AT x=150, y=30 COLOR=00E6E1E5
DEBUG: DRAWING LABEL '  ' AT x=360, y=-60 COLOR=00E6E1E5
DEBUG: DRAWING LABEL '12:45 PM' AT x=50, y=30 COLOR=00E6E1E5
DEBUG: DRAWING LABEL 'San Francisco, 68°F' AT x=150, y=30 COLOR=00E6E1E5
DEBUG: DRAWING LABEL '  ' AT x=360, y=-60 COLOR=00E6E1E5
DEBUG: DRAWING LABEL '12:45 PM' AT x=50, y=30 COLOR=00E6E1E5
DEBUG: DRAWING LABEL 'San Francisco, 68°F' AT x=150, y=30 COLOR=00E6E1E5
DEBUG: DRAWING LABEL '  ' AT x=360, y=-60 COLOR=00E6E1E5
DEBUG: DRAWING LABEL '12:45 PM' AT x=50, y=30 COLOR=00E6E1E5
DEBUG: DRAWING LABEL 'San Francisco, 68°F' AT x=150, y=30 COLOR=00E6E1E5
DEBUG: DRAWING LABEL '  ' AT x=360, y=-60 COLOR=00E6E1E5
DEBUG: DRAWING LABEL '12:45 PM' AT x=50, y=30 COLOR=00E6E1E5
DEBUG: DRAWING LABEL 'San Francisco, 68°F' AT x=150, y=30 COLOR=00E6E1E5
DEBUG: DRAWING LABEL '  ' AT x=360, y=-60 COLOR=00E6E1E5
DEBUG: DRAWING LABEL '12:45 PM' AT x=50, y=30 COLOR=00E6E1E5
DEBUG: DRAWING LABEL 'San Francisco, 68°F' AT x=150, y=30 COLOR=00E6E1E5
DEBUG: DRAWING LABEL '  ' AT x=360, y=-60 COLOR=00E6E1E5
DEBUG: DRAWING LABEL '12:45 PM' AT x=50, y=30 COLOR=00E6E1E5
DEBUG: DRAWING LABEL 'San Francisco, 68°F' AT x=150, y=30 COLOR=00E6E1E5
DEBUG: DRAWING LABEL '  ' AT x=360, y=-60 COLOR=00E6E1E5
DEBUG: DRAWING LABEL '12:45 PM' AT x=50, y=30 COLOR=00E6E1E5
DEBUG: DRAWING LABEL 'San Francisco, 68°F' AT x=150, y=30 COLOR=00E6E1E5
DEBUG: DRAWING LABEL '  ' AT x=360, y=-60 COLOR=00E6E1E5
DEBUG: DRAWING LABEL '12:45 PM' AT x=50, y=30 COLOR=00E6E1E5
DEBUG: DRAWING LABEL 'San Francisco, 68°F' AT x=150, y=30 COLOR=00E6E1E5
DEBUG: DRAWING LABEL '  ' AT x=360, y=-60 COLOR=00E6E1E5
DEBUG: DRAWING LABEL '12:45 PM' AT x=50, y=30 COLOR=00E6E1E5
DEBUG: DRAWING LABEL 'San Francisco, 68°F' AT x=150, y=30 COLOR=00E6E1E5
DEBUG: DRAWING LABEL '  ' AT x=360, y=-60 COLOR=00E6E1E5
DEBUG: DRAWING LABEL '12:45 PM' AT x=50, y=30 COLOR=00E6E1E5
DEBUG: DRAWING LABEL 'San Francisco, 68°F' AT x=150, y=30 COLOR=00E6E1E5
DEBUG: DRAWING LABEL '  ' AT x=360, y=-60 COLOR=00E6E1E5
DEBUG: DRAWING LABEL '12:45 PM' AT x=50, y=30 COLOR=00E6E1E5
DEBUG: DRAWING LABEL 'San Francisco, 68°F' AT x=150, y=30 COLOR=00E6E1E5
DEBUG: DRAWING LABEL '' AT x=440, y=105 COLOR=00E6E1E5
DEBUG: DRAWING LABEL '' AT x=440, y=161 COLOR=00E6E1E5
DEBUG: DRAWING LABEL '  ' AT x=360, y=-60 COLOR=00E6E1E5
DEBUG: DRAWING LABEL '12:45 PM' AT x=50, y=30 COLOR=00E6E1E5
DEBUG: DRAWING LABEL 'San Francisco, 68°F' AT x=150, y=30 COLOR=00E6E1E5
DEBUG: DRAWING LABEL '' AT x=469, y=105 COLOR=00E6E1E5
DEBUG: DRAWING LABEL '' AT x=469, y=161 COLOR=00E6E1E5
DEBUG: DRAWING LABEL '  ' AT x=360, y=-60 COLOR=00E6E1E5
DEBUG: DRAWING LABEL '12:45 PM' AT x=50, y=30 COLOR=00E6E1E5
DEBUG: DRAWING LABEL 'San Francisco, 68°F' AT x=150, y=30 COLOR=00E6E1E5
DEBUG: DRAWING LABEL '' AT x=496, y=105 COLOR=00E6E1E5
DEBUG: DRAWING LABEL '' AT x=496, y=161 COLOR=00E6E1E5
DEBUG: DRAWING LABEL '  ' AT x=360, y=-60 COLOR=00E6E1E5
DEBUG: DRAWING LABEL '12:45 PM' AT x=50, y=30 COLOR=00E6E1E5
DEBUG: DRAWING LABEL 'San Francisco, 68°F' AT x=150, y=30 COLOR=00E6E1E5
DEBUG: DRAWING LABEL '' AT x=518, y=105 COLOR=00E6E1E5
DEBUG: DRAWING LABEL '' AT x=518, y=161 COLOR=00E6E1E5
DEBUG: DRAWING LABEL '  ' AT x=360, y=-60 COLOR=00E6E1E5
DEBUG: DRAWING LABEL '12:45 PM' AT x=50, y=30 COLOR=00E6E1E5
DEBUG: DRAWING LABEL 'San Francisco, 68°F' AT x=150, y=30 COLOR=00E6E1E5
DEBUG: DRAWING LABEL '' AT x=537, y=105 COLOR=00E6E1E5
DEBUG: DRAWING LABEL '' AT x=537, y=161 COLOR=00E6E1E5
DEBUG: DRAWING LABEL '  ' AT x=360, y=-60 COLOR=00E6E1E5
DEBUG: DRAWING LABEL '12:45 PM' AT x=50, y=30 COLOR=00E6E1E5
DEBUG: DRAWING LABEL 'San Francisco, 68°F' AT x=150, y=30 COLOR=00E6E1E5
DEBUG: DRAWING LABEL '' AT x=556, y=105 COLOR=00E6E1E5
DEBUG: DRAWING LABEL '' AT x=556, y=161 COLOR=00E6E1E5
DEBUG: DRAWING LABEL '  ' AT x=360, y=-60 COLOR=00E6E1E5
DEBUG: DRAWING LABEL '12:45 PM' AT x=50, y=30 COLOR=00E6E1E5
DEBUG: DRAWING LABEL 'San Francisco, 68°F' AT x=150, y=30 COLOR=00E6E1E5
DEBUG: DRAWING LABEL '' AT x=572, y=105 COLOR=00E6E1E5
DEBUG: DRAWING LABEL '' AT x=572, y=161 COLOR=00E6E1E5
DEBUG: DRAWING LABEL '  ' AT x=360, y=-60 COLOR=00E6E1E5
DEBUG: DRAWING LABEL '12:45 PM' AT x=50, y=30 COLOR=00E6E1E5
DEBUG: DRAWING LABEL 'San Francisco, 68°F' AT x=150, y=30 COLOR=00E6E1E5
DEBUG: DRAWING LABEL '' AT x=584, y=105 COLOR=00E6E1E5
DEBUG: DRAWING LABEL '' AT x=584, y=161 COLOR=00E6E1E5
DEBUG: DRAWING LABEL '  ' AT x=360, y=-60 COLOR=00E6E1E5
DEBUG: DRAWING LABEL '12:45 PM' AT x=50, y=30 COLOR=00E6E1E5
DEBUG: DRAWING LABEL 'San Francisco, 68°F' AT x=150, y=30 COLOR=00E6E1E5
DEBUG: DRAWING LABEL '' AT x=595, y=105 COLOR=00E6E1E5
DEBUG: DRAWING LABEL '' AT x=595, y=161 COLOR=00E6E1E5
DEBUG: DRAWING LABEL '  ' AT x=360, y=-60 COLOR=00E6E1E5
DEBUG: DRAWING LABEL '12:45 PM' AT x=50, y=30 COLOR=00E6E1E5
DEBUG: DRAWING LABEL 'San Francisco, 68°F' AT x=150, y=30 COLOR=00E6E1E5
DEBUG: DRAWING LABEL '' AT x=605, y=105 COLOR=00E6E1E5
DEBUG: DRAWING LABEL '' AT x=605, y=161 COLOR=00E6E1E5
DEBUG: DRAWING LABEL '  ' AT x=360, y=-60 COLOR=00E6E1E5
DEBUG: DRAWING LABEL '12:45 PM' AT x=50, y=30 COLOR=00E6E1E5
DEBUG: DRAWING LABEL 'San Francisco, 68°F' AT x=150, y=30 COLOR=00E6E1E5
DEBUG: DRAWING LABEL '' AT x=615, y=105 COLOR=00E6E1E5
DEBUG: DRAWING LABEL '' AT x=615, y=161 COLOR=00E6E1E5
DEBUG: DRAWING LABEL '  ' AT x=360, y=-60 COLOR=00E6E1E5
DEBUG: DRAWING LABEL '12:45 PM' AT x=50, y=30 COLOR=00E6E1E5
DEBUG: DRAWING LABEL 'San Francisco, 68°F' AT x=150, y=30 COLOR=00E6E1E5
DEBUG: DRAWING LABEL '' AT x=621, y=105 COLOR=00E6E1E5
DEBUG: DRAWING LABEL '' AT x=621, y=161 COLOR=00E6E1E5
DEBUG: DRAWING LABEL '  ' AT x=360, y=-60 COLOR=00E6E1E5
DEBUG: DRAWING LABEL '12:45 PM' AT x=50, y=30 COLOR=00E6E1E5
DEBUG: DRAWING LABEL 'San Francisco, 68°F' AT x=150, y=30 COLOR=00E6E1E5
DEBUG: DRAWING LABEL '' AT x=626, y=105 COLOR=00E6E1E5
DEBUG: DRAWING LABEL '' AT x=626, y=161 COLOR=00E6E1E5
DEBUG: DRAWING LABEL '  ' AT x=360, y=-60 COLOR=00E6E1E5
DEBUG: DRAWING LABEL '12:45 PM' AT x=50, y=30 COLOR=00E6E1E5
DEBUG: DRAWING LABEL 'San Francisco, 68°F' AT x=150, y=30 COLOR=00E6E1E5
DEBUG: DRAWING LABEL '' AT x=630, y=105 COLOR=00E6E1E5
DEBUG: DRAWING LABEL '' AT x=630, y=161 COLOR=00E6E1E5
DEBUG: DRAWING LABEL '  ' AT x=360, y=-60 COLOR=00E6E1E5
DEBUG: DRAWING LABEL '12:45 PM' AT x=50, y=30 COLOR=00E6E1E5
DEBUG: DRAWING LABEL 'San Francisco, 68°F' AT x=150, y=30 COLOR=00E6E1E5
DEBUG: DRAWING LABEL '' AT x=633, y=105 COLOR=00E6E1E5
DEBUG: DRAWING LABEL '' AT x=633, y=161 COLOR=00E6E1E5
DEBUG: DRAWING LABEL '  ' AT x=360, y=-60 COLOR=00E6E1E5
DEBUG: DRAWING LABEL '12:45 PM' AT x=50, y=30 COLOR=00E6E1E5
DEBUG: DRAWING LABEL 'San Francisco, 68°F' AT x=150, y=30 COLOR=00E6E1E5
DEBUG: DRAWING LABEL '' AT x=636, y=105 COLOR=00E6E1E5
DEBUG: DRAWING LABEL '' AT x=636, y=161 COLOR=00E6E1E5
DEBUG: DRAWING LABEL '  ' AT x=360, y=-60 COLOR=00E6E1E5
DEBUG: DRAWING LABEL '12:45 PM' AT x=50, y=30 COLOR=00E6E1E5
DEBUG: DRAWING LABEL 'San Francisco, 68°F' AT x=150, y=30 COLOR=00E6E1E5
DEBUG: DRAWING LABEL '' AT x=637, y=105 COLOR=00E6E1E5
DEBUG: DRAWING LABEL '' AT x=637, y=161 COLOR=00E6E1E5
DEBUG: DRAWING LABEL '  ' AT x=360, y=-60 COLOR=00E6E1E5
DEBUG: DRAWING LABEL '12:45 PM' AT x=50, y=30 COLOR=00E6E1E5
DEBUG: DRAWING LABEL 'San Francisco, 68°F' AT x=150, y=30 COLOR=00E6E1E5
DEBUG: DRAWING LABEL '' AT x=638, y=105 COLOR=00E6E1E5
DEBUG: DRAWING LABEL '' AT x=638, y=161 COLOR=00E6E1E5
DEBUG: DRAWING LABEL '  ' AT x=360, y=-60 COLOR=00E6E1E5
DEBUG: DRAWING LABEL '12:45 PM' AT x=50, y=30 COLOR=00E6E1E5
DEBUG: DRAWING LABEL 'San Francisco, 68°F' AT x=150, y=30 COLOR=00E6E1E5
DEBUG: DRAWING LABEL '' AT x=639, y=105 COLOR=00E6E1E5
DEBUG: DRAWING LABEL '' AT x=639, y=161 COLOR=00E6E1E5
DEBUG: DRAWING LABEL '  ' AT x=360, y=-60 COLOR=00E6E1E5
DEBUG: DRAWING LABEL '12:45 PM' AT x=50, y=30 COLOR=00E6E1E5
DEBUG: DRAWING LABEL 'San Francisco, 68°F' AT x=150, y=30 COLOR=00E6E1E5
DEBUG: DRAWING LABEL '' AT x=639, y=105 COLOR=00E6E1E5
DEBUG: DRAWING LABEL '' AT x=639, y=161 COLOR=00E6E1E5
DEBUG: DRAWING LABEL '  ' AT x=360, y=-60 COLOR=00E6E1E5
DEBUG: DRAWING LABEL '12:45 PM' AT x=50, y=30 COLOR=00E6E1E5
DEBUG: DRAWING LABEL 'San Francisco, 68°F' AT x=150, y=30 COLOR=00E6E1E5
DEBUG: DRAWING LABEL '' AT x=639, y=105 COLOR=00E6E1E5
DEBUG: DRAWING LABEL '' AT x=639, y=161 COLOR=00E6E1E5
DEBUG: DRAWING LABEL '  ' AT x=360, y=-60 COLOR=00E6E1E5
DEBUG: DRAWING LABEL '12:45 PM' AT x=50, y=30 COLOR=00E6E1E5
DEBUG: DRAWING LABEL 'San Francisco, 68°F' AT x=150, y=30 COLOR=00E6E1E5
DEBUG: DRAWING LABEL '' AT x=640, y=105 COLOR=00E6E1E5
DEBUG: DRAWING LABEL '' AT x=640, y=161 COLOR=00E6E1E5
DEBUG: DRAWING LABEL '  ' AT x=360, y=-60 COLOR=00E6E1E5
DEBUG: DRAWING LABEL '12:45 PM' AT x=50, y=30 COLOR=00E6E1E5
DEBUG: DRAWING LABEL 'San Francisco, 68°F' AT x=150, y=30 COLOR=00E6E1E5
DEBUG: DRAWING LABEL 'Your Library' AT x=-55, y=123 COLOR=00E6E1E5
DEBUG: DRAWING LABEL 'Playing from iPhone' AT x=-55, y=141 COLOR=00E6E1E5
DEBUG: DRAWING LABEL 'Blinding Lights' AT x=450, y=331 COLOR=00E6E1E5
DEBUG: DRAWING LABEL 'The Weeknd' AT x=450, y=363 COLOR=00E6E1E5
DEBUG: DRAWING LABEL '1:23' AT x=-55, y=556 COLOR=00E6E1E5
DEBUG: DRAWING LABEL '3:45' AT x=881, y=556 COLOR=00E6E1E5
DEBUG: DRAWING LABEL '  ' AT x=360, y=-60 COLOR=00E6E1E5
DEBUG: DRAWING LABEL '12:45 PM' AT x=50, y=30 COLOR=00E6E1E5
DEBUG: DRAWING LABEL 'San Francisco, 68°F' AT x=150, y=30 COLOR=00E6E1E5
DEBUG: DRAWING LABEL 'Your Library' AT x=-25, y=123 COLOR=00E6E1E5
DEBUG: DRAWING LABEL 'Playing from iPhone' AT x=-25, y=141 COLOR=00E6E1E5
DEBUG: DRAWING LABEL 'Blinding Lights' AT x=480, y=331 COLOR=00E6E1E5
DEBUG: DRAWING LABEL 'The Weeknd' AT x=480, y=363 COLOR=00E6E1E5
DEBUG: DRAWING LABEL '1:23' AT x=-25, y=556 COLOR=00E6E1E5
DEBUG: DRAWING LABEL '3:45' AT x=911, y=556 COLOR=00E6E1E5
DEBUG: DRAWING LABEL '  ' AT x=360, y=-60 COLOR=00E6E1E5
DEBUG: DRAWING LABEL '12:45 PM' AT x=50, y=30 COLOR=00E6E1E5
DEBUG: DRAWING LABEL 'San Francisco, 68°F' AT x=150, y=30 COLOR=00E6E1E5
DEBUG: DRAWING LABEL 'Your Library' AT x=0, y=123 COLOR=00E6E1E5
DEBUG: DRAWING LABEL 'Playing from iPhone' AT x=0, y=141 COLOR=00E6E1E5
DEBUG: DRAWING LABEL 'Blinding Lights' AT x=505, y=331 COLOR=00E6E1E5
DEBUG: DRAWING LABEL 'The Weeknd' AT x=505, y=363 COLOR=00E6E1E5
DEBUG: DRAWING LABEL '1:23' AT x=0, y=556 COLOR=00E6E1E5
DEBUG: DRAWING LABEL '3:45' AT x=936, y=556 COLOR=00E6E1E5
DEBUG: DRAWING LABEL '  ' AT x=360, y=-60 COLOR=00E6E1E5
DEBUG: DRAWING LABEL '12:45 PM' AT x=50, y=30 COLOR=00E6E1E5
DEBUG: DRAWING LABEL 'San Francisco, 68°F' AT x=150, y=30 COLOR=00E6E1E5
DEBUG: DRAWING LABEL 'Your Library' AT x=20, y=123 COLOR=00E6E1E5
DEBUG: DRAWING LABEL 'Playing from iPhone' AT x=20, y=141 COLOR=00E6E1E5
DEBUG: DRAWING LABEL 'Blinding Lights' AT x=525, y=331 COLOR=00E6E1E5
DEBUG: DRAWING LABEL 'The Weeknd' AT x=525, y=363 COLOR=00E6E1E5
DEBUG: DRAWING LABEL '1:23' AT x=20, y=556 COLOR=00E6E1E5
DEBUG: DRAWING LABEL '3:45' AT x=956, y=556 COLOR=00E6E1E5
DEBUG: DRAWING LABEL '  ' AT x=360, y=-60 COLOR=00E6E1E5
DEBUG: DRAWING LABEL '12:45 PM' AT x=50, y=30 COLOR=00E6E1E5
DEBUG: DRAWING LABEL 'San Francisco, 68°F' AT x=150, y=30 COLOR=00E6E1E5
DEBUG: DRAWING LABEL 'Your Library' AT x=38, y=123 COLOR=00E6E1E5
DEBUG: DRAWING LABEL 'Playing from iPhone' AT x=38, y=141 COLOR=00E6E1E5
DEBUG: DRAWING LABEL 'Blinding Lights' AT x=543, y=331 COLOR=00E6E1E5
DEBUG: DRAWING LABEL 'The Weeknd' AT x=543, y=363 COLOR=00E6E1E5
DEBUG: DRAWING LABEL '1:23' AT x=38, y=556 COLOR=00E6E1E5
DEBUG: DRAWING LABEL '3:45' AT x=974, y=556 COLOR=00E6E1E5
DEBUG: DRAWING LABEL '  ' AT x=360, y=-60 COLOR=00E6E1E5
DEBUG: DRAWING LABEL '12:45 PM' AT x=50, y=30 COLOR=00E6E1E5
DEBUG: DRAWING LABEL 'San Francisco, 68°F' AT x=150, y=30 COLOR=00E6E1E5
DEBUG: DRAWING LABEL 'Your Library' AT x=55, y=123 COLOR=00E6E1E5
DEBUG: DRAWING LABEL 'Playing from iPhone' AT x=55, y=141 COLOR=00E6E1E5
DEBUG: DRAWING LABEL 'Blinding Lights' AT x=560, y=331 COLOR=00E6E1E5
DEBUG: DRAWING LABEL 'The Weeknd' AT x=560, y=363 COLOR=00E6E1E5
DEBUG: DRAWING LABEL '1:23' AT x=55, y=556 COLOR=00E6E1E5
DEBUG: DRAWING LABEL '3:45' AT x=991, y=556 COLOR=00E6E1E5
DEBUG: DRAWING LABEL '  ' AT x=360, y=-60 COLOR=00E6E1E5
DEBUG: DRAWING LABEL '12:45 PM' AT x=50, y=30 COLOR=00E6E1E5
DEBUG: DRAWING LABEL 'San Francisco, 68°F' AT x=150, y=30 COLOR=00E6E1E5
DEBUG: DRAWING LABEL 'Your Library' AT x=70, y=123 COLOR=00E6E1E5
DEBUG: DRAWING LABEL 'Playing from iPhone' AT x=70, y=141 COLOR=00E6E1E5
DEBUG: DRAWING LABEL 'Blinding Lights' AT x=575, y=331 COLOR=00E6E1E5
DEBUG: DRAWING LABEL 'The Weeknd' AT x=575, y=363 COLOR=00E6E1E5
DEBUG: DRAWING LABEL '1:23' AT x=70, y=556 COLOR=00E6E1E5
DEBUG: DRAWING LABEL '3:45' AT x=1006, y=556 COLOR=00E6E1E5
DEBUG: DRAWING LABEL '  ' AT x=360, y=-60 COLOR=00E6E1E5
DEBUG: DRAWING LABEL '12:45 PM' AT x=50, y=30 COLOR=00E6E1E5
DEBUG: DRAWING LABEL 'San Francisco, 68°F' AT x=150, y=30 COLOR=00E6E1E5
DEBUG: DRAWING LABEL 'Your Library' AT x=83, y=123 COLOR=00E6E1E5
DEBUG: DRAWING LABEL 'Playing from iPhone' AT x=83, y=141 COLOR=00E6E1E5
DEBUG: DRAWING LABEL 'Blinding Lights' AT x=588, y=331 COLOR=00E6E1E5
DEBUG: DRAWING LABEL 'The Weeknd' AT x=588, y=363 COLOR=00E6E1E5
DEBUG: DRAWING LABEL '1:23' AT x=83, y=556 COLOR=00E6E1E5
DEBUG: DRAWING LABEL '3:45' AT x=1019, y=556 COLOR=00E6E1E5
DEBUG: DRAWING LABEL '  ' AT x=360, y=-60 COLOR=00E6E1E5
DEBUG: DRAWING LABEL '12:45 PM' AT x=50, y=30 COLOR=00E6E1E5
DEBUG: DRAWING LABEL 'San Francisco, 68°F' AT x=150, y=30 COLOR=00E6E1E5
DEBUG: DRAWING LABEL 'Your Library' AT x=94, y=123 COLOR=00E6E1E5
DEBUG: DRAWING LABEL 'Playing from iPhone' AT x=94, y=141 COLOR=00E6E1E5
DEBUG: DRAWING LABEL 'Blinding Lights' AT x=599, y=331 COLOR=00E6E1E5
DEBUG: DRAWING LABEL 'The Weeknd' AT x=599, y=363 COLOR=00E6E1E5
DEBUG: DRAWING LABEL '1:23' AT x=94, y=556 COLOR=00E6E1E5
DEBUG: DRAWING LABEL '3:45' AT x=1030, y=556 COLOR=00E6E1E5
DEBUG: DRAWING LABEL '  ' AT x=360, y=-60 COLOR=00E6E1E5
DEBUG: DRAWING LABEL '12:45 PM' AT x=50, y=30 COLOR=00E6E1E5
DEBUG: DRAWING LABEL 'San Francisco, 68°F' AT x=150, y=30 COLOR=00E6E1E5
DEBUG: DRAWING LABEL 'Your Library' AT x=105, y=123 COLOR=00E6E1E5
DEBUG: DRAWING LABEL 'Playing from iPhone' AT x=105, y=141 COLOR=00E6E1E5
DEBUG: DRAWING LABEL 'Blinding Lights' AT x=610, y=331 COLOR=00E6E1E5
DEBUG: DRAWING LABEL 'The Weeknd' AT x=610, y=363 COLOR=00E6E1E5
DEBUG: DRAWING LABEL '1:23' AT x=105, y=556 COLOR=00E6E1E5
DEBUG: DRAWING LABEL '3:45' AT x=1041, y=556 COLOR=00E6E1E5
DEBUG: DRAWING LABEL '  ' AT x=360, y=-60 COLOR=00E6E1E5
DEBUG: DRAWING LABEL '12:45 PM' AT x=50, y=30 COLOR=00E6E1E5
DEBUG: DRAWING LABEL 'San Francisco, 68°F' AT x=150, y=30 COLOR=00E6E1E5
DEBUG: DRAWING LABEL 'Your Library' AT x=114, y=123 COLOR=00E6E1E5
DEBUG: DRAWING LABEL 'Playing from iPhone' AT x=114, y=141 COLOR=00E6E1E5
DEBUG: DRAWING LABEL 'Blinding Lights' AT x=619, y=331 COLOR=00E6E1E5
DEBUG: DRAWING LABEL 'The Weeknd' AT x=619, y=363 COLOR=00E6E1E5
DEBUG: DRAWING LABEL '1:23' AT x=114, y=556 COLOR=00E6E1E5
DEBUG: DRAWING LABEL '3:45' AT x=1050, y=556 COLOR=00E6E1E5
DEBUG: DRAWING LABEL '  ' AT x=360, y=-60 COLOR=00E6E1E5
DEBUG: DRAWING LABEL '12:45 PM' AT x=50, y=30 COLOR=00E6E1E5
DEBUG: DRAWING LABEL 'San Francisco, 68°F' AT x=150, y=30 COLOR=00E6E1E5
DEBUG: DRAWING LABEL 'Your Library' AT x=121, y=123 COLOR=00E6E1E5
DEBUG: DRAWING LABEL 'Playing from iPhone' AT x=121, y=141 COLOR=00E6E1E5
DEBUG: DRAWING LABEL 'Blinding Lights' AT x=626, y=331 COLOR=00E6E1E5
DEBUG: DRAWING LABEL 'The Weeknd' AT x=626, y=363 COLOR=00E6E1E5
DEBUG: DRAWING LABEL '1:23' AT x=121, y=556 COLOR=00E6E1E5
DEBUG: DRAWING LABEL '3:45' AT x=1057, y=556 COLOR=00E6E1E5
DEBUG: DRAWING LABEL '  ' AT x=360, y=-60 COLOR=00E6E1E5
DEBUG: DRAWING LABEL '12:45 PM' AT x=50, y=30 COLOR=00E6E1E5
DEBUG: DRAWING LABEL 'San Francisco, 68°F' AT x=150, y=30 COLOR=00E6E1E5
DEBUG: DRAWING LABEL 'Your Library' AT x=127, y=123 COLOR=00E6E1E5
DEBUG: DRAWING LABEL 'Playing from iPhone' AT x=127, y=141 COLOR=00E6E1E5
DEBUG: DRAWING LABEL 'Blinding Lights' AT x=632, y=331 COLOR=00E6E1E5
DEBUG: DRAWING LABEL 'The Weeknd' AT x=632, y=363 COLOR=00E6E1E5
DEBUG: DRAWING LABEL '1:23' AT x=127, y=556 COLOR=00E6E1E5
DEBUG: DRAWING LABEL '3:45' AT x=1063, y=556 COLOR=00E6E1E5
DEBUG: DRAWING LABEL '  ' AT x=360, y=-60 COLOR=00E6E1E5
DEBUG: DRAWING LABEL '12:45 PM' AT x=50, y=30 COLOR=00E6E1E5
DEBUG: DRAWING LABEL 'San Francisco, 68°F' AT x=150, y=30 COLOR=00E6E1E5
DEBUG: DRAWING LABEL 'Your Library' AT x=132, y=123 COLOR=00E6E1E5
DEBUG: DRAWING LABEL 'Playing from iPhone' AT x=132, y=141 COLOR=00E6E1E5
DEBUG: DRAWING LABEL 'Blinding Lights' AT x=637, y=331 COLOR=00E6E1E5
DEBUG: DRAWING LABEL 'The Weeknd' AT x=637, y=363 COLOR=00E6E1E5
DEBUG: DRAWING LABEL '1:23' AT x=132, y=556 COLOR=00E6E1E5
DEBUG: DRAWING LABEL '3:45' AT x=1068, y=556 COLOR=00E6E1E5
DEBUG: DRAWING LABEL '  ' AT x=360, y=-60 COLOR=00E6E1E5
DEBUG: DRAWING LABEL '12:45 PM' AT x=50, y=30 COLOR=00E6E1E5
DEBUG: DRAWING LABEL 'San Francisco, 68°F' AT x=150, y=30 COLOR=00E6E1E5
DEBUG: DRAWING LABEL 'Your Library' AT x=136, y=123 COLOR=00E6E1E5
DEBUG: DRAWING LABEL 'Playing from iPhone' AT x=136, y=141 COLOR=00E6E1E5
DEBUG: DRAWING LABEL 'Blinding Lights' AT x=641, y=331 COLOR=00E6E1E5
DEBUG: DRAWING LABEL 'The Weeknd' AT x=641, y=363 COLOR=00E6E1E5
DEBUG: DRAWING LABEL '1:23' AT x=136, y=556 COLOR=00E6E1E5
DEBUG: DRAWING LABEL '3:45' AT x=1072, y=556 COLOR=00E6E1E5
DEBUG: DRAWING LABEL '  ' AT x=360, y=-60 COLOR=00E6E1E5
DEBUG: DRAWING LABEL '12:45 PM' AT x=50, y=30 COLOR=00E6E1E5
DEBUG: DRAWING LABEL 'San Francisco, 68°F' AT x=150, y=30 COLOR=00E6E1E5
DEBUG: DRAWING LABEL 'Your Library' AT x=139, y=123 COLOR=00E6E1E5
DEBUG: DRAWING LABEL 'Playing from iPhone' AT x=139, y=141 COLOR=00E6E1E5
DEBUG: DRAWING LABEL 'Blinding Lights' AT x=644, y=331 COLOR=00E6E1E5
DEBUG: DRAWING LABEL 'The Weeknd' AT x=644, y=363 COLOR=00E6E1E5
DEBUG: DRAWING LABEL '1:23' AT x=139, y=556 COLOR=00E6E1E5
DEBUG: DRAWING LABEL '3:45' AT x=1075, y=556 COLOR=00E6E1E5
DEBUG: DRAWING LABEL '  ' AT x=360, y=-60 COLOR=00E6E1E5
DEBUG: DRAWING LABEL '12:45 PM' AT x=50, y=30 COLOR=00E6E1E5
DEBUG: DRAWING LABEL 'San Francisco, 68°F' AT x=150, y=30 COLOR=00E6E1E5
DEBUG: DRAWING LABEL 'Your Library' AT x=141, y=123 COLOR=00E6E1E5
DEBUG: DRAWING LABEL 'Playing from iPhone' AT x=141, y=141 COLOR=00E6E1E5
DEBUG: DRAWING LABEL 'Blinding Lights' AT x=646, y=331 COLOR=00E6E1E5
DEBUG: DRAWING LABEL 'The Weeknd' AT x=646, y=363 COLOR=00E6E1E5
DEBUG: DRAWING LABEL '1:23' AT x=141, y=556 COLOR=00E6E1E5
DEBUG: DRAWING LABEL '3:45' AT x=1077, y=556 COLOR=00E6E1E5
DEBUG: DRAWING LABEL '  ' AT x=360, y=-60 COLOR=00E6E1E5
DEBUG: DRAWING LABEL '12:45 PM' AT x=50, y=30 COLOR=00E6E1E5
DEBUG: DRAWING LABEL 'San Francisco, 68°F' AT x=150, y=30 COLOR=00E6E1E5
DEBUG: DRAWING LABEL 'Your Library' AT x=143, y=123 COLOR=00E6E1E5
DEBUG: DRAWING LABEL 'Playing from iPhone' AT x=143, y=141 COLOR=00E6E1E5
DEBUG: DRAWING LABEL 'Blinding Lights' AT x=648, y=331 COLOR=00E6E1E5
DEBUG: DRAWING LABEL 'The Weeknd' AT x=648, y=363 COLOR=00E6E1E5
DEBUG: DRAWING LABEL '1:23' AT x=143, y=556 COLOR=00E6E1E5
DEBUG: DRAWING LABEL '3:45' AT x=1079, y=556 COLOR=00E6E1E5
DEBUG: DRAWING LABEL '  ' AT x=360, y=-60 COLOR=00E6E1E5
DEBUG: DRAWING LABEL '12:45 PM' AT x=50, y=30 COLOR=00E6E1E5
DEBUG: DRAWING LABEL 'San Francisco, 68°F' AT x=150, y=30 COLOR=00E6E1E5
DEBUG: DRAWING LABEL 'Your Library' AT x=144, y=123 COLOR=00E6E1E5
DEBUG: DRAWING LABEL 'Playing from iPhone' AT x=144, y=141 COLOR=00E6E1E5
DEBUG: DRAWING LABEL 'Blinding Lights' AT x=649, y=331 COLOR=00E6E1E5
DEBUG: DRAWING LABEL 'The Weeknd' AT x=649, y=363 COLOR=00E6E1E5
DEBUG: DRAWING LABEL '1:23' AT x=144, y=556 COLOR=00E6E1E5
DEBUG: DRAWING LABEL '3:45' AT x=1080, y=556 COLOR=00E6E1E5
DEBUG: DRAWING LABEL '  ' AT x=360, y=-60 COLOR=00E6E1E5
DEBUG: DRAWING LABEL '12:45 PM' AT x=50, y=30 COLOR=00E6E1E5
DEBUG: DRAWING LABEL 'San Francisco, 68°F' AT x=150, y=30 COLOR=00E6E1E5
DEBUG: DRAWING LABEL 'Your Library' AT x=144, y=123 COLOR=00E6E1E5
DEBUG: DRAWING LABEL 'Playing from iPhone' AT x=144, y=141 COLOR=00E6E1E5
DEBUG: DRAWING LABEL 'Blinding Lights' AT x=649, y=331 COLOR=00E6E1E5
DEBUG: DRAWING LABEL 'The Weeknd' AT x=649, y=363 COLOR=00E6E1E5
DEBUG: DRAWING LABEL '1:23' AT x=144, y=556 COLOR=00E6E1E5
DEBUG: DRAWING LABEL '3:45' AT x=1080, y=556 COLOR=00E6E1E5
DEBUG: DRAWING LABEL '  ' AT x=360, y=-60 COLOR=00E6E1E5
DEBUG: DRAWING LABEL '12:45 PM' AT x=50, y=30 COLOR=00E6E1E5
DEBUG: DRAWING LABEL 'San Francisco, 68°F' AT x=150, y=30 COLOR=00E6E1E5
DEBUG: DRAWING LABEL 'Your Library' AT x=144, y=123 COLOR=00E6E1E5
DEBUG: DRAWING LABEL 'Playing from iPhone' AT x=144, y=141 COLOR=00E6E1E5
DEBUG: DRAWING LABEL 'Blinding Lights' AT x=649, y=331 COLOR=00E6E1E5
DEBUG: DRAWING LABEL 'The Weeknd' AT x=649, y=363 COLOR=00E6E1E5
DEBUG: DRAWING LABEL '1:23' AT x=144, y=556 COLOR=00E6E1E5
DEBUG: DRAWING LABEL '3:45' AT x=1080, y=556 COLOR=00E6E1E5
DEBUG: DRAWING LABEL '  ' AT x=360, y=-60 COLOR=00E6E1E5
DEBUG: DRAWING LABEL '12:45 PM' AT x=50, y=30 COLOR=00E6E1E5
DEBUG: DRAWING LABEL 'San Francisco, 68°F' AT x=150, y=30 COLOR=00E6E1E5
DEBUG: DRAWING LABEL 'Your Library' AT x=144, y=123 COLOR=00E6E1E5
DEBUG: DRAWING LABEL 'Playing from iPhone' AT x=144, y=141 COLOR=00E6E1E5
DEBUG: DRAWING LABEL 'Blinding Lights' AT x=649, y=331 COLOR=00E6E1E5
DEBUG: DRAWING LABEL 'The Weeknd' AT x=649, y=363 COLOR=00E6E1E5
DEBUG: DRAWING LABEL '1:23' AT x=144, y=556 COLOR=00E6E1E5
DEBUG: DRAWING LABEL '3:45' AT x=1080, y=556 COLOR=00E6E1E5
DEBUG: DRAWING LABEL '  ' AT x=360, y=-60 COLOR=00E6E1E5
DEBUG: DRAWING LABEL '12:45 PM' AT x=50, y=30 COLOR=00E6E1E5
DEBUG: DRAWING LABEL 'San Francisco, 68°F' AT x=150, y=30 COLOR=00E6E1E5
DEBUG: DRAWING LABEL 'Your Library' AT x=145, y=123 COLOR=00E6E1E5
DEBUG: DRAWING LABEL 'Playing from iPhone' AT x=145, y=141 COLOR=00E6E1E5
DEBUG: DRAWING LABEL 'Blinding Lights' AT x=650, y=331 COLOR=00E6E1E5
DEBUG: DRAWING LABEL 'The Weeknd' AT x=650, y=363 COLOR=00E6E1E5
DEBUG: DRAWING LABEL '1:23' AT x=145, y=556 COLOR=00E6E1E5
DEBUG: DRAWING LABEL '3:45' AT x=1081, y=556 COLOR=00E6E1E5
DEBUG: DRAWING LABEL '  ' AT x=360, y=-60 COLOR=00E6E1E5
DEBUG: DRAWING LABEL '12:45 PM' AT x=50, y=30 COLOR=00E6E1E5
DEBUG: DRAWING LABEL 'San Francisco, 68°F' AT x=150, y=30 COLOR=00E6E1E5
[2026-04-08 20:27:05] [34mINFO[0m [/home/yassineaa/AromaUI/src/widgets/aroma_image.c:82] aroma_image_draw: Skipping image draw - no texture loaded
DEBUG: DRAWING LABEL 'Vehicle Status: All systems normal' AT x=15, y=290 COLOR=00E6E1E5
DEBUG: DRAWING LABEL '204' AT x=15, y=400 COLOR=00E6E1E5
DEBUG: DRAWING LABEL 'km' AT x=57, y=410 COLOR=00E6E1E5
DEBUG: DRAWING LABEL 'Remaining' AT x=15, y=430 COLOR=00E6E1E5
DEBUG: DRAWING LABEL '128' AT x=125, y=400 COLOR=00E6E1E5
DEBUG: DRAWING LABEL 'Wh' AT x=167, y=410 COLOR=00E6E1E5
DEBUG: DRAWING LABEL 'Average' AT x=125, y=430 COLOR=00E6E1E5
DEBUG: DRAWING LABEL '35.5' AT x=235, y=400 COLOR=00E6E1E5
DEBUG: DRAWING LABEL 'kWh' AT x=283, y=410 COLOR=00E6E1E5
DEBUG: DRAWING LABEL 'Fuel Capacity' AT x=235, y=430 COLOR=00E6E1E5
DEBUG: DRAWING LABEL 'Speed' AT x=-35, y=490 COLOR=00E6E1E5
DEBUG: DRAWING LABEL '88' AT x=-35, y=510 COLOR=00E6E1E5
DEBUG: DRAWING LABEL 'km/h' AT x=-35, y=630 COLOR=00E6E1E5
DEBUG: DRAWING LABEL 'Gear: Drive' AT x=115, y=510 COLOR=00E6E1E5
DEBUG: DRAWING LABEL 'Adjust AC to your comfort level' AT x=365, y=110 COLOR=00E6E1E5
DEBUG: DRAWING LABEL '23°C' AT x=570, y=150 COLOR=00E6E1E5
[2026-04-08 20:27:05] [34mINFO[0m [/home/yassineaa/AromaUI/src/widgets/aroma_image.c:82] aroma_image_draw: Skipping image draw - no texture loaded
[2026-04-08 20:27:05] [34mINFO[0m [/home/yassineaa/AromaUI/src/widgets/aroma_image.c:82] aroma_image_draw: Skipping image draw - no texture loaded
[2026-04-08 20:27:05] [34mINFO[0m [/home/yassineaa/AromaUI/src/widgets/aroma_image.c:82] aroma_image_draw: Skipping image draw - no texture loaded
DEBUG: DRAWING LABEL 'System Status' AT x=365, y=430 COLOR=00E6E1E5
[2026-04-08 20:27:05] [34mINFO[0m [/home/yassineaa/AromaUI/src/widgets/aroma_image.c:82] aroma_image_draw: Skipping image draw - no texture loaded
[2026-04-08 20:27:05] [34mINFO[0m [/home/yassineaa/AromaUI/src/widgets/aroma_image.c:82] aroma_image_draw: Skipping image draw - no texture loaded
[2026-04-08 20:27:05] [34mINFO[0m [/home/yassineaa/AromaUI/src/widgets/aroma_image.c:82] aroma_image_draw: Skipping image draw - no texture loaded
[2026-04-08 20:27:05] [34mINFO[0m [/home/yassineaa/AromaUI/src/widgets/aroma_image.c:82] aroma_image_draw: Skipping image draw - no texture loaded
[2026-04-08 20:27:05] [34mINFO[0m [/home/yassineaa/AromaUI/src/widgets/aroma_image.c:82] aroma_image_draw: Skipping image draw - no texture loaded
[2026-04-08 20:27:05] [34mINFO[0m [/home/yassineaa/AromaUI/src/widgets/aroma_image.c:82] aroma_image_draw: Skipping image draw - no texture loaded
[2026-04-08 20:27:05] [34mINFO[0m [/home/yassineaa/AromaUI/src/widgets/aroma_image.c:82] aroma_image_draw: Skipping image draw - no texture loaded
[2026-04-08 20:27:05] [34mINFO[0m [/home/yassineaa/AromaUI/src/widgets/aroma_image.c:82] aroma_image_draw: Skipping image draw - no texture loaded
DEBUG: DRAWING LABEL '  ' AT x=360, y=-60 COLOR=00E6E1E5
DEBUG: DRAWING LABEL '12:45 PM' AT x=50, y=30 COLOR=00E6E1E5
DEBUG: DRAWING LABEL 'San Francisco, 68°F' AT x=150, y=30 COLOR=00E6E1E5
DEBUG: DRAWING LABEL 'P' AT x=145, y=548 COLOR=00E6E1E5
DEBUG: DRAWING LABEL 'R' AT x=186, y=548 COLOR=00E6E1E5
DEBUG: DRAWING LABEL 'N' AT x=227, y=548 COLOR=00E6E1E5
DEBUG: DRAWING LABEL 'D' AT x=268, y=548 COLOR=00E6E1E5
[2026-04-08 20:27:05] [34mINFO[0m [/home/yassineaa/AromaUI/src/widgets/aroma_image.c:82] aroma_image_draw: Skipping image draw - no texture loaded
DEBUG: DRAWING LABEL 'Vehicle Status: All systems normal' AT x=45, y=290 COLOR=00E6E1E5
DEBUG: DRAWING LABEL '204' AT x=45, y=400 COLOR=00E6E1E5
DEBUG: DRAWING LABEL 'km' AT x=87, y=410 COLOR=00E6E1E5
DEBUG: DRAWING LABEL 'Remaining' AT x=45, y=430 COLOR=00E6E1E5
DEBUG: DRAWING LABEL '128' AT x=155, y=400 COLOR=00E6E1E5
DEBUG: DRAWING LABEL 'Wh' AT x=197, y=410 COLOR=00E6E1E5
DEBUG: DRAWING LABEL 'Average' AT x=155, y=430 COLOR=00E6E1E5
DEBUG: DRAWING LABEL '35.5' AT x=265, y=400 COLOR=00E6E1E5
DEBUG: DRAWING LABEL 'kWh' AT x=313, y=410 COLOR=00E6E1E5
DEBUG: DRAWING LABEL 'Fuel Capacity' AT x=265, y=430 COLOR=00E6E1E5
DEBUG: DRAWING LABEL 'Speed' AT x=-5, y=490 COLOR=00E6E1E5
DEBUG: DRAWING LABEL '88' AT x=-5, y=510 COLOR=00E6E1E5
DEBUG: DRAWING LABEL 'km/h' AT x=-5, y=630 COLOR=00E6E1E5
DEBUG: DRAWING LABEL 'Gear: Drive' AT x=145, y=510 COLOR=00E6E1E5
DEBUG: DRAWING LABEL 'Adjust AC to your comfort level' AT x=395, y=110 COLOR=00E6E1E5
DEBUG: DRAWING LABEL '23°C' AT x=600, y=150 COLOR=00E6E1E5
[2026-04-08 20:27:05] [34mINFO[0m [/home/yassineaa/AromaUI/src/widgets/aroma_image.c:82] aroma_image_draw: Skipping image draw - no texture loaded
[2026-04-08 20:27:05] [34mINFO[0m [/home/yassineaa/AromaUI/src/widgets/aroma_image.c:82] aroma_image_draw: Skipping image draw - no texture loaded
[2026-04-08 20:27:05] [34mINFO[0m [/home/yassineaa/AromaUI/src/widgets/aroma_image.c:82] aroma_image_draw: Skipping image draw - no texture loaded
DEBUG: DRAWING LABEL 'System Status' AT x=395, y=430 COLOR=00E6E1E5
[2026-04-08 20:27:05] [34mINFO[0m [/home/yassineaa/AromaUI/src/widgets/aroma_image.c:82] aroma_image_draw: Skipping image draw - no texture loaded
[2026-04-08 20:27:05] [34mINFO[0m [/home/yassineaa/AromaUI/src/widgets/aroma_image.c:82] aroma_image_draw: Skipping image draw - no texture loaded
[2026-04-08 20:27:05] [34mINFO[0m [/home/yassineaa/AromaUI/src/widgets/aroma_image.c:82] aroma_image_draw: Skipping image draw - no texture loaded
[2026-04-08 20:27:05] [34mINFO[0m [/home/yassineaa/AromaUI/src/widgets/aroma_image.c:82] aroma_image_draw: Skipping image draw - no texture loaded
[2026-04-08 20:27:05] [34mINFO[0m [/home/yassineaa/AromaUI/src/widgets/aroma_image.c:82] aroma_image_draw: Skipping image draw - no texture loaded
[2026-04-08 20:27:05] [34mINFO[0m [/home/yassineaa/AromaUI/src/widgets/aroma_image.c:82] aroma_image_draw: Skipping image draw - no texture loaded
[2026-04-08 20:27:05] [34mINFO[0m [/home/yassineaa/AromaUI/src/widgets/aroma_image.c:82] aroma_image_draw: Skipping image draw - no texture loaded
[2026-04-08 20:27:05] [34mINFO[0m [/home/yassineaa/AromaUI/src/widgets/aroma_image.c:82] aroma_image_draw: Skipping image draw - no texture loaded
DEBUG: DRAWING LABEL '  ' AT x=360, y=-60 COLOR=00E6E1E5
DEBUG: DRAWING LABEL '12:45 PM' AT x=50, y=30 COLOR=00E6E1E5
DEBUG: DRAWING LABEL 'San Francisco, 68°F' AT x=150, y=30 COLOR=00E6E1E5
DEBUG: DRAWING LABEL 'P' AT x=175, y=548 COLOR=00E6E1E5
DEBUG: DRAWING LABEL 'R' AT x=216, y=548 COLOR=00E6E1E5
DEBUG: DRAWING LABEL 'N' AT x=257, y=548 COLOR=00E6E1E5
DEBUG: DRAWING LABEL 'D' AT x=298, y=548 COLOR=00E6E1E5
[2026-04-08 20:27:05] [34mINFO[0m [/home/yassineaa/AromaUI/src/widgets/aroma_image.c:82] aroma_image_draw: Skipping image draw - no texture loaded
DEBUG: DRAWING LABEL 'Vehicle Status: All systems normal' AT x=70, y=290 COLOR=00E6E1E5
DEBUG: DRAWING LABEL '204' AT x=70, y=400 COLOR=00E6E1E5
DEBUG: DRAWING LABEL 'km' AT x=112, y=410 COLOR=00E6E1E5
DEBUG: DRAWING LABEL 'Remaining' AT x=70, y=430 COLOR=00E6E1E5
DEBUG: DRAWING LABEL '128' AT x=180, y=400 COLOR=00E6E1E5
DEBUG: DRAWING LABEL 'Wh' AT x=222, y=410 COLOR=00E6E1E5
DEBUG: DRAWING LABEL 'Average' AT x=180, y=430 COLOR=00E6E1E5
DEBUG: DRAWING LABEL '35.5' AT x=290, y=400 COLOR=00E6E1E5
DEBUG: DRAWING LABEL 'kWh' AT x=338, y=410 COLOR=00E6E1E5
DEBUG: DRAWING LABEL 'Fuel Capacity' AT x=290, y=430 COLOR=00E6E1E5
DEBUG: DRAWING LABEL 'Speed' AT x=20, y=490 COLOR=00E6E1E5
DEBUG: DRAWING LABEL '88' AT x=20, y=510 COLOR=00E6E1E5
DEBUG: DRAWING LABEL 'km/h' AT x=20, y=630 COLOR=00E6E1E5
DEBUG: DRAWING LABEL 'Gear: Drive' AT x=170, y=510 COLOR=00E6E1E5
DEBUG: DRAWING LABEL 'Adjust AC to your comfort level' AT x=420, y=110 COLOR=00E6E1E5
DEBUG: DRAWING LABEL '23°C' AT x=625, y=150 COLOR=00E6E1E5
[2026-04-08 20:27:05] [34mINFO[0m [/home/yassineaa/AromaUI/src/widgets/aroma_image.c:82] aroma_image_draw: Skipping image draw - no texture loaded
[2026-04-08 20:27:05] [34mINFO[0m [/home/yassineaa/AromaUI/src/widgets/aroma_image.c:82] aroma_image_draw: Skipping image draw - no texture loaded
[2026-04-08 20:27:05] [34mINFO[0m [/home/yassineaa/AromaUI/src/widgets/aroma_image.c:82] aroma_image_draw: Skipping image draw - no texture loaded
DEBUG: DRAWING LABEL 'System Status' AT x=420, y=430 COLOR=00E6E1E5
[2026-04-08 20:27:05] [34mINFO[0m [/home/yassineaa/AromaUI/src/widgets/aroma_image.c:82] aroma_image_draw: Skipping image draw - no texture loaded
[2026-04-08 20:27:05] [34mINFO[0m [/home/yassineaa/AromaUI/src/widgets/aroma_image.c:82] aroma_image_draw: Skipping image draw - no texture loaded
[2026-04-08 20:27:05] [34mINFO[0m [/home/yassineaa/AromaUI/src/widgets/aroma_image.c:82] aroma_image_draw: Skipping image draw - no texture loaded
[2026-04-08 20:27:05] [34mINFO[0m [/home/yassineaa/AromaUI/src/widgets/aroma_image.c:82] aroma_image_draw: Skipping image draw - no texture loaded
[2026-04-08 20:27:05] [34mINFO[0m [/home/yassineaa/AromaUI/src/widgets/aroma_image.c:82] aroma_image_draw: Skipping image draw - no texture loaded
[2026-04-08 20:27:05] [34mINFO[0m [/home/yassineaa/AromaUI/src/widgets/aroma_image.c:82] aroma_image_draw: Skipping image draw - no texture loaded
[2026-04-08 20:27:05] [34mINFO[0m [/home/yassineaa/AromaUI/src/widgets/aroma_image.c:82] aroma_image_draw: Skipping image draw - no texture loaded
[2026-04-08 20:27:05] [34mINFO[0m [/home/yassineaa/AromaUI/src/widgets/aroma_image.c:82] aroma_image_draw: Skipping image draw - no texture loaded
DEBUG: DRAWING LABEL '  ' AT x=360, y=-60 COLOR=00E6E1E5
DEBUG: DRAWING LABEL '12:45 PM' AT x=50, y=30 COLOR=00E6E1E5
DEBUG: DRAWING LABEL 'San Francisco, 68°F' AT x=150, y=30 COLOR=00E6E1E5
DEBUG: DRAWING LABEL 'P' AT x=200, y=548 COLOR=00E6E1E5
DEBUG: DRAWING LABEL 'R' AT x=241, y=548 COLOR=00E6E1E5
DEBUG: DRAWING LABEL 'N' AT x=282, y=548 COLOR=00E6E1E5
DEBUG: DRAWING LABEL 'D' AT x=323, y=548 COLOR=00E6E1E5
[2026-04-08 20:27:05] [34mINFO[0m [/home/yassineaa/AromaUI/src/widgets/aroma_image.c:82] aroma_image_draw: Skipping image draw - no texture loaded
DEBUG: DRAWING LABEL 'Vehicle Status: All systems normal' AT x=92, y=290 COLOR=00E6E1E5
DEBUG: DRAWING LABEL '204' AT x=92, y=400 COLOR=00E6E1E5
DEBUG: DRAWING LABEL 'km' AT x=134, y=410 COLOR=00E6E1E5
DEBUG: DRAWING LABEL 'Remaining' AT x=92, y=430 COLOR=00E6E1E5
DEBUG: DRAWING LABEL '128' AT x=202, y=400 COLOR=00E6E1E5
DEBUG: DRAWING LABEL 'Wh' AT x=244, y=410 COLOR=00E6E1E5
DEBUG: DRAWING LABEL 'Average' AT x=202, y=430 COLOR=00E6E1E5
DEBUG: DRAWING LABEL '35.5' AT x=312, y=400 COLOR=00E6E1E5
DEBUG: DRAWING LABEL 'kWh' AT x=360, y=410 COLOR=00E6E1E5
DEBUG: DRAWING LABEL 'Fuel Capacity' AT x=312, y=430 COLOR=00E6E1E5
DEBUG: DRAWING LABEL 'Speed' AT x=42, y=490 COLOR=00E6E1E5
DEBUG: DRAWING LABEL '88' AT x=42, y=510 COLOR=00E6E1E5
DEBUG: DRAWING LABEL 'km/h' AT x=42, y=630 COLOR=00E6E1E5
DEBUG: DRAWING LABEL 'Gear: Drive' AT x=192, y=510 COLOR=00E6E1E5
DEBUG: DRAWING LABEL 'Adjust AC to your comfort level' AT x=442, y=110 COLOR=00E6E1E5
DEBUG: DRAWING LABEL '23°C' AT x=647, y=150 COLOR=00E6E1E5
[2026-04-08 20:27:05] [34mINFO[0m [/home/yassineaa/AromaUI/src/widgets/aroma_image.c:82] aroma_image_draw: Skipping image draw - no texture loaded
[2026-04-08 20:27:05] [34mINFO[0m [/home/yassineaa/AromaUI/src/widgets/aroma_image.c:82] aroma_image_draw: Skipping image draw - no texture loaded
[2026-04-08 20:27:05] [34mINFO[0m [/home/yassineaa/AromaUI/src/widgets/aroma_image.c:82] aroma_image_draw: Skipping image draw - no texture loaded
DEBUG: DRAWING LABEL 'System Status' AT x=442, y=430 COLOR=00E6E1E5
[2026-04-08 20:27:05] [34mINFO[0m [/home/yassineaa/AromaUI/src/widgets/aroma_image.c:82] aroma_image_draw: Skipping image draw - no texture loaded
[2026-04-08 20:27:05] [34mINFO[0m [/home/yassineaa/AromaUI/src/widgets/aroma_image.c:82] aroma_image_draw: Skipping image draw - no texture loaded
[2026-04-08 20:27:05] [34mINFO[0m [/home/yassineaa/AromaUI/src/widgets/aroma_image.c:82] aroma_image_draw: Skipping image draw - no texture loaded
[2026-04-08 20:27:05] [34mINFO[0m [/home/yassineaa/AromaUI/src/widgets/aroma_image.c:82] aroma_image_draw: Skipping image draw - no texture loaded
[2026-04-08 20:27:05] [34mINFO[0m [/home/yassineaa/AromaUI/src/widgets/aroma_image.c:82] aroma_image_draw: Skipping image draw - no texture loaded
[2026-04-08 20:27:05] [34mINFO[0m [/home/yassineaa/AromaUI/src/widgets/aroma_image.c:82] aroma_image_draw: Skipping image draw - no texture loaded
[2026-04-08 20:27:05] [34mINFO[0m [/home/yassineaa/AromaUI/src/widgets/aroma_image.c:82] aroma_image_draw: Skipping image draw - no texture loaded
[2026-04-08 20:27:05] [34mINFO[0m [/home/yassineaa/AromaUI/src/widgets/aroma_image.c:82] aroma_image_draw: Skipping image draw - no texture loaded
DEBUG: DRAWING LABEL '  ' AT x=360, y=-60 COLOR=00E6E1E5
DEBUG: DRAWING LABEL '12:45 PM' AT x=50, y=30 COLOR=00E6E1E5
DEBUG: DRAWING LABEL 'San Francisco, 68°F' AT x=150, y=30 COLOR=00E6E1E5
DEBUG: DRAWING LABEL 'P' AT x=222, y=548 COLOR=00E6E1E5
DEBUG: DRAWING LABEL 'R' AT x=263, y=548 COLOR=00E6E1E5
DEBUG: DRAWING LABEL 'N' AT x=304, y=548 COLOR=00E6E1E5
DEBUG: DRAWING LABEL 'D' AT x=345, y=548 COLOR=00E6E1E5
[2026-04-08 20:27:05] [34mINFO[0m [/home/yassineaa/AromaUI/src/widgets/aroma_image.c:82] aroma_image_draw: Skipping image draw - no texture loaded
DEBUG: DRAWING LABEL 'Vehicle Status: All systems normal' AT x=114, y=290 COLOR=00E6E1E5
DEBUG: DRAWING LABEL '204' AT x=114, y=400 COLOR=00E6E1E5
DEBUG: DRAWING LABEL 'km' AT x=156, y=410 COLOR=00E6E1E5
DEBUG: DRAWING LABEL 'Remaining' AT x=114, y=430 COLOR=00E6E1E5
DEBUG: DRAWING LABEL '128' AT x=224, y=400 COLOR=00E6E1E5
DEBUG: DRAWING LABEL 'Wh' AT x=266, y=410 COLOR=00E6E1E5
DEBUG: DRAWING LABEL 'Average' AT x=224, y=430 COLOR=00E6E1E5
DEBUG: DRAWING LABEL '35.5' AT x=334, y=400 COLOR=00E6E1E5
DEBUG: DRAWING LABEL 'kWh' AT x=382, y=410 COLOR=00E6E1E5
DEBUG: DRAWING LABEL 'Fuel Capacity' AT x=334, y=430 COLOR=00E6E1E5
DEBUG: DRAWING LABEL 'Speed' AT x=64, y=490 COLOR=00E6E1E5
DEBUG: DRAWING LABEL '88' AT x=64, y=510 COLOR=00E6E1E5
DEBUG: DRAWING LABEL 'km/h' AT x=64, y=630 COLOR=00E6E1E5
DEBUG: DRAWING LABEL 'Gear: Drive' AT x=214, y=510 COLOR=00E6E1E5
DEBUG: DRAWING LABEL 'Adjust AC to your comfort level' AT x=464, y=110 COLOR=00E6E1E5
DEBUG: DRAWING LABEL '23°C' AT x=669, y=150 COLOR=00E6E1E5
[2026-04-08 20:27:05] [34mINFO[0m [/home/yassineaa/AromaUI/src/widgets/aroma_image.c:82] aroma_image_draw: Skipping image draw - no texture loaded
[2026-04-08 20:27:05] [34mINFO[0m [/home/yassineaa/AromaUI/src/widgets/aroma_image.c:82] aroma_image_draw: Skipping image draw - no texture loaded
[2026-04-08 20:27:05] [34mINFO[0m [/home/yassineaa/AromaUI/src/widgets/aroma_image.c:82] aroma_image_draw: Skipping image draw - no texture loaded
DEBUG: DRAWING LABEL 'System Status' AT x=464, y=430 COLOR=00E6E1E5
[2026-04-08 20:27:05] [34mINFO[0m [/home/yassineaa/AromaUI/src/widgets/aroma_image.c:82] aroma_image_draw: Skipping image draw - no texture loaded
[2026-04-08 20:27:05] [34mINFO[0m [/home/yassineaa/AromaUI/src/widgets/aroma_image.c:82] aroma_image_draw: Skipping image draw - no texture loaded
[2026-04-08 20:27:05] [34mINFO[0m [/home/yassineaa/AromaUI/src/widgets/aroma_image.c:82] aroma_image_draw: Skipping image draw - no texture loaded
[2026-04-08 20:27:05] [34mINFO[0m [/home/yassineaa/AromaUI/src/widgets/aroma_image.c:82] aroma_image_draw: Skipping image draw - no texture loaded
[2026-04-08 20:27:05] [34mINFO[0m [/home/yassineaa/AromaUI/src/widgets/aroma_image.c:82] aroma_image_draw: Skipping image draw - no texture loaded
[2026-04-08 20:27:05] [34mINFO[0m [/home/yassineaa/AromaUI/src/widgets/aroma_image.c:82] aroma_image_draw: Skipping image draw - no texture loaded
[2026-04-08 20:27:05] [34mINFO[0m [/home/yassineaa/AromaUI/src/widgets/aroma_image.c:82] aroma_image_draw: Skipping image draw - no texture loaded
[2026-04-08 20:27:05] [34mINFO[0m [/home/yassineaa/AromaUI/src/widgets/aroma_image.c:82] aroma_image_draw: Skipping image draw - no texture loaded
DEBUG: DRAWING LABEL '  ' AT x=360, y=-60 COLOR=00E6E1E5
DEBUG: DRAWING LABEL '12:45 PM' AT x=50, y=30 COLOR=00E6E1E5
DEBUG: DRAWING LABEL 'San Francisco, 68°F' AT x=150, y=30 COLOR=00E6E1E5
DEBUG: DRAWING LABEL 'P' AT x=244, y=548 COLOR=00E6E1E5
DEBUG: DRAWING LABEL 'R' AT x=285, y=548 COLOR=00E6E1E5
DEBUG: DRAWING LABEL 'N' AT x=326, y=548 COLOR=00E6E1E5
DEBUG: DRAWING LABEL 'D' AT x=367, y=548 COLOR=00E6E1E5
[2026-04-08 20:27:05] [34mINFO[0m [/home/yassineaa/AromaUI/src/widgets/aroma_image.c:82] aroma_image_draw: Skipping image draw - no texture loaded
DEBUG: DRAWING LABEL 'Vehicle Status: All systems normal' AT x=133, y=290 COLOR=00E6E1E5
DEBUG: DRAWING LABEL '204' AT x=133, y=400 COLOR=00E6E1E5
DEBUG: DRAWING LABEL 'km' AT x=175, y=410 COLOR=00E6E1E5
DEBUG: DRAWING LABEL 'Remaining' AT x=133, y=430 COLOR=00E6E1E5
DEBUG: DRAWING LABEL '128' AT x=243, y=400 COLOR=00E6E1E5
DEBUG: DRAWING LABEL 'Wh' AT x=285, y=410 COLOR=00E6E1E5
DEBUG: DRAWING LABEL 'Average' AT x=243, y=430 COLOR=00E6E1E5
DEBUG: DRAWING LABEL '35.5' AT x=353, y=400 COLOR=00E6E1E5
DEBUG: DRAWING LABEL 'kWh' AT x=401, y=410 COLOR=00E6E1E5
DEBUG: DRAWING LABEL 'Fuel Capacity' AT x=353, y=430 COLOR=00E6E1E5
DEBUG: DRAWING LABEL 'Speed' AT x=83, y=490 COLOR=00E6E1E5
DEBUG: DRAWING LABEL '88' AT x=83, y=510 COLOR=00E6E1E5
DEBUG: DRAWING LABEL 'km/h' AT x=83, y=630 COLOR=00E6E1E5
DEBUG: DRAWING LABEL 'Gear: Drive' AT x=233, y=510 COLOR=00E6E1E5
DEBUG: DRAWING LABEL 'Adjust AC to your comfort level' AT x=483, y=110 COLOR=00E6E1E5
DEBUG: DRAWING LABEL '23°C' AT x=688, y=150 COLOR=00E6E1E5
[2026-04-08 20:27:05] [34mINFO[0m [/home/yassineaa/AromaUI/src/widgets/aroma_image.c:82] aroma_image_draw: Skipping image draw - no texture loaded
[2026-04-08 20:27:05] [34mINFO[0m [/home/yassineaa/AromaUI/src/widgets/aroma_image.c:82] aroma_image_draw: Skipping image draw - no texture loaded
[2026-04-08 20:27:05] [34mINFO[0m [/home/yassineaa/AromaUI/src/widgets/aroma_image.c:82] aroma_image_draw: Skipping image draw - no texture loaded
DEBUG: DRAWING LABEL 'System Status' AT x=483, y=430 COLOR=00E6E1E5
[2026-04-08 20:27:05] [34mINFO[0m [/home/yassineaa/AromaUI/src/widgets/aroma_image.c:82] aroma_image_draw: Skipping image draw - no texture loaded
[2026-04-08 20:27:05] [34mINFO[0m [/home/yassineaa/AromaUI/src/widgets/aroma_image.c:82] aroma_image_draw: Skipping image draw - no texture loaded
[2026-04-08 20:27:05] [34mINFO[0m [/home/yassineaa/AromaUI/src/widgets/aroma_image.c:82] aroma_image_draw: Skipping image draw - no texture loaded
[2026-04-08 20:27:05] [34mINFO[0m [/home/yassineaa/AromaUI/src/widgets/aroma_image.c:82] aroma_image_draw: Skipping image draw - no texture loaded
[2026-04-08 20:27:05] [34mINFO[0m [/home/yassineaa/AromaUI/src/widgets/aroma_image.c:82] aroma_image_draw: Skipping image draw - no texture loaded
[2026-04-08 20:27:05] [34mINFO[0m [/home/yassineaa/AromaUI/src/widgets/aroma_image.c:82] aroma_image_draw: Skipping image draw - no texture loaded
[2026-04-08 20:27:05] [34mINFO[0m [/home/yassineaa/AromaUI/src/widgets/aroma_image.c:82] aroma_image_draw: Skipping image draw - no texture loaded
[2026-04-08 20:27:05] [34mINFO[0m [/home/yassineaa/AromaUI/src/widgets/aroma_image.c:82] aroma_image_draw: Skipping image draw - no texture loaded
DEBUG: DRAWING LABEL '  ' AT x=360, y=-60 COLOR=00E6E1E5
DEBUG: DRAWING LABEL '12:45 PM' AT x=50, y=30 COLOR=00E6E1E5
DEBUG: DRAWING LABEL 'San Francisco, 68°F' AT x=150, y=30 COLOR=00E6E1E5
DEBUG: DRAWING LABEL 'P' AT x=263, y=548 COLOR=00E6E1E5
DEBUG: DRAWING LABEL 'R' AT x=304, y=548 COLOR=00E6E1E5
DEBUG: DRAWING LABEL 'N' AT x=345, y=548 COLOR=00E6E1E5
DEBUG: DRAWING LABEL 'D' AT x=386, y=548 COLOR=00E6E1E5
[2026-04-08 20:27:05] [34mINFO[0m [/home/yassineaa/AromaUI/src/widgets/aroma_image.c:82] aroma_image_draw: Skipping image draw - no texture loaded
DEBUG: DRAWING LABEL 'Vehicle Status: All systems normal' AT x=147, y=290 COLOR=00E6E1E5
DEBUG: DRAWING LABEL '204' AT x=147, y=400 COLOR=00E6E1E5
DEBUG: DRAWING LABEL 'km' AT x=189, y=410 COLOR=00E6E1E5
DEBUG: DRAWING LABEL 'Remaining' AT x=147, y=430 COLOR=00E6E1E5
DEBUG: DRAWING LABEL '128' AT x=257, y=400 COLOR=00E6E1E5
DEBUG: DRAWING LABEL 'Wh' AT x=299, y=410 COLOR=00E6E1E5
DEBUG: DRAWING LABEL 'Average' AT x=257, y=430 COLOR=00E6E1E5
DEBUG: DRAWING LABEL '35.5' AT x=367, y=400 COLOR=00E6E1E5
DEBUG: DRAWING LABEL 'kWh' AT x=415, y=410 COLOR=00E6E1E5
DEBUG: DRAWING LABEL 'Fuel Capacity' AT x=367, y=430 COLOR=00E6E1E5
DEBUG: DRAWING LABEL 'Speed' AT x=97, y=490 COLOR=00E6E1E5
DEBUG: DRAWING LABEL '88' AT x=97, y=510 COLOR=00E6E1E5
DEBUG: DRAWING LABEL 'km/h' AT x=97, y=630 COLOR=00E6E1E5
DEBUG: DRAWING LABEL 'Gear: Drive' AT x=247, y=510 COLOR=00E6E1E5
DEBUG: DRAWING LABEL 'Adjust AC to your comfort level' AT x=497, y=110 COLOR=00E6E1E5
DEBUG: DRAWING LABEL '23°C' AT x=702, y=150 COLOR=00E6E1E5
[2026-04-08 20:27:05] [34mINFO[0m [/home/yassineaa/AromaUI/src/widgets/aroma_image.c:82] aroma_image_draw: Skipping image draw - no texture loaded
[2026-04-08 20:27:05] [34mINFO[0m [/home/yassineaa/AromaUI/src/widgets/aroma_image.c:82] aroma_image_draw: Skipping image draw - no texture loaded
[2026-04-08 20:27:05] [34mINFO[0m [/home/yassineaa/AromaUI/src/widgets/aroma_image.c:82] aroma_image_draw: Skipping image draw - no texture loaded
DEBUG: DRAWING LABEL 'System Status' AT x=497, y=430 COLOR=00E6E1E5
[2026-04-08 20:27:05] [34mINFO[0m [/home/yassineaa/AromaUI/src/widgets/aroma_image.c:82] aroma_image_draw: Skipping image draw - no texture loaded
[2026-04-08 20:27:05] [34mINFO[0m [/home/yassineaa/AromaUI/src/widgets/aroma_image.c:82] aroma_image_draw: Skipping image draw - no texture loaded
[2026-04-08 20:27:05] [34mINFO[0m [/home/yassineaa/AromaUI/src/widgets/aroma_image.c:82] aroma_image_draw: Skipping image draw - no texture loaded
[2026-04-08 20:27:05] [34mINFO[0m [/home/yassineaa/AromaUI/src/widgets/aroma_image.c:82] aroma_image_draw: Skipping image draw - no texture loaded
[2026-04-08 20:27:05] [34mINFO[0m [/home/yassineaa/AromaUI/src/widgets/aroma_image.c:82] aroma_image_draw: Skipping image draw - no texture loaded
[2026-04-08 20:27:05] [34mINFO[0m [/home/yassineaa/AromaUI/src/widgets/aroma_image.c:82] aroma_image_draw: Skipping image draw - no texture loaded
[2026-04-08 20:27:05] [34mINFO[0m [/home/yassineaa/AromaUI/src/widgets/aroma_image.c:82] aroma_image_draw: Skipping image draw - no texture loaded
[2026-04-08 20:27:05] [34mINFO[0m [/home/yassineaa/AromaUI/src/widgets/aroma_image.c:82] aroma_image_draw: Skipping image draw - no texture loaded
DEBUG: DRAWING LABEL '  ' AT x=360, y=-60 COLOR=00E6E1E5
DEBUG: DRAWING LABEL '12:45 PM' AT x=50, y=30 COLOR=00E6E1E5
DEBUG: DRAWING LABEL 'San Francisco, 68°F' AT x=150, y=30 COLOR=00E6E1E5
DEBUG: DRAWING LABEL 'P' AT x=277, y=548 COLOR=00E6E1E5
DEBUG: DRAWING LABEL 'R' AT x=318, y=548 COLOR=00E6E1E5
DEBUG: DRAWING LABEL 'N' AT x=359, y=548 COLOR=00E6E1E5
DEBUG: DRAWING LABEL 'D' AT x=400, y=548 COLOR=00E6E1E5
[2026-04-08 20:27:05] [34mINFO[0m [/home/yassineaa/AromaUI/src/widgets/aroma_image.c:82] aroma_image_draw: Skipping image draw - no texture loaded
DEBUG: DRAWING LABEL 'Vehicle Status: All systems normal' AT x=161, y=290 COLOR=00E6E1E5
DEBUG: DRAWING LABEL '204' AT x=161, y=400 COLOR=00E6E1E5
DEBUG: DRAWING LABEL 'km' AT x=203, y=410 COLOR=00E6E1E5
DEBUG: DRAWING LABEL 'Remaining' AT x=161, y=430 COLOR=00E6E1E5
DEBUG: DRAWING LABEL '128' AT x=271, y=400 COLOR=00E6E1E5
DEBUG: DRAWING LABEL 'Wh' AT x=313, y=410 COLOR=00E6E1E5
DEBUG: DRAWING LABEL 'Average' AT x=271, y=430 COLOR=00E6E1E5
DEBUG: DRAWING LABEL '35.5' AT x=381, y=400 COLOR=00E6E1E5
DEBUG: DRAWING LABEL 'kWh' AT x=429, y=410 COLOR=00E6E1E5
DEBUG: DRAWING LABEL 'Fuel Capacity' AT x=381, y=430 COLOR=00E6E1E5
DEBUG: DRAWING LABEL 'Speed' AT x=111, y=490 COLOR=00E6E1E5
DEBUG: DRAWING LABEL '88' AT x=111, y=510 COLOR=00E6E1E5
DEBUG: DRAWING LABEL 'km/h' AT x=111, y=630 COLOR=00E6E1E5
DEBUG: DRAWING LABEL 'Gear: Drive' AT x=261, y=510 COLOR=00E6E1E5
DEBUG: DRAWING LABEL 'Adjust AC to your comfort level' AT x=511, y=110 COLOR=00E6E1E5
DEBUG: DRAWING LABEL '23°C' AT x=716, y=150 COLOR=00E6E1E5
[2026-04-08 20:27:05] [34mINFO[0m [/home/yassineaa/AromaUI/src/widgets/aroma_image.c:82] aroma_image_draw: Skipping image draw - no texture loaded
[2026-04-08 20:27:05] [34mINFO[0m [/home/yassineaa/AromaUI/src/widgets/aroma_image.c:82] aroma_image_draw: Skipping image draw - no texture loaded
[2026-04-08 20:27:05] [34mINFO[0m [/home/yassineaa/AromaUI/src/widgets/aroma_image.c:82] aroma_image_draw: Skipping image draw - no texture loaded
DEBUG: DRAWING LABEL 'System Status' AT x=511, y=430 COLOR=00E6E1E5
[2026-04-08 20:27:05] [34mINFO[0m [/home/yassineaa/AromaUI/src/widgets/aroma_image.c:82] aroma_image_draw: Skipping image draw - no texture loaded
[2026-04-08 20:27:05] [34mINFO[0m [/home/yassineaa/AromaUI/src/widgets/aroma_image.c:82] aroma_image_draw: Skipping image draw - no texture loaded
[2026-04-08 20:27:05] [34mINFO[0m [/home/yassineaa/AromaUI/src/widgets/aroma_image.c:82] aroma_image_draw: Skipping image draw - no texture loaded
[2026-04-08 20:27:05] [34mINFO[0m [/home/yassineaa/AromaUI/src/widgets/aroma_image.c:82] aroma_image_draw: Skipping image draw - no texture loaded
[2026-04-08 20:27:05] [34mINFO[0m [/home/yassineaa/AromaUI/src/widgets/aroma_image.c:82] aroma_image_draw: Skipping image draw - no texture loaded
[2026-04-08 20:27:05] [34mINFO[0m [/home/yassineaa/AromaUI/src/widgets/aroma_image.c:82] aroma_image_draw: Skipping image draw - no texture loaded
[2026-04-08 20:27:05] [34mINFO[0m [/home/yassineaa/AromaUI/src/widgets/aroma_image.c:82] aroma_image_draw: Skipping image draw - no texture loaded
[2026-04-08 20:27:05] [34mINFO[0m [/home/yassineaa/AromaUI/src/widgets/aroma_image.c:82] aroma_image_draw: Skipping image draw - no texture loaded
DEBUG: DRAWING LABEL '  ' AT x=360, y=-60 COLOR=00E6E1E5
DEBUG: DRAWING LABEL '12:45 PM' AT x=50, y=30 COLOR=00E6E1E5
DEBUG: DRAWING LABEL 'San Francisco, 68°F' AT x=150, y=30 COLOR=00E6E1E5
DEBUG: DRAWING LABEL 'P' AT x=291, y=548 COLOR=00E6E1E5
DEBUG: DRAWING LABEL 'R' AT x=332, y=548 COLOR=00E6E1E5
DEBUG: DRAWING LABEL 'N' AT x=373, y=548 COLOR=00E6E1E5
DEBUG: DRAWING LABEL 'D' AT x=414, y=548 COLOR=00E6E1E5
[2026-04-08 20:27:05] [34mINFO[0m [/home/yassineaa/AromaUI/src/widgets/aroma_image.c:82] aroma_image_draw: Skipping image draw - no texture loaded
DEBUG: DRAWING LABEL 'Vehicle Status: All systems normal' AT x=172, y=290 COLOR=00E6E1E5
DEBUG: DRAWING LABEL '204' AT x=172, y=400 COLOR=00E6E1E5
DEBUG: DRAWING LABEL 'km' AT x=214, y=410 COLOR=00E6E1E5
DEBUG: DRAWING LABEL 'Remaining' AT x=172, y=430 COLOR=00E6E1E5
DEBUG: DRAWING LABEL '128' AT x=282, y=400 COLOR=00E6E1E5
DEBUG: DRAWING LABEL 'Wh' AT x=324, y=410 COLOR=00E6E1E5
DEBUG: DRAWING LABEL 'Average' AT x=282, y=430 COLOR=00E6E1E5
DEBUG: DRAWING LABEL '35.5' AT x=392, y=400 COLOR=00E6E1E5
DEBUG: DRAWING LABEL 'kWh' AT x=440, y=410 COLOR=00E6E1E5
DEBUG: DRAWING LABEL 'Fuel Capacity' AT x=392, y=430 COLOR=00E6E1E5
DEBUG: DRAWING LABEL 'Speed' AT x=122, y=490 COLOR=00E6E1E5
DEBUG: DRAWING LABEL '88' AT x=122, y=510 COLOR=00E6E1E5
DEBUG: DRAWING LABEL 'km/h' AT x=122, y=630 COLOR=00E6E1E5
DEBUG: DRAWING LABEL 'Gear: Drive' AT x=272, y=510 COLOR=00E6E1E5
DEBUG: DRAWING LABEL 'Adjust AC to your comfort level' AT x=522, y=110 COLOR=00E6E1E5
DEBUG: DRAWING LABEL '23°C' AT x=727, y=150 COLOR=00E6E1E5
[2026-04-08 20:27:05] [34mINFO[0m [/home/yassineaa/AromaUI/src/widgets/aroma_image.c:82] aroma_image_draw: Skipping image draw - no texture loaded
[2026-04-08 20:27:05] [34mINFO[0m [/home/yassineaa/AromaUI/src/widgets/aroma_image.c:82] aroma_image_draw: Skipping image draw - no texture loaded
[2026-04-08 20:27:05] [34mINFO[0m [/home/yassineaa/AromaUI/src/widgets/aroma_image.c:82] aroma_image_draw: Skipping image draw - no texture loaded
DEBUG: DRAWING LABEL 'System Status' AT x=522, y=430 COLOR=00E6E1E5
[2026-04-08 20:27:05] [34mINFO[0m [/home/yassineaa/AromaUI/src/widgets/aroma_image.c:82] aroma_image_draw: Skipping image draw - no texture loaded
[2026-04-08 20:27:05] [34mINFO[0m [/home/yassineaa/AromaUI/src/widgets/aroma_image.c:82] aroma_image_draw: Skipping image draw - no texture loaded
[2026-04-08 20:27:05] [34mINFO[0m [/home/yassineaa/AromaUI/src/widgets/aroma_image.c:82] aroma_image_draw: Skipping image draw - no texture loaded
[2026-04-08 20:27:05] [34mINFO[0m [/home/yassineaa/AromaUI/src/widgets/aroma_image.c:82] aroma_image_draw: Skipping image draw - no texture loaded
[2026-04-08 20:27:05] [34mINFO[0m [/home/yassineaa/AromaUI/src/widgets/aroma_image.c:82] aroma_image_draw: Skipping image draw - no texture loaded
[2026-04-08 20:27:05] [34mINFO[0m [/home/yassineaa/AromaUI/src/widgets/aroma_image.c:82] aroma_image_draw: Skipping image draw - no texture loaded
[2026-04-08 20:27:05] [34mINFO[0m [/home/yassineaa/AromaUI/src/widgets/aroma_image.c:82] aroma_image_draw: Skipping image draw - no texture loaded
[2026-04-08 20:27:05] [34mINFO[0m [/home/yassineaa/AromaUI/src/widgets/aroma_image.c:82] aroma_image_draw: Skipping image draw - no texture loaded
DEBUG: DRAWING LABEL '  ' AT x=360, y=-60 COLOR=00E6E1E5
DEBUG: DRAWING LABEL '12:45 PM' AT x=50, y=30 COLOR=00E6E1E5
DEBUG: DRAWING LABEL 'San Francisco, 68°F' AT x=150, y=30 COLOR=00E6E1E5
DEBUG: DRAWING LABEL 'P' AT x=302, y=548 COLOR=00E6E1E5
DEBUG: DRAWING LABEL 'R' AT x=343, y=548 COLOR=00E6E1E5
DEBUG: DRAWING LABEL 'N' AT x=384, y=548 COLOR=00E6E1E5
DEBUG: DRAWING LABEL 'D' AT x=425, y=548 COLOR=00E6E1E5
[2026-04-08 20:27:05] [34mINFO[0m [/home/yassineaa/AromaUI/src/widgets/aroma_image.c:82] aroma_image_draw: Skipping image draw - no texture loaded
DEBUG: DRAWING LABEL 'Vehicle Status: All systems normal' AT x=183, y=290 COLOR=00E6E1E5
DEBUG: DRAWING LABEL '204' AT x=183, y=400 COLOR=00E6E1E5
DEBUG: DRAWING LABEL 'km' AT x=225, y=410 COLOR=00E6E1E5
DEBUG: DRAWING LABEL 'Remaining' AT x=183, y=430 COLOR=00E6E1E5
DEBUG: DRAWING LABEL '128' AT x=293, y=400 COLOR=00E6E1E5
DEBUG: DRAWING LABEL 'Wh' AT x=335, y=410 COLOR=00E6E1E5
DEBUG: DRAWING LABEL 'Average' AT x=293, y=430 COLOR=00E6E1E5
DEBUG: DRAWING LABEL '35.5' AT x=403, y=400 COLOR=00E6E1E5
DEBUG: DRAWING LABEL 'kWh' AT x=451, y=410 COLOR=00E6E1E5
DEBUG: DRAWING LABEL 'Fuel Capacity' AT x=403, y=430 COLOR=00E6E1E5
DEBUG: DRAWING LABEL 'Speed' AT x=133, y=490 COLOR=00E6E1E5
DEBUG: DRAWING LABEL '88' AT x=133, y=510 COLOR=00E6E1E5
DEBUG: DRAWING LABEL 'km/h' AT x=133, y=630 COLOR=00E6E1E5
DEBUG: DRAWING LABEL 'Gear: Drive' AT x=283, y=510 COLOR=00E6E1E5
DEBUG: DRAWING LABEL 'Adjust AC to your comfort level' AT x=533, y=110 COLOR=00E6E1E5
DEBUG: DRAWING LABEL '23°C' AT x=738, y=150 COLOR=00E6E1E5
[2026-04-08 20:27:05] [34mINFO[0m [/home/yassineaa/AromaUI/src/widgets/aroma_image.c:82] aroma_image_draw: Skipping image draw - no texture loaded
[2026-04-08 20:27:05] [34mINFO[0m [/home/yassineaa/AromaUI/src/widgets/aroma_image.c:82] aroma_image_draw: Skipping image draw - no texture loaded
[2026-04-08 20:27:05] [34mINFO[0m [/home/yassineaa/AromaUI/src/widgets/aroma_image.c:82] aroma_image_draw: Skipping image draw - no texture loaded
DEBUG: DRAWING LABEL 'System Status' AT x=533, y=430 COLOR=00E6E1E5
[2026-04-08 20:27:05] [34mINFO[0m [/home/yassineaa/AromaUI/src/widgets/aroma_image.c:82] aroma_image_draw: Skipping image draw - no texture loaded
[2026-04-08 20:27:05] [34mINFO[0m [/home/yassineaa/AromaUI/src/widgets/aroma_image.c:82] aroma_image_draw: Skipping image draw - no texture loaded
[2026-04-08 20:27:05] [34mINFO[0m [/home/yassineaa/AromaUI/src/widgets/aroma_image.c:82] aroma_image_draw: Skipping image draw - no texture loaded
[2026-04-08 20:27:05] [34mINFO[0m [/home/yassineaa/AromaUI/src/widgets/aroma_image.c:82] aroma_image_draw: Skipping image draw - no texture loaded
[2026-04-08 20:27:05] [34mINFO[0m [/home/yassineaa/AromaUI/src/widgets/aroma_image.c:82] aroma_image_draw: Skipping image draw - no texture loaded
[2026-04-08 20:27:05] [34mINFO[0m [/home/yassineaa/AromaUI/src/widgets/aroma_image.c:82] aroma_image_draw: Skipping image draw - no texture loaded
[2026-04-08 20:27:05] [34mINFO[0m [/home/yassineaa/AromaUI/src/widgets/aroma_image.c:82] aroma_image_draw: Skipping image draw - no texture loaded
[2026-04-08 20:27:05] [34mINFO[0m [/home/yassineaa/AromaUI/src/widgets/aroma_image.c:82] aroma_image_draw: Skipping image draw - no texture loaded
DEBUG: DRAWING LABEL '  ' AT x=360, y=-60 COLOR=00E6E1E5
DEBUG: DRAWING LABEL '12:45 PM' AT x=50, y=30 COLOR=00E6E1E5
DEBUG: DRAWING LABEL 'San Francisco, 68°F' AT x=150, y=30 COLOR=00E6E1E5
DEBUG: DRAWING LABEL 'P' AT x=313, y=548 COLOR=00E6E1E5
DEBUG: DRAWING LABEL 'R' AT x=354, y=548 COLOR=00E6E1E5
DEBUG: DRAWING LABEL 'N' AT x=395, y=548 COLOR=00E6E1E5
DEBUG: DRAWING LABEL 'D' AT x=436, y=548 COLOR=00E6E1E5
[2026-04-08 20:27:05] [34mINFO[0m [/home/yassineaa/AromaUI/src/widgets/aroma_image.c:82] aroma_image_draw: Skipping image draw - no texture loaded
DEBUG: DRAWING LABEL 'Vehicle Status: All systems normal' AT x=191, y=290 COLOR=00E6E1E5
DEBUG: DRAWING LABEL '204' AT x=191, y=400 COLOR=00E6E1E5
DEBUG: DRAWING LABEL 'km' AT x=233, y=410 COLOR=00E6E1E5
DEBUG: DRAWING LABEL 'Remaining' AT x=191, y=430 COLOR=00E6E1E5
DEBUG: DRAWING LABEL '128' AT x=301, y=400 COLOR=00E6E1E5
DEBUG: DRAWING LABEL 'Wh' AT x=343, y=410 COLOR=00E6E1E5
DEBUG: DRAWING LABEL 'Average' AT x=301, y=430 COLOR=00E6E1E5
DEBUG: DRAWING LABEL '35.5' AT x=411, y=400 COLOR=00E6E1E5
DEBUG: DRAWING LABEL 'kWh' AT x=459, y=410 COLOR=00E6E1E5
DEBUG: DRAWING LABEL 'Fuel Capacity' AT x=411, y=430 COLOR=00E6E1E5
DEBUG: DRAWING LABEL 'Speed' AT x=141, y=490 COLOR=00E6E1E5
DEBUG: DRAWING LABEL '88' AT x=141, y=510 COLOR=00E6E1E5
DEBUG: DRAWING LABEL 'km/h' AT x=141, y=630 COLOR=00E6E1E5
DEBUG: DRAWING LABEL 'Gear: Drive' AT x=291, y=510 COLOR=00E6E1E5
DEBUG: DRAWING LABEL 'Adjust AC to your comfort level' AT x=541, y=110 COLOR=00E6E1E5
DEBUG: DRAWING LABEL '23°C' AT x=746, y=150 COLOR=00E6E1E5
[2026-04-08 20:27:05] [34mINFO[0m [/home/yassineaa/AromaUI/src/widgets/aroma_image.c:82] aroma_image_draw: Skipping image draw - no texture loaded
[2026-04-08 20:27:05] [34mINFO[0m [/home/yassineaa/AromaUI/src/widgets/aroma_image.c:82] aroma_image_draw: Skipping image draw - no texture loaded
[2026-04-08 20:27:05] [34mINFO[0m [/home/yassineaa/AromaUI/src/widgets/aroma_image.c:82] aroma_image_draw: Skipping image draw - no texture loaded
DEBUG: DRAWING LABEL 'System Status' AT x=541, y=430 COLOR=00E6E1E5
[2026-04-08 20:27:05] [34mINFO[0m [/home/yassineaa/AromaUI/src/widgets/aroma_image.c:82] aroma_image_draw: Skipping image draw - no texture loaded
[2026-04-08 20:27:05] [34mINFO[0m [/home/yassineaa/AromaUI/src/widgets/aroma_image.c:82] aroma_image_draw: Skipping image draw - no texture loaded
[2026-04-08 20:27:05] [34mINFO[0m [/home/yassineaa/AromaUI/src/widgets/aroma_image.c:82] aroma_image_draw: Skipping image draw - no texture loaded
[2026-04-08 20:27:05] [34mINFO[0m [/home/yassineaa/AromaUI/src/widgets/aroma_image.c:82] aroma_image_draw: Skipping image draw - no texture loaded
[2026-04-08 20:27:05] [34mINFO[0m [/home/yassineaa/AromaUI/src/widgets/aroma_image.c:82] aroma_image_draw: Skipping image draw - no texture loaded
[2026-04-08 20:27:05] [34mINFO[0m [/home/yassineaa/AromaUI/src/widgets/aroma_image.c:82] aroma_image_draw: Skipping image draw - no texture loaded
[2026-04-08 20:27:05] [34mINFO[0m [/home/yassineaa/AromaUI/src/widgets/aroma_image.c:82] aroma_image_draw: Skipping image draw - no texture loaded
[2026-04-08 20:27:05] [34mINFO[0m [/home/yassineaa/AromaUI/src/widgets/aroma_image.c:82] aroma_image_draw: Skipping image draw - no texture loaded
DEBUG: DRAWING LABEL '  ' AT x=360, y=-60 COLOR=00E6E1E5
DEBUG: DRAWING LABEL '12:45 PM' AT x=50, y=30 COLOR=00E6E1E5
DEBUG: DRAWING LABEL 'San Francisco, 68°F' AT x=150, y=30 COLOR=00E6E1E5
DEBUG: DRAWING LABEL 'P' AT x=321, y=548 COLOR=00E6E1E5
DEBUG: DRAWING LABEL 'R' AT x=362, y=548 COLOR=00E6E1E5
DEBUG: DRAWING LABEL 'N' AT x=403, y=548 COLOR=00E6E1E5
DEBUG: DRAWING LABEL 'D' AT x=444, y=548 COLOR=00E6E1E5
[2026-04-08 20:27:05] [34mINFO[0m [/home/yassineaa/AromaUI/src/widgets/aroma_image.c:82] aroma_image_draw: Skipping image draw - no texture loaded
DEBUG: DRAWING LABEL 'Vehicle Status: All systems normal' AT x=197, y=290 COLOR=00E6E1E5
DEBUG: DRAWING LABEL '204' AT x=197, y=400 COLOR=00E6E1E5
DEBUG: DRAWING LABEL 'km' AT x=239, y=410 COLOR=00E6E1E5
DEBUG: DRAWING LABEL 'Remaining' AT x=197, y=430 COLOR=00E6E1E5
DEBUG: DRAWING LABEL '128' AT x=307, y=400 COLOR=00E6E1E5
DEBUG: DRAWING LABEL 'Wh' AT x=349, y=410 COLOR=00E6E1E5
DEBUG: DRAWING LABEL 'Average' AT x=307, y=430 COLOR=00E6E1E5
DEBUG: DRAWING LABEL '35.5' AT x=417, y=400 COLOR=00E6E1E5
DEBUG: DRAWING LABEL 'kWh' AT x=465, y=410 COLOR=00E6E1E5
DEBUG: DRAWING LABEL 'Fuel Capacity' AT x=417, y=430 COLOR=00E6E1E5
DEBUG: DRAWING LABEL 'Speed' AT x=147, y=490 COLOR=00E6E1E5
DEBUG: DRAWING LABEL '88' AT x=147, y=510 COLOR=00E6E1E5
DEBUG: DRAWING LABEL 'km/h' AT x=147, y=630 COLOR=00E6E1E5
DEBUG: DRAWING LABEL 'Gear: Drive' AT x=297, y=510 COLOR=00E6E1E5
DEBUG: DRAWING LABEL 'Adjust AC to your comfort level' AT x=547, y=110 COLOR=00E6E1E5
DEBUG: DRAWING LABEL '23°C' AT x=752, y=150 COLOR=00E6E1E5
[2026-04-08 20:27:05] [34mINFO[0m [/home/yassineaa/AromaUI/src/widgets/aroma_image.c:82] aroma_image_draw: Skipping image draw - no texture loaded
[2026-04-08 20:27:05] [34mINFO[0m [/home/yassineaa/AromaUI/src/widgets/aroma_image.c:82] aroma_image_draw: Skipping image draw - no texture loaded
[2026-04-08 20:27:05] [34mINFO[0m [/home/yassineaa/AromaUI/src/widgets/aroma_image.c:82] aroma_image_draw: Skipping image draw - no texture loaded
DEBUG: DRAWING LABEL 'System Status' AT x=547, y=430 COLOR=00E6E1E5
[2026-04-08 20:27:05] [34mINFO[0m [/home/yassineaa/AromaUI/src/widgets/aroma_image.c:82] aroma_image_draw: Skipping image draw - no texture loaded
[2026-04-08 20:27:05] [34mINFO[0m [/home/yassineaa/AromaUI/src/widgets/aroma_image.c:82] aroma_image_draw: Skipping image draw - no texture loaded
[2026-04-08 20:27:05] [34mINFO[0m [/home/yassineaa/AromaUI/src/widgets/aroma_image.c:82] aroma_image_draw: Skipping image draw - no texture loaded
[2026-04-08 20:27:05] [34mINFO[0m [/home/yassineaa/AromaUI/src/widgets/aroma_image.c:82] aroma_image_draw: Skipping image draw - no texture loaded
[2026-04-08 20:27:05] [34mINFO[0m [/home/yassineaa/AromaUI/src/widgets/aroma_image.c:82] aroma_image_draw: Skipping image draw - no texture loaded
[2026-04-08 20:27:05] [34mINFO[0m [/home/yassineaa/AromaUI/src/widgets/aroma_image.c:82] aroma_image_draw: Skipping image draw - no texture loaded
[2026-04-08 20:27:05] [34mINFO[0m [/home/yassineaa/AromaUI/src/widgets/aroma_image.c:82] aroma_image_draw: Skipping image draw - no texture loaded
[2026-04-08 20:27:05] [34mINFO[0m [/home/yassineaa/AromaUI/src/widgets/aroma_image.c:82] aroma_image_draw: Skipping image draw - no texture loaded
DEBUG: DRAWING LABEL '  ' AT x=360, y=-60 COLOR=00E6E1E5
DEBUG: DRAWING LABEL '12:45 PM' AT x=50, y=30 COLOR=00E6E1E5
DEBUG: DRAWING LABEL 'San Francisco, 68°F' AT x=150, y=30 COLOR=00E6E1E5
DEBUG: DRAWING LABEL 'P' AT x=327, y=548 COLOR=00E6E1E5
DEBUG: DRAWING LABEL 'R' AT x=368, y=548 COLOR=00E6E1E5
DEBUG: DRAWING LABEL 'N' AT x=409, y=548 COLOR=00E6E1E5
DEBUG: DRAWING LABEL 'D' AT x=450, y=548 COLOR=00E6E1E5
[2026-04-08 20:27:05] [34mINFO[0m [/home/yassineaa/AromaUI/src/widgets/aroma_image.c:82] aroma_image_draw: Skipping image draw - no texture loaded
DEBUG: DRAWING LABEL 'Vehicle Status: All systems normal' AT x=203, y=290 COLOR=00E6E1E5
DEBUG: DRAWING LABEL '204' AT x=203, y=400 COLOR=00E6E1E5
DEBUG: DRAWING LABEL 'km' AT x=245, y=410 COLOR=00E6E1E5
DEBUG: DRAWING LABEL 'Remaining' AT x=203, y=430 COLOR=00E6E1E5
DEBUG: DRAWING LABEL '128' AT x=313, y=400 COLOR=00E6E1E5
DEBUG: DRAWING LABEL 'Wh' AT x=355, y=410 COLOR=00E6E1E5
DEBUG: DRAWING LABEL 'Average' AT x=313, y=430 COLOR=00E6E1E5
DEBUG: DRAWING LABEL '35.5' AT x=423, y=400 COLOR=00E6E1E5
DEBUG: DRAWING LABEL 'kWh' AT x=471, y=410 COLOR=00E6E1E5
DEBUG: DRAWING LABEL 'Fuel Capacity' AT x=423, y=430 COLOR=00E6E1E5
DEBUG: DRAWING LABEL 'Speed' AT x=153, y=490 COLOR=00E6E1E5
DEBUG: DRAWING LABEL '88' AT x=153, y=510 COLOR=00E6E1E5
DEBUG: DRAWING LABEL 'km/h' AT x=153, y=630 COLOR=00E6E1E5
DEBUG: DRAWING LABEL 'Gear: Drive' AT x=303, y=510 COLOR=00E6E1E5
DEBUG: DRAWING LABEL 'Adjust AC to your comfort level' AT x=553, y=110 COLOR=00E6E1E5
DEBUG: DRAWING LABEL '23°C' AT x=758, y=150 COLOR=00E6E1E5
[2026-04-08 20:27:05] [34mINFO[0m [/home/yassineaa/AromaUI/src/widgets/aroma_image.c:82] aroma_image_draw: Skipping image draw - no texture loaded
[2026-04-08 20:27:05] [34mINFO[0m [/home/yassineaa/AromaUI/src/widgets/aroma_image.c:82] aroma_image_draw: Skipping image draw - no texture loaded
[2026-04-08 20:27:05] [34mINFO[0m [/home/yassineaa/AromaUI/src/widgets/aroma_image.c:82] aroma_image_draw: Skipping image draw - no texture loaded
DEBUG: DRAWING LABEL 'System Status' AT x=553, y=430 COLOR=00E6E1E5
[2026-04-08 20:27:05] [34mINFO[0m [/home/yassineaa/AromaUI/src/widgets/aroma_image.c:82] aroma_image_draw: Skipping image draw - no texture loaded
[2026-04-08 20:27:05] [34mINFO[0m [/home/yassineaa/AromaUI/src/widgets/aroma_image.c:82] aroma_image_draw: Skipping image draw - no texture loaded
[2026-04-08 20:27:05] [34mINFO[0m [/home/yassineaa/AromaUI/src/widgets/aroma_image.c:82] aroma_image_draw: Skipping image draw - no texture loaded
[2026-04-08 20:27:05] [34mINFO[0m [/home/yassineaa/AromaUI/src/widgets/aroma_image.c:82] aroma_image_draw: Skipping image draw - no texture loaded
[2026-04-08 20:27:05] [34mINFO[0m [/home/yassineaa/AromaUI/src/widgets/aroma_image.c:82] aroma_image_draw: Skipping image draw - no texture loaded
[2026-04-08 20:27:05] [34mINFO[0m [/home/yassineaa/AromaUI/src/widgets/aroma_image.c:82] aroma_image_draw: Skipping image draw - no texture loaded
[2026-04-08 20:27:05] [34mINFO[0m [/home/yassineaa/AromaUI/src/widgets/aroma_image.c:82] aroma_image_draw: Skipping image draw - no texture loaded
[2026-04-08 20:27:05] [34mINFO[0m [/home/yassineaa/AromaUI/src/widgets/aroma_image.c:82] aroma_image_draw: Skipping image draw - no texture loaded
DEBUG: DRAWING LABEL '  ' AT x=360, y=-60 COLOR=00E6E1E5
DEBUG: DRAWING LABEL '12:45 PM' AT x=50, y=30 COLOR=00E6E1E5
DEBUG: DRAWING LABEL 'San Francisco, 68°F' AT x=150, y=30 COLOR=00E6E1E5
DEBUG: DRAWING LABEL 'P' AT x=333, y=548 COLOR=00E6E1E5
DEBUG: DRAWING LABEL 'R' AT x=374, y=548 COLOR=00E6E1E5
DEBUG: DRAWING LABEL 'N' AT x=415, y=548 COLOR=00E6E1E5
DEBUG: DRAWING LABEL 'D' AT x=456, y=548 COLOR=00E6E1E5
[2026-04-08 20:27:05] [34mINFO[0m [/home/yassineaa/AromaUI/src/widgets/aroma_image.c:82] aroma_image_draw: Skipping image draw - no texture loaded
DEBUG: DRAWING LABEL 'Vehicle Status: All systems normal' AT x=207, y=290 COLOR=00E6E1E5
DEBUG: DRAWING LABEL '204' AT x=207, y=400 COLOR=00E6E1E5
DEBUG: DRAWING LABEL 'km' AT x=249, y=410 COLOR=00E6E1E5
DEBUG: DRAWING LABEL 'Remaining' AT x=207, y=430 COLOR=00E6E1E5
DEBUG: DRAWING LABEL '128' AT x=317, y=400 COLOR=00E6E1E5
DEBUG: DRAWING LABEL 'Wh' AT x=359, y=410 COLOR=00E6E1E5
DEBUG: DRAWING LABEL 'Average' AT x=317, y=430 COLOR=00E6E1E5
DEBUG: DRAWING LABEL '35.5' AT x=427, y=400 COLOR=00E6E1E5
DEBUG: DRAWING LABEL 'kWh' AT x=475, y=410 COLOR=00E6E1E5
DEBUG: DRAWING LABEL 'Fuel Capacity' AT x=427, y=430 COLOR=00E6E1E5
DEBUG: DRAWING LABEL 'Speed' AT x=157, y=490 COLOR=00E6E1E5
DEBUG: DRAWING LABEL '88' AT x=157, y=510 COLOR=00E6E1E5
DEBUG: DRAWING LABEL 'km/h' AT x=157, y=630 COLOR=00E6E1E5
DEBUG: DRAWING LABEL 'Gear: Drive' AT x=307, y=510 COLOR=00E6E1E5
DEBUG: DRAWING LABEL 'Adjust AC to your comfort level' AT x=557, y=110 COLOR=00E6E1E5
DEBUG: DRAWING LABEL '23°C' AT x=762, y=150 COLOR=00E6E1E5
[2026-04-08 20:27:05] [34mINFO[0m [/home/yassineaa/AromaUI/src/widgets/aroma_image.c:82] aroma_image_draw: Skipping image draw - no texture loaded
[2026-04-08 20:27:05] [34mINFO[0m [/home/yassineaa/AromaUI/src/widgets/aroma_image.c:82] aroma_image_draw: Skipping image draw - no texture loaded
[2026-04-08 20:27:05] [34mINFO[0m [/home/yassineaa/AromaUI/src/widgets/aroma_image.c:82] aroma_image_draw: Skipping image draw - no texture loaded
DEBUG: DRAWING LABEL 'System Status' AT x=557, y=430 COLOR=00E6E1E5
[2026-04-08 20:27:05] [34mINFO[0m [/home/yassineaa/AromaUI/src/widgets/aroma_image.c:82] aroma_image_draw: Skipping image draw - no texture loaded
[2026-04-08 20:27:05] [34mINFO[0m [/home/yassineaa/AromaUI/src/widgets/aroma_image.c:82] aroma_image_draw: Skipping image draw - no texture loaded
[2026-04-08 20:27:05] [34mINFO[0m [/home/yassineaa/AromaUI/src/widgets/aroma_image.c:82] aroma_image_draw: Skipping image draw - no texture loaded
[2026-04-08 20:27:05] [34mINFO[0m [/home/yassineaa/AromaUI/src/widgets/aroma_image.c:82] aroma_image_draw: Skipping image draw - no texture loaded
[2026-04-08 20:27:05] [34mINFO[0m [/home/yassineaa/AromaUI/src/widgets/aroma_image.c:82] aroma_image_draw: Skipping image draw - no texture loaded
[2026-04-08 20:27:05] [34mINFO[0m [/home/yassineaa/AromaUI/src/widgets/aroma_image.c:82] aroma_image_draw: Skipping image draw - no texture loaded
[2026-04-08 20:27:05] [34mINFO[0m [/home/yassineaa/AromaUI/src/widgets/aroma_image.c:82] aroma_image_draw: Skipping image draw - no texture loaded
[2026-04-08 20:27:05] [34mINFO[0m [/home/yassineaa/AromaUI/src/widgets/aroma_image.c:82] aroma_image_draw: Skipping image draw - no texture loaded
DEBUG: DRAWING LABEL '  ' AT x=360, y=-60 COLOR=00E6E1E5
DEBUG: DRAWING LABEL '12:45 PM' AT x=50, y=30 COLOR=00E6E1E5
DEBUG: DRAWING LABEL 'San Francisco, 68°F' AT x=150, y=30 COLOR=00E6E1E5
DEBUG: DRAWING LABEL 'P' AT x=337, y=548 COLOR=00E6E1E5
DEBUG: DRAWING LABEL 'R' AT x=378, y=548 COLOR=00E6E1E5
DEBUG: DRAWING LABEL 'N' AT x=419, y=548 COLOR=00E6E1E5
DEBUG: DRAWING LABEL 'D' AT x=460, y=548 COLOR=00E6E1E5
[2026-04-08 20:27:05] [34mINFO[0m [/home/yassineaa/AromaUI/src/widgets/aroma_image.c:82] aroma_image_draw: Skipping image draw - no texture loaded
DEBUG: DRAWING LABEL 'Vehicle Status: All systems normal' AT x=210, y=290 COLOR=00E6E1E5
DEBUG: DRAWING LABEL '204' AT x=210, y=400 COLOR=00E6E1E5
DEBUG: DRAWING LABEL 'km' AT x=252, y=410 COLOR=00E6E1E5
DEBUG: DRAWING LABEL 'Remaining' AT x=210, y=430 COLOR=00E6E1E5
DEBUG: DRAWING LABEL '128' AT x=320, y=400 COLOR=00E6E1E5
DEBUG: DRAWING LABEL 'Wh' AT x=362, y=410 COLOR=00E6E1E5
DEBUG: DRAWING LABEL 'Average' AT x=320, y=430 COLOR=00E6E1E5
DEBUG: DRAWING LABEL '35.5' AT x=430, y=400 COLOR=00E6E1E5
DEBUG: DRAWING LABEL 'kWh' AT x=478, y=410 COLOR=00E6E1E5
DEBUG: DRAWING LABEL 'Fuel Capacity' AT x=430, y=430 COLOR=00E6E1E5
DEBUG: DRAWING LABEL 'Speed' AT x=160, y=490 COLOR=00E6E1E5
DEBUG: DRAWING LABEL '88' AT x=160, y=510 COLOR=00E6E1E5
DEBUG: DRAWING LABEL 'km/h' AT x=160, y=630 COLOR=00E6E1E5
DEBUG: DRAWING LABEL 'Gear: Drive' AT x=310, y=510 COLOR=00E6E1E5
DEBUG: DRAWING LABEL 'Adjust AC to your comfort level' AT x=560, y=110 COLOR=00E6E1E5
DEBUG: DRAWING LABEL '23°C' AT x=765, y=150 COLOR=00E6E1E5
[2026-04-08 20:27:05] [34mINFO[0m [/home/yassineaa/AromaUI/src/widgets/aroma_image.c:82] aroma_image_draw: Skipping image draw - no texture loaded
[2026-04-08 20:27:05] [34mINFO[0m [/home/yassineaa/AromaUI/src/widgets/aroma_image.c:82] aroma_image_draw: Skipping image draw - no texture loaded
[2026-04-08 20:27:05] [34mINFO[0m [/home/yassineaa/AromaUI/src/widgets/aroma_image.c:82] aroma_image_draw: Skipping image draw - no texture loaded
DEBUG: DRAWING LABEL 'System Status' AT x=560, y=430 COLOR=00E6E1E5
[2026-04-08 20:27:05] [34mINFO[0m [/home/yassineaa/AromaUI/src/widgets/aroma_image.c:82] aroma_image_draw: Skipping image draw - no texture loaded
[2026-04-08 20:27:05] [34mINFO[0m [/home/yassineaa/AromaUI/src/widgets/aroma_image.c:82] aroma_image_draw: Skipping image draw - no texture loaded
[2026-04-08 20:27:05] [34mINFO[0m [/home/yassineaa/AromaUI/src/widgets/aroma_image.c:82] aroma_image_draw: Skipping image draw - no texture loaded
[2026-04-08 20:27:05] [34mINFO[0m [/home/yassineaa/AromaUI/src/widgets/aroma_image.c:82] aroma_image_draw: Skipping image draw - no texture loaded
[2026-04-08 20:27:05] [34mINFO[0m [/home/yassineaa/AromaUI/src/widgets/aroma_image.c:82] aroma_image_draw: Skipping image draw - no texture loaded
[2026-04-08 20:27:05] [34mINFO[0m [/home/yassineaa/AromaUI/src/widgets/aroma_image.c:82] aroma_image_draw: Skipping image draw - no texture loaded
[2026-04-08 20:27:05] [34mINFO[0m [/home/yassineaa/AromaUI/src/widgets/aroma_image.c:82] aroma_image_draw: Skipping image draw - no texture loaded
[2026-04-08 20:27:05] [34mINFO[0m [/home/yassineaa/AromaUI/src/widgets/aroma_image.c:82] aroma_image_draw: Skipping image draw - no texture loaded
DEBUG: DRAWING LABEL '  ' AT x=360, y=-60 COLOR=00E6E1E5
DEBUG: DRAWING LABEL '12:45 PM' AT x=50, y=30 COLOR=00E6E1E5
DEBUG: DRAWING LABEL 'San Francisco, 68°F' AT x=150, y=30 COLOR=00E6E1E5
DEBUG: DRAWING LABEL 'P' AT x=340, y=548 COLOR=00E6E1E5
DEBUG: DRAWING LABEL 'R' AT x=381, y=548 COLOR=00E6E1E5
DEBUG: DRAWING LABEL 'N' AT x=422, y=548 COLOR=00E6E1E5
DEBUG: DRAWING LABEL 'D' AT x=463, y=548 COLOR=00E6E1E5
[2026-04-08 20:27:05] [34mINFO[0m [/home/yassineaa/AromaUI/src/widgets/aroma_image.c:82] aroma_image_draw: Skipping image draw - no texture loaded
DEBUG: DRAWING LABEL 'Vehicle Status: All systems normal' AT x=212, y=290 COLOR=00E6E1E5
DEBUG: DRAWING LABEL '204' AT x=212, y=400 COLOR=00E6E1E5
DEBUG: DRAWING LABEL 'km' AT x=254, y=410 COLOR=00E6E1E5
DEBUG: DRAWING LABEL 'Remaining' AT x=212, y=430 COLOR=00E6E1E5
DEBUG: DRAWING LABEL '128' AT x=322, y=400 COLOR=00E6E1E5
DEBUG: DRAWING LABEL 'Wh' AT x=364, y=410 COLOR=00E6E1E5
DEBUG: DRAWING LABEL 'Average' AT x=322, y=430 COLOR=00E6E1E5
DEBUG: DRAWING LABEL '35.5' AT x=432, y=400 COLOR=00E6E1E5
DEBUG: DRAWING LABEL 'kWh' AT x=480, y=410 COLOR=00E6E1E5
DEBUG: DRAWING LABEL 'Fuel Capacity' AT x=432, y=430 COLOR=00E6E1E5
DEBUG: DRAWING LABEL 'Speed' AT x=162, y=490 COLOR=00E6E1E5
DEBUG: DRAWING LABEL '88' AT x=162, y=510 COLOR=00E6E1E5
DEBUG: DRAWING LABEL 'km/h' AT x=162, y=630 COLOR=00E6E1E5
DEBUG: DRAWING LABEL 'Gear: Drive' AT x=312, y=510 COLOR=00E6E1E5
DEBUG: DRAWING LABEL 'Adjust AC to your comfort level' AT x=562, y=110 COLOR=00E6E1E5
DEBUG: DRAWING LABEL '23°C' AT x=767, y=150 COLOR=00E6E1E5
[2026-04-08 20:27:05] [34mINFO[0m [/home/yassineaa/AromaUI/src/widgets/aroma_image.c:82] aroma_image_draw: Skipping image draw - no texture loaded
[2026-04-08 20:27:05] [34mINFO[0m [/home/yassineaa/AromaUI/src/widgets/aroma_image.c:82] aroma_image_draw: Skipping image draw - no texture loaded
[2026-04-08 20:27:05] [34mINFO[0m [/home/yassineaa/AromaUI/src/widgets/aroma_image.c:82] aroma_image_draw: Skipping image draw - no texture loaded
DEBUG: DRAWING LABEL 'System Status' AT x=562, y=430 COLOR=00E6E1E5
[2026-04-08 20:27:05] [34mINFO[0m [/home/yassineaa/AromaUI/src/widgets/aroma_image.c:82] aroma_image_draw: Skipping image draw - no texture loaded
[2026-04-08 20:27:05] [34mINFO[0m [/home/yassineaa/AromaUI/src/widgets/aroma_image.c:82] aroma_image_draw: Skipping image draw - no texture loaded
[2026-04-08 20:27:05] [34mINFO[0m [/home/yassineaa/AromaUI/src/widgets/aroma_image.c:82] aroma_image_draw: Skipping image draw - no texture loaded
[2026-04-08 20:27:05] [34mINFO[0m [/home/yassineaa/AromaUI/src/widgets/aroma_image.c:82] aroma_image_draw: Skipping image draw - no texture loaded
[2026-04-08 20:27:05] [34mINFO[0m [/home/yassineaa/AromaUI/src/widgets/aroma_image.c:82] aroma_image_draw: Skipping image draw - no texture loaded
[2026-04-08 20:27:05] [34mINFO[0m [/home/yassineaa/AromaUI/src/widgets/aroma_image.c:82] aroma_image_draw: Skipping image draw - no texture loaded
[2026-04-08 20:27:05] [34mINFO[0m [/home/yassineaa/AromaUI/src/widgets/aroma_image.c:82] aroma_image_draw: Skipping image draw - no texture loaded
[2026-04-08 20:27:05] [34mINFO[0m [/home/yassineaa/AromaUI/src/widgets/aroma_image.c:82] aroma_image_draw: Skipping image draw - no texture loaded
DEBUG: DRAWING LABEL '  ' AT x=360, y=-60 COLOR=00E6E1E5
DEBUG: DRAWING LABEL '12:45 PM' AT x=50, y=30 COLOR=00E6E1E5
DEBUG: DRAWING LABEL 'San Francisco, 68°F' AT x=150, y=30 COLOR=00E6E1E5
DEBUG: DRAWING LABEL 'P' AT x=342, y=548 COLOR=00E6E1E5
DEBUG: DRAWING LABEL 'R' AT x=383, y=548 COLOR=00E6E1E5
DEBUG: DRAWING LABEL 'N' AT x=424, y=548 COLOR=00E6E1E5
DEBUG: DRAWING LABEL 'D' AT x=465, y=548 COLOR=00E6E1E5
[2026-04-08 20:27:05] [34mINFO[0m [/home/yassineaa/AromaUI/src/widgets/aroma_image.c:82] aroma_image_draw: Skipping image draw - no texture loaded
DEBUG: DRAWING LABEL 'Vehicle Status: All systems normal' AT x=213, y=290 COLOR=00E6E1E5
DEBUG: DRAWING LABEL '204' AT x=213, y=400 COLOR=00E6E1E5
DEBUG: DRAWING LABEL 'km' AT x=255, y=410 COLOR=00E6E1E5
DEBUG: DRAWING LABEL 'Remaining' AT x=213, y=430 COLOR=00E6E1E5
DEBUG: DRAWING LABEL '128' AT x=323, y=400 COLOR=00E6E1E5
DEBUG: DRAWING LABEL 'Wh' AT x=365, y=410 COLOR=00E6E1E5
DEBUG: DRAWING LABEL 'Average' AT x=323, y=430 COLOR=00E6E1E5
DEBUG: DRAWING LABEL '35.5' AT x=433, y=400 COLOR=00E6E1E5
DEBUG: DRAWING LABEL 'kWh' AT x=481, y=410 COLOR=00E6E1E5
DEBUG: DRAWING LABEL 'Fuel Capacity' AT x=433, y=430 COLOR=00E6E1E5
DEBUG: DRAWING LABEL 'Speed' AT x=163, y=490 COLOR=00E6E1E5
DEBUG: DRAWING LABEL '88' AT x=163, y=510 COLOR=00E6E1E5
DEBUG: DRAWING LABEL 'km/h' AT x=163, y=630 COLOR=00E6E1E5
DEBUG: DRAWING LABEL 'Gear: Drive' AT x=313, y=510 COLOR=00E6E1E5
DEBUG: DRAWING LABEL 'Adjust AC to your comfort level' AT x=563, y=110 COLOR=00E6E1E5
DEBUG: DRAWING LABEL '23°C' AT x=768, y=150 COLOR=00E6E1E5
[2026-04-08 20:27:05] [34mINFO[0m [/home/yassineaa/AromaUI/src/widgets/aroma_image.c:82] aroma_image_draw: Skipping image draw - no texture loaded
[2026-04-08 20:27:05] [34mINFO[0m [/home/yassineaa/AromaUI/src/widgets/aroma_image.c:82] aroma_image_draw: Skipping image draw - no texture loaded
[2026-04-08 20:27:05] [34mINFO[0m [/home/yassineaa/AromaUI/src/widgets/aroma_image.c:82] aroma_image_draw: Skipping image draw - no texture loaded
DEBUG: DRAWING LABEL 'System Status' AT x=563, y=430 COLOR=00E6E1E5
[2026-04-08 20:27:05] [34mINFO[0m [/home/yassineaa/AromaUI/src/widgets/aroma_image.c:82] aroma_image_draw: Skipping image draw - no texture loaded
[2026-04-08 20:27:05] [34mINFO[0m [/home/yassineaa/AromaUI/src/widgets/aroma_image.c:82] aroma_image_draw: Skipping image draw - no texture loaded
[2026-04-08 20:27:05] [34mINFO[0m [/home/yassineaa/AromaUI/src/widgets/aroma_image.c:82] aroma_image_draw: Skipping image draw - no texture loaded
[2026-04-08 20:27:05] [34mINFO[0m [/home/yassineaa/AromaUI/src/widgets/aroma_image.c:82] aroma_image_draw: Skipping image draw - no texture loaded
[2026-04-08 20:27:05] [34mINFO[0m [/home/yassineaa/AromaUI/src/widgets/aroma_image.c:82] aroma_image_draw: Skipping image draw - no texture loaded
[2026-04-08 20:27:05] [34mINFO[0m [/home/yassineaa/AromaUI/src/widgets/aroma_image.c:82] aroma_image_draw: Skipping image draw - no texture loaded
[2026-04-08 20:27:05] [34mINFO[0m [/home/yassineaa/AromaUI/src/widgets/aroma_image.c:82] aroma_image_draw: Skipping image draw - no texture loaded
[2026-04-08 20:27:05] [34mINFO[0m [/home/yassineaa/AromaUI/src/widgets/aroma_image.c:82] aroma_image_draw: Skipping image draw - no texture loaded
DEBUG: DRAWING LABEL '  ' AT x=360, y=-60 COLOR=00E6E1E5
DEBUG: DRAWING LABEL '12:45 PM' AT x=50, y=30 COLOR=00E6E1E5
DEBUG: DRAWING LABEL 'San Francisco, 68°F' AT x=150, y=30 COLOR=00E6E1E5
DEBUG: DRAWING LABEL 'P' AT x=343, y=548 COLOR=00E6E1E5
DEBUG: DRAWING LABEL 'R' AT x=384, y=548 COLOR=00E6E1E5
DEBUG: DRAWING LABEL 'N' AT x=425, y=548 COLOR=00E6E1E5
DEBUG: DRAWING LABEL 'D' AT x=466, y=548 COLOR=00E6E1E5
[2026-04-08 20:27:05] [34mINFO[0m [/home/yassineaa/AromaUI/src/widgets/aroma_image.c:82] aroma_image_draw: Skipping image draw - no texture loaded
DEBUG: DRAWING LABEL 'Vehicle Status: All systems normal' AT x=214, y=290 COLOR=00E6E1E5
DEBUG: DRAWING LABEL '204' AT x=214, y=400 COLOR=00E6E1E5
DEBUG: DRAWING LABEL 'km' AT x=256, y=410 COLOR=00E6E1E5
DEBUG: DRAWING LABEL 'Remaining' AT x=214, y=430 COLOR=00E6E1E5
DEBUG: DRAWING LABEL '128' AT x=324, y=400 COLOR=00E6E1E5
DEBUG: DRAWING LABEL 'Wh' AT x=366, y=410 COLOR=00E6E1E5
DEBUG: DRAWING LABEL 'Average' AT x=324, y=430 COLOR=00E6E1E5
DEBUG: DRAWING LABEL '35.5' AT x=434, y=400 COLOR=00E6E1E5
DEBUG: DRAWING LABEL 'kWh' AT x=482, y=410 COLOR=00E6E1E5
DEBUG: DRAWING LABEL 'Fuel Capacity' AT x=434, y=430 COLOR=00E6E1E5
DEBUG: DRAWING LABEL 'Speed' AT x=164, y=490 COLOR=00E6E1E5
DEBUG: DRAWING LABEL '88' AT x=164, y=510 COLOR=00E6E1E5
DEBUG: DRAWING LABEL 'km/h' AT x=164, y=630 COLOR=00E6E1E5
DEBUG: DRAWING LABEL 'Gear: Drive' AT x=314, y=510 COLOR=00E6E1E5
DEBUG: DRAWING LABEL 'Adjust AC to your comfort level' AT x=564, y=110 COLOR=00E6E1E5
DEBUG: DRAWING LABEL '23°C' AT x=769, y=150 COLOR=00E6E1E5
[2026-04-08 20:27:05] [34mINFO[0m [/home/yassineaa/AromaUI/src/widgets/aroma_image.c:82] aroma_image_draw: Skipping image draw - no texture loaded
[2026-04-08 20:27:05] [34mINFO[0m [/home/yassineaa/AromaUI/src/widgets/aroma_image.c:82] aroma_image_draw: Skipping image draw - no texture loaded
[2026-04-08 20:27:05] [34mINFO[0m [/home/yassineaa/AromaUI/src/widgets/aroma_image.c:82] aroma_image_draw: Skipping image draw - no texture loaded
DEBUG: DRAWING LABEL 'System Status' AT x=564, y=430 COLOR=00E6E1E5
[2026-04-08 20:27:05] [34mINFO[0m [/home/yassineaa/AromaUI/src/widgets/aroma_image.c:82] aroma_image_draw: Skipping image draw - no texture loaded
[2026-04-08 20:27:05] [34mINFO[0m [/home/yassineaa/AromaUI/src/widgets/aroma_image.c:82] aroma_image_draw: Skipping image draw - no texture loaded
[2026-04-08 20:27:05] [34mINFO[0m [/home/yassineaa/AromaUI/src/widgets/aroma_image.c:82] aroma_image_draw: Skipping image draw - no texture loaded
[2026-04-08 20:27:05] [34mINFO[0m [/home/yassineaa/AromaUI/src/widgets/aroma_image.c:82] aroma_image_draw: Skipping image draw - no texture loaded
[2026-04-08 20:27:05] [34mINFO[0m [/home/yassineaa/AromaUI/src/widgets/aroma_image.c:82] aroma_image_draw: Skipping image draw - no texture loaded
[2026-04-08 20:27:05] [34mINFO[0m [/home/yassineaa/AromaUI/src/widgets/aroma_image.c:82] aroma_image_draw: Skipping image draw - no texture loaded
[2026-04-08 20:27:05] [34mINFO[0m [/home/yassineaa/AromaUI/src/widgets/aroma_image.c:82] aroma_image_draw: Skipping image draw - no texture loaded
[2026-04-08 20:27:05] [34mINFO[0m [/home/yassineaa/AromaUI/src/widgets/aroma_image.c:82] aroma_image_draw: Skipping image draw - no texture loaded
DEBUG: DRAWING LABEL '  ' AT x=360, y=-60 COLOR=00E6E1E5
DEBUG: DRAWING LABEL '12:45 PM' AT x=50, y=30 COLOR=00E6E1E5
DEBUG: DRAWING LABEL 'San Francisco, 68°F' AT x=150, y=30 COLOR=00E6E1E5
DEBUG: DRAWING LABEL 'P' AT x=344, y=548 COLOR=00E6E1E5
DEBUG: DRAWING LABEL 'R' AT x=385, y=548 COLOR=00E6E1E5
DEBUG: DRAWING LABEL 'N' AT x=426, y=548 COLOR=00E6E1E5
DEBUG: DRAWING LABEL 'D' AT x=467, y=548 COLOR=00E6E1E5
[2026-04-08 20:27:05] [34mINFO[0m [/home/yassineaa/AromaUI/src/widgets/aroma_image.c:82] aroma_image_draw: Skipping image draw - no texture loaded
DEBUG: DRAWING LABEL 'Vehicle Status: All systems normal' AT x=214, y=290 COLOR=00E6E1E5
DEBUG: DRAWING LABEL '204' AT x=214, y=400 COLOR=00E6E1E5
DEBUG: DRAWING LABEL 'km' AT x=256, y=410 COLOR=00E6E1E5
DEBUG: DRAWING LABEL 'Remaining' AT x=214, y=430 COLOR=00E6E1E5
DEBUG: DRAWING LABEL '128' AT x=324, y=400 COLOR=00E6E1E5
DEBUG: DRAWING LABEL 'Wh' AT x=366, y=410 COLOR=00E6E1E5
DEBUG: DRAWING LABEL 'Average' AT x=324, y=430 COLOR=00E6E1E5
DEBUG: DRAWING LABEL '35.5' AT x=434, y=400 COLOR=00E6E1E5
DEBUG: DRAWING LABEL 'kWh' AT x=482, y=410 COLOR=00E6E1E5
DEBUG: DRAWING LABEL 'Fuel Capacity' AT x=434, y=430 COLOR=00E6E1E5
DEBUG: DRAWING LABEL 'Speed' AT x=164, y=490 COLOR=00E6E1E5
DEBUG: DRAWING LABEL '88' AT x=164, y=510 COLOR=00E6E1E5
DEBUG: DRAWING LABEL 'km/h' AT x=164, y=630 COLOR=00E6E1E5
DEBUG: DRAWING LABEL 'Gear: Drive' AT x=314, y=510 COLOR=00E6E1E5
DEBUG: DRAWING LABEL 'Adjust AC to your comfort level' AT x=564, y=110 COLOR=00E6E1E5
DEBUG: DRAWING LABEL '23°C' AT x=769, y=150 COLOR=00E6E1E5
[2026-04-08 20:27:05] [34mINFO[0m [/home/yassineaa/AromaUI/src/widgets/aroma_image.c:82] aroma_image_draw: Skipping image draw - no texture loaded
[2026-04-08 20:27:05] [34mINFO[0m [/home/yassineaa/AromaUI/src/widgets/aroma_image.c:82] aroma_image_draw: Skipping image draw - no texture loaded
[2026-04-08 20:27:05] [34mINFO[0m [/home/yassineaa/AromaUI/src/widgets/aroma_image.c:82] aroma_image_draw: Skipping image draw - no texture loaded
DEBUG: DRAWING LABEL 'System Status' AT x=564, y=430 COLOR=00E6E1E5
[2026-04-08 20:27:05] [34mINFO[0m [/home/yassineaa/AromaUI/src/widgets/aroma_image.c:82] aroma_image_draw: Skipping image draw - no texture loaded
[2026-04-08 20:27:05] [34mINFO[0m [/home/yassineaa/AromaUI/src/widgets/aroma_image.c:82] aroma_image_draw: Skipping image draw - no texture loaded
[2026-04-08 20:27:05] [34mINFO[0m [/home/yassineaa/AromaUI/src/widgets/aroma_image.c:82] aroma_image_draw: Skipping image draw - no texture loaded
[2026-04-08 20:27:05] [34mINFO[0m [/home/yassineaa/AromaUI/src/widgets/aroma_image.c:82] aroma_image_draw: Skipping image draw - no texture loaded
[2026-04-08 20:27:05] [34mINFO[0m [/home/yassineaa/AromaUI/src/widgets/aroma_image.c:82] aroma_image_draw: Skipping image draw - no texture loaded
[2026-04-08 20:27:05] [34mINFO[0m [/home/yassineaa/AromaUI/src/widgets/aroma_image.c:82] aroma_image_draw: Skipping image draw - no texture loaded
[2026-04-08 20:27:05] [34mINFO[0m [/home/yassineaa/AromaUI/src/widgets/aroma_image.c:82] aroma_image_draw: Skipping image draw - no texture loaded
[2026-04-08 20:27:05] [34mINFO[0m [/home/yassineaa/AromaUI/src/widgets/aroma_image.c:82] aroma_image_draw: Skipping image draw - no texture loaded
DEBUG: DRAWING LABEL '  ' AT x=360, y=-60 COLOR=00E6E1E5
DEBUG: DRAWING LABEL '12:45 PM' AT x=50, y=30 COLOR=00E6E1E5
DEBUG: DRAWING LABEL 'San Francisco, 68°F' AT x=150, y=30 COLOR=00E6E1E5
DEBUG: DRAWING LABEL 'P' AT x=344, y=548 COLOR=00E6E1E5
DEBUG: DRAWING LABEL 'R' AT x=385, y=548 COLOR=00E6E1E5
DEBUG: DRAWING LABEL 'N' AT x=426, y=548 COLOR=00E6E1E5
DEBUG: DRAWING LABEL 'D' AT x=467, y=548 COLOR=00E6E1E5
[2026-04-08 20:27:05] [34mINFO[0m [/home/yassineaa/AromaUI/src/widgets/aroma_image.c:82] aroma_image_draw: Skipping image draw - no texture loaded
DEBUG: DRAWING LABEL 'Vehicle Status: All systems normal' AT x=214, y=290 COLOR=00E6E1E5
DEBUG: DRAWING LABEL '204' AT x=214, y=400 COLOR=00E6E1E5
DEBUG: DRAWING LABEL 'km' AT x=256, y=410 COLOR=00E6E1E5
DEBUG: DRAWING LABEL 'Remaining' AT x=214, y=430 COLOR=00E6E1E5
DEBUG: DRAWING LABEL '128' AT x=324, y=400 COLOR=00E6E1E5
DEBUG: DRAWING LABEL 'Wh' AT x=366, y=410 COLOR=00E6E1E5
DEBUG: DRAWING LABEL 'Average' AT x=324, y=430 COLOR=00E6E1E5
DEBUG: DRAWING LABEL '35.5' AT x=434, y=400 COLOR=00E6E1E5
DEBUG: DRAWING LABEL 'kWh' AT x=482, y=410 COLOR=00E6E1E5
DEBUG: DRAWING LABEL 'Fuel Capacity' AT x=434, y=430 COLOR=00E6E1E5
DEBUG: DRAWING LABEL 'Speed' AT x=164, y=490 COLOR=00E6E1E5
DEBUG: DRAWING LABEL '88' AT x=164, y=510 COLOR=00E6E1E5
DEBUG: DRAWING LABEL 'km/h' AT x=164, y=630 COLOR=00E6E1E5
DEBUG: DRAWING LABEL 'Gear: Drive' AT x=314, y=510 COLOR=00E6E1E5
DEBUG: DRAWING LABEL 'Adjust AC to your comfort level' AT x=564, y=110 COLOR=00E6E1E5
DEBUG: DRAWING LABEL '23°C' AT x=769, y=150 COLOR=00E6E1E5
[2026-04-08 20:27:05] [34mINFO[0m [/home/yassineaa/AromaUI/src/widgets/aroma_image.c:82] aroma_image_draw: Skipping image draw - no texture loaded
[2026-04-08 20:27:05] [34mINFO[0m [/home/yassineaa/AromaUI/src/widgets/aroma_image.c:82] aroma_image_draw: Skipping image draw - no texture loaded
[2026-04-08 20:27:05] [34mINFO[0m [/home/yassineaa/AromaUI/src/widgets/aroma_image.c:82] aroma_image_draw: Skipping image draw - no texture loaded
DEBUG: DRAWING LABEL 'System Status' AT x=564, y=430 COLOR=00E6E1E5
[2026-04-08 20:27:05] [34mINFO[0m [/home/yassineaa/AromaUI/src/widgets/aroma_image.c:82] aroma_image_draw: Skipping image draw - no texture loaded
[2026-04-08 20:27:05] [34mINFO[0m [/home/yassineaa/AromaUI/src/widgets/aroma_image.c:82] aroma_image_draw: Skipping image draw - no texture loaded
[2026-04-08 20:27:05] [34mINFO[0m [/home/yassineaa/AromaUI/src/widgets/aroma_image.c:82] aroma_image_draw: Skipping image draw - no texture loaded
[2026-04-08 20:27:05] [34mINFO[0m [/home/yassineaa/AromaUI/src/widgets/aroma_image.c:82] aroma_image_draw: Skipping image draw - no texture loaded
[2026-04-08 20:27:05] [34mINFO[0m [/home/yassineaa/AromaUI/src/widgets/aroma_image.c:82] aroma_image_draw: Skipping image draw - no texture loaded
[2026-04-08 20:27:05] [34mINFO[0m [/home/yassineaa/AromaUI/src/widgets/aroma_image.c:82] aroma_image_draw: Skipping image draw - no texture loaded
[2026-04-08 20:27:05] [34mINFO[0m [/home/yassineaa/AromaUI/src/widgets/aroma_image.c:82] aroma_image_draw: Skipping image draw - no texture loaded
[2026-04-08 20:27:05] [34mINFO[0m [/home/yassineaa/AromaUI/src/widgets/aroma_image.c:82] aroma_image_draw: Skipping image draw - no texture loaded
DEBUG: DRAWING LABEL '  ' AT x=360, y=-60 COLOR=00E6E1E5
DEBUG: DRAWING LABEL '12:45 PM' AT x=50, y=30 COLOR=00E6E1E5
DEBUG: DRAWING LABEL 'San Francisco, 68°F' AT x=150, y=30 COLOR=00E6E1E5
DEBUG: DRAWING LABEL 'P' AT x=344, y=548 COLOR=00E6E1E5
DEBUG: DRAWING LABEL 'R' AT x=385, y=548 COLOR=00E6E1E5
DEBUG: DRAWING LABEL 'N' AT x=426, y=548 COLOR=00E6E1E5
DEBUG: DRAWING LABEL 'D' AT x=467, y=548 COLOR=00E6E1E5
[2026-04-08 20:27:05] [34mINFO[0m [/home/yassineaa/AromaUI/src/widgets/aroma_image.c:82] aroma_image_draw: Skipping image draw - no texture loaded
DEBUG: DRAWING LABEL 'Vehicle Status: All systems normal' AT x=215, y=290 COLOR=00E6E1E5
DEBUG: DRAWING LABEL '204' AT x=215, y=400 COLOR=00E6E1E5
DEBUG: DRAWING LABEL 'km' AT x=257, y=410 COLOR=00E6E1E5
DEBUG: DRAWING LABEL 'Remaining' AT x=215, y=430 COLOR=00E6E1E5
DEBUG: DRAWING LABEL '128' AT x=325, y=400 COLOR=00E6E1E5
DEBUG: DRAWING LABEL 'Wh' AT x=367, y=410 COLOR=00E6E1E5
DEBUG: DRAWING LABEL 'Average' AT x=325, y=430 COLOR=00E6E1E5
DEBUG: DRAWING LABEL '35.5' AT x=435, y=400 COLOR=00E6E1E5
DEBUG: DRAWING LABEL 'kWh' AT x=483, y=410 COLOR=00E6E1E5
DEBUG: DRAWING LABEL 'Fuel Capacity' AT x=435, y=430 COLOR=00E6E1E5
DEBUG: DRAWING LABEL 'Speed' AT x=165, y=490 COLOR=00E6E1E5
DEBUG: DRAWING LABEL '88' AT x=165, y=510 COLOR=00E6E1E5
DEBUG: DRAWING LABEL 'km/h' AT x=165, y=630 COLOR=00E6E1E5
DEBUG: DRAWING LABEL 'Gear: Drive' AT x=315, y=510 COLOR=00E6E1E5
DEBUG: DRAWING LABEL 'Adjust AC to your comfort level' AT x=565, y=110 COLOR=00E6E1E5
DEBUG: DRAWING LABEL '23°C' AT x=770, y=150 COLOR=00E6E1E5
[2026-04-08 20:27:05] [34mINFO[0m [/home/yassineaa/AromaUI/src/widgets/aroma_image.c:82] aroma_image_draw: Skipping image draw - no texture loaded
[2026-04-08 20:27:05] [34mINFO[0m [/home/yassineaa/AromaUI/src/widgets/aroma_image.c:82] aroma_image_draw: Skipping image draw - no texture loaded
[2026-04-08 20:27:05] [34mINFO[0m [/home/yassineaa/AromaUI/src/widgets/aroma_image.c:82] aroma_image_draw: Skipping image draw - no texture loaded
DEBUG: DRAWING LABEL 'System Status' AT x=565, y=430 COLOR=00E6E1E5
[2026-04-08 20:27:05] [34mINFO[0m [/home/yassineaa/AromaUI/src/widgets/aroma_image.c:82] aroma_image_draw: Skipping image draw - no texture loaded
[2026-04-08 20:27:05] [34mINFO[0m [/home/yassineaa/AromaUI/src/widgets/aroma_image.c:82] aroma_image_draw: Skipping image draw - no texture loaded
[2026-04-08 20:27:05] [34mINFO[0m [/home/yassineaa/AromaUI/src/widgets/aroma_image.c:82] aroma_image_draw: Skipping image draw - no texture loaded
[2026-04-08 20:27:05] [34mINFO[0m [/home/yassineaa/AromaUI/src/widgets/aroma_image.c:82] aroma_image_draw: Skipping image draw - no texture loaded
[2026-04-08 20:27:05] [34mINFO[0m [/home/yassineaa/AromaUI/src/widgets/aroma_image.c:82] aroma_image_draw: Skipping image draw - no texture loaded
[2026-04-08 20:27:05] [34mINFO[0m [/home/yassineaa/AromaUI/src/widgets/aroma_image.c:82] aroma_image_draw: Skipping image draw - no texture loaded
[2026-04-08 20:27:05] [34mINFO[0m [/home/yassineaa/AromaUI/src/widgets/aroma_image.c:82] aroma_image_draw: Skipping image draw - no texture loaded
[2026-04-08 20:27:05] [34mINFO[0m [/home/yassineaa/AromaUI/src/widgets/aroma_image.c:82] aroma_image_draw: Skipping image draw - no texture loaded
DEBUG: DRAWING LABEL '  ' AT x=360, y=-60 COLOR=00E6E1E5
DEBUG: DRAWING LABEL '12:45 PM' AT x=50, y=30 COLOR=00E6E1E5
DEBUG: DRAWING LABEL 'San Francisco, 68°F' AT x=150, y=30 COLOR=00E6E1E5
DEBUG: DRAWING LABEL 'P' AT x=345, y=548 COLOR=00E6E1E5
DEBUG: DRAWING LABEL 'R' AT x=386, y=548 COLOR=00E6E1E5
DEBUG: DRAWING LABEL 'N' AT x=427, y=548 COLOR=00E6E1E5
DEBUG: DRAWING LABEL 'D' AT x=468, y=548 COLOR=00E6E1E5
DEBUG: DRAWING LABEL 'Your Library' AT x=345, y=123 COLOR=00E6E1E5
DEBUG: DRAWING LABEL 'Playing from iPhone' AT x=345, y=141 COLOR=00E6E1E5
DEBUG: DRAWING LABEL 'Blinding Lights' AT x=850, y=331 COLOR=00E6E1E5
DEBUG: DRAWING LABEL 'The Weeknd' AT x=850, y=363 COLOR=00E6E1E5
DEBUG: DRAWING LABEL '1:23' AT x=345, y=556 COLOR=00E6E1E5
DEBUG: DRAWING LABEL '3:45' AT x=1281, y=556 COLOR=00E6E1E5
DEBUG: DRAWING LABEL '  ' AT x=360, y=-60 COLOR=00E6E1E5
DEBUG: DRAWING LABEL '12:45 PM' AT x=50, y=30 COLOR=00E6E1E5
DEBUG: DRAWING LABEL 'San Francisco, 68°F' AT x=150, y=30 COLOR=00E6E1E5
DEBUG: DRAWING LABEL 'Your Library' AT x=317, y=123 COLOR=00E6E1E5
DEBUG: DRAWING LABEL 'Playing from iPhone' AT x=317, y=141 COLOR=00E6E1E5
DEBUG: DRAWING LABEL 'Blinding Lights' AT x=822, y=331 COLOR=00E6E1E5
DEBUG: DRAWING LABEL 'The Weeknd' AT x=822, y=363 COLOR=00E6E1E5
DEBUG: DRAWING LABEL '1:23' AT x=317, y=556 COLOR=00E6E1E5
DEBUG: DRAWING LABEL '3:45' AT x=1253, y=556 COLOR=00E6E1E5
DEBUG: DRAWING LABEL '  ' AT x=360, y=-60 COLOR=00E6E1E5
DEBUG: DRAWING LABEL '12:45 PM' AT x=50, y=30 COLOR=00E6E1E5
DEBUG: DRAWING LABEL 'San Francisco, 68°F' AT x=150, y=30 COLOR=00E6E1E5
DEBUG: DRAWING LABEL 'Your Library' AT x=293, y=123 COLOR=00E6E1E5
DEBUG: DRAWING LABEL 'Playing from iPhone' AT x=293, y=141 COLOR=00E6E1E5
DEBUG: DRAWING LABEL 'Blinding Lights' AT x=798, y=331 COLOR=00E6E1E5
DEBUG: DRAWING LABEL 'The Weeknd' AT x=798, y=363 COLOR=00E6E1E5
DEBUG: DRAWING LABEL '1:23' AT x=293, y=556 COLOR=00E6E1E5
DEBUG: DRAWING LABEL '3:45' AT x=1229, y=556 COLOR=00E6E1E5
DEBUG: DRAWING LABEL '  ' AT x=360, y=-60 COLOR=00E6E1E5
DEBUG: DRAWING LABEL '12:45 PM' AT x=50, y=30 COLOR=00E6E1E5
DEBUG: DRAWING LABEL 'San Francisco, 68°F' AT x=150, y=30 COLOR=00E6E1E5
DEBUG: DRAWING LABEL 'Your Library' AT x=268, y=123 COLOR=00E6E1E5
DEBUG: DRAWING LABEL 'Playing from iPhone' AT x=268, y=141 COLOR=00E6E1E5
DEBUG: DRAWING LABEL 'Blinding Lights' AT x=773, y=331 COLOR=00E6E1E5
DEBUG: DRAWING LABEL 'The Weeknd' AT x=773, y=363 COLOR=00E6E1E5
DEBUG: DRAWING LABEL '1:23' AT x=268, y=556 COLOR=00E6E1E5
DEBUG: DRAWING LABEL '3:45' AT x=1204, y=556 COLOR=00E6E1E5
DEBUG: DRAWING LABEL '  ' AT x=360, y=-60 COLOR=00E6E1E5
DEBUG: DRAWING LABEL '12:45 PM' AT x=50, y=30 COLOR=00E6E1E5
DEBUG: DRAWING LABEL 'San Francisco, 68°F' AT x=150, y=30 COLOR=00E6E1E5
DEBUG: DRAWING LABEL 'Your Library' AT x=249, y=123 COLOR=00E6E1E5
DEBUG: DRAWING LABEL 'Playing from iPhone' AT x=249, y=141 COLOR=00E6E1E5
DEBUG: DRAWING LABEL 'Blinding Lights' AT x=754, y=331 COLOR=00E6E1E5
DEBUG: DRAWING LABEL 'The Weeknd' AT x=754, y=363 COLOR=00E6E1E5
DEBUG: DRAWING LABEL '1:23' AT x=249, y=556 COLOR=00E6E1E5
DEBUG: DRAWING LABEL '3:45' AT x=1185, y=556 COLOR=00E6E1E5
DEBUG: DRAWING LABEL '  ' AT x=360, y=-60 COLOR=00E6E1E5
DEBUG: DRAWING LABEL '12:45 PM' AT x=50, y=30 COLOR=00E6E1E5
DEBUG: DRAWING LABEL 'San Francisco, 68°F' AT x=150, y=30 COLOR=00E6E1E5
DEBUG: DRAWING LABEL 'Your Library' AT x=231, y=123 COLOR=00E6E1E5
DEBUG: DRAWING LABEL 'Playing from iPhone' AT x=231, y=141 COLOR=00E6E1E5
DEBUG: DRAWING LABEL 'Blinding Lights' AT x=736, y=331 COLOR=00E6E1E5
DEBUG: DRAWING LABEL 'The Weeknd' AT x=736, y=363 COLOR=00E6E1E5
DEBUG: DRAWING LABEL '1:23' AT x=231, y=556 COLOR=00E6E1E5
DEBUG: DRAWING LABEL '3:45' AT x=1167, y=556 COLOR=00E6E1E5
DEBUG: DRAWING LABEL '  ' AT x=360, y=-60 COLOR=00E6E1E5
DEBUG: DRAWING LABEL '12:45 PM' AT x=50, y=30 COLOR=00E6E1E5
DEBUG: DRAWING LABEL 'San Francisco, 68°F' AT x=150, y=30 COLOR=00E6E1E5
DEBUG: DRAWING LABEL 'Your Library' AT x=215, y=123 COLOR=00E6E1E5
DEBUG: DRAWING LABEL 'Playing from iPhone' AT x=215, y=141 COLOR=00E6E1E5
DEBUG: DRAWING LABEL 'Blinding Lights' AT x=720, y=331 COLOR=00E6E1E5
DEBUG: DRAWING LABEL 'The Weeknd' AT x=720, y=363 COLOR=00E6E1E5
DEBUG: DRAWING LABEL '1:23' AT x=215, y=556 COLOR=00E6E1E5
DEBUG: DRAWING LABEL '3:45' AT x=1151, y=556 COLOR=00E6E1E5
DEBUG: DRAWING LABEL '  ' AT x=360, y=-60 COLOR=00E6E1E5
DEBUG: DRAWING LABEL '12:45 PM' AT x=50, y=30 COLOR=00E6E1E5
DEBUG: DRAWING LABEL 'San Francisco, 68°F' AT x=150, y=30 COLOR=00E6E1E5
DEBUG: DRAWING LABEL 'Your Library' AT x=202, y=123 COLOR=00E6E1E5
DEBUG: DRAWING LABEL 'Playing from iPhone' AT x=202, y=141 COLOR=00E6E1E5
DEBUG: DRAWING LABEL 'Blinding Lights' AT x=707, y=331 COLOR=00E6E1E5
DEBUG: DRAWING LABEL 'The Weeknd' AT x=707, y=363 COLOR=00E6E1E5
DEBUG: DRAWING LABEL '1:23' AT x=202, y=556 COLOR=00E6E1E5
DEBUG: DRAWING LABEL '3:45' AT x=1138, y=556 COLOR=00E6E1E5
DEBUG: DRAWING LABEL '  ' AT x=360, y=-60 COLOR=00E6E1E5
DEBUG: DRAWING LABEL '12:45 PM' AT x=50, y=30 COLOR=00E6E1E5
DEBUG: DRAWING LABEL 'San Francisco, 68°F' AT x=150, y=30 COLOR=00E6E1E5
DEBUG: DRAWING LABEL 'Your Library' AT x=189, y=123 COLOR=00E6E1E5
DEBUG: DRAWING LABEL 'Playing from iPhone' AT x=189, y=141 COLOR=00E6E1E5
DEBUG: DRAWING LABEL 'Blinding Lights' AT x=694, y=331 COLOR=00E6E1E5
DEBUG: DRAWING LABEL 'The Weeknd' AT x=694, y=363 COLOR=00E6E1E5
DEBUG: DRAWING LABEL '1:23' AT x=189, y=556 COLOR=00E6E1E5
DEBUG: DRAWING LABEL '3:45' AT x=1125, y=556 COLOR=00E6E1E5
DEBUG: DRAWING LABEL '  ' AT x=360, y=-60 COLOR=00E6E1E5
DEBUG: DRAWING LABEL '12:45 PM' AT x=50, y=30 COLOR=00E6E1E5
DEBUG: DRAWING LABEL 'San Francisco, 68°F' AT x=150, y=30 COLOR=00E6E1E5
DEBUG: DRAWING LABEL 'Your Library' AT x=180, y=123 COLOR=00E6E1E5
DEBUG: DRAWING LABEL 'Playing from iPhone' AT x=180, y=141 COLOR=00E6E1E5
DEBUG: DRAWING LABEL 'Blinding Lights' AT x=685, y=331 COLOR=00E6E1E5
DEBUG: DRAWING LABEL 'The Weeknd' AT x=685, y=363 COLOR=00E6E1E5
DEBUG: DRAWING LABEL '1:23' AT x=180, y=556 COLOR=00E6E1E5
DEBUG: DRAWING LABEL '3:45' AT x=1116, y=556 COLOR=00E6E1E5
DEBUG: DRAWING LABEL '  ' AT x=360, y=-60 COLOR=00E6E1E5
DEBUG: DRAWING LABEL '12:45 PM' AT x=50, y=30 COLOR=00E6E1E5
DEBUG: DRAWING LABEL 'San Francisco, 68°F' AT x=150, y=30 COLOR=00E6E1E5
DEBUG: DRAWING LABEL 'Your Library' AT x=171, y=123 COLOR=00E6E1E5
DEBUG: DRAWING LABEL 'Playing from iPhone' AT x=171, y=141 COLOR=00E6E1E5
DEBUG: DRAWING LABEL 'Blinding Lights' AT x=676, y=331 COLOR=00E6E1E5
DEBUG: DRAWING LABEL 'The Weeknd' AT x=676, y=363 COLOR=00E6E1E5
DEBUG: DRAWING LABEL '1:23' AT x=171, y=556 COLOR=00E6E1E5
DEBUG: DRAWING LABEL '3:45' AT x=1107, y=556 COLOR=00E6E1E5
DEBUG: DRAWING LABEL '  ' AT x=360, y=-60 COLOR=00E6E1E5
DEBUG: DRAWING LABEL '12:45 PM' AT x=50, y=30 COLOR=00E6E1E5
DEBUG: DRAWING LABEL 'San Francisco, 68°F' AT x=150, y=30 COLOR=00E6E1E5
DEBUG: DRAWING LABEL 'Your Library' AT x=165, y=123 COLOR=00E6E1E5
DEBUG: DRAWING LABEL 'Playing from iPhone' AT x=165, y=141 COLOR=00E6E1E5
DEBUG: DRAWING LABEL 'Blinding Lights' AT x=670, y=331 COLOR=00E6E1E5
DEBUG: DRAWING LABEL 'The Weeknd' AT x=670, y=363 COLOR=00E6E1E5
DEBUG: DRAWING LABEL '1:23' AT x=165, y=556 COLOR=00E6E1E5
DEBUG: DRAWING LABEL '3:45' AT x=1101, y=556 COLOR=00E6E1E5
DEBUG: DRAWING LABEL '  ' AT x=360, y=-60 COLOR=00E6E1E5
DEBUG: DRAWING LABEL '12:45 PM' AT x=50, y=30 COLOR=00E6E1E5
DEBUG: DRAWING LABEL 'San Francisco, 68°F' AT x=150, y=30 COLOR=00E6E1E5
DEBUG: DRAWING LABEL 'Your Library' AT x=159, y=123 COLOR=00E6E1E5
DEBUG: DRAWING LABEL 'Playing from iPhone' AT x=159, y=141 COLOR=00E6E1E5
DEBUG: DRAWING LABEL 'Blinding Lights' AT x=664, y=331 COLOR=00E6E1E5
DEBUG: DRAWING LABEL 'The Weeknd' AT x=664, y=363 COLOR=00E6E1E5
DEBUG: DRAWING LABEL '1:23' AT x=159, y=556 COLOR=00E6E1E5
DEBUG: DRAWING LABEL '3:45' AT x=1095, y=556 COLOR=00E6E1E5
DEBUG: DRAWING LABEL '  ' AT x=360, y=-60 COLOR=00E6E1E5
DEBUG: DRAWING LABEL '12:45 PM' AT x=50, y=30 COLOR=00E6E1E5
DEBUG: DRAWING LABEL 'San Francisco, 68°F' AT x=150, y=30 COLOR=00E6E1E5
DEBUG: DRAWING LABEL 'Your Library' AT x=155, y=123 COLOR=00E6E1E5
DEBUG: DRAWING LABEL 'Playing from iPhone' AT x=155, y=141 COLOR=00E6E1E5
DEBUG: DRAWING LABEL 'Blinding Lights' AT x=660, y=331 COLOR=00E6E1E5
DEBUG: DRAWING LABEL 'The Weeknd' AT x=660, y=363 COLOR=00E6E1E5
DEBUG: DRAWING LABEL '1:23' AT x=155, y=556 COLOR=00E6E1E5
DEBUG: DRAWING LABEL '3:45' AT x=1091, y=556 COLOR=00E6E1E5
DEBUG: DRAWING LABEL '  ' AT x=360, y=-60 COLOR=00E6E1E5
DEBUG: DRAWING LABEL '12:45 PM' AT x=50, y=30 COLOR=00E6E1E5
DEBUG: DRAWING LABEL 'San Francisco, 68°F' AT x=150, y=30 COLOR=00E6E1E5
DEBUG: DRAWING LABEL 'Your Library' AT x=151, y=123 COLOR=00E6E1E5
DEBUG: DRAWING LABEL 'Playing from iPhone' AT x=151, y=141 COLOR=00E6E1E5
DEBUG: DRAWING LABEL 'Blinding Lights' AT x=656, y=331 COLOR=00E6E1E5
DEBUG: DRAWING LABEL 'The Weeknd' AT x=656, y=363 COLOR=00E6E1E5
DEBUG: DRAWING LABEL '1:23' AT x=151, y=556 COLOR=00E6E1E5
DEBUG: DRAWING LABEL '3:45' AT x=1087, y=556 COLOR=00E6E1E5
DEBUG: DRAWING LABEL '  ' AT x=360, y=-60 COLOR=00E6E1E5
DEBUG: DRAWING LABEL '12:45 PM' AT x=50, y=30 COLOR=00E6E1E5
DEBUG: DRAWING LABEL 'San Francisco, 68°F' AT x=150, y=30 COLOR=00E6E1E5
DEBUG: DRAWING LABEL 'Your Library' AT x=149, y=123 COLOR=00E6E1E5
DEBUG: DRAWING LABEL 'Playing from iPhone' AT x=149, y=141 COLOR=00E6E1E5
DEBUG: DRAWING LABEL 'Blinding Lights' AT x=654, y=331 COLOR=00E6E1E5
DEBUG: DRAWING LABEL 'The Weeknd' AT x=654, y=363 COLOR=00E6E1E5
DEBUG: DRAWING LABEL '1:23' AT x=149, y=556 COLOR=00E6E1E5
DEBUG: DRAWING LABEL '3:45' AT x=1085, y=556 COLOR=00E6E1E5
DEBUG: DRAWING LABEL '  ' AT x=360, y=-60 COLOR=00E6E1E5
DEBUG: DRAWING LABEL '12:45 PM' AT x=50, y=30 COLOR=00E6E1E5
DEBUG: DRAWING LABEL 'San Francisco, 68°F' AT x=150, y=30 COLOR=00E6E1E5
DEBUG: DRAWING LABEL 'Your Library' AT x=147, y=123 COLOR=00E6E1E5
DEBUG: DRAWING LABEL 'Playing from iPhone' AT x=147, y=141 COLOR=00E6E1E5
DEBUG: DRAWING LABEL 'Blinding Lights' AT x=652, y=331 COLOR=00E6E1E5
DEBUG: DRAWING LABEL 'The Weeknd' AT x=652, y=363 COLOR=00E6E1E5
DEBUG: DRAWING LABEL '1:23' AT x=147, y=556 COLOR=00E6E1E5
DEBUG: DRAWING LABEL '3:45' AT x=1083, y=556 COLOR=00E6E1E5
DEBUG: DRAWING LABEL '  ' AT x=360, y=-60 COLOR=00E6E1E5
DEBUG: DRAWING LABEL '12:45 PM' AT x=50, y=30 COLOR=00E6E1E5
DEBUG: DRAWING LABEL 'San Francisco, 68°F' AT x=150, y=30 COLOR=00E6E1E5
DEBUG: DRAWING LABEL 'Your Library' AT x=146, y=123 COLOR=00E6E1E5
DEBUG: DRAWING LABEL 'Playing from iPhone' AT x=146, y=141 COLOR=00E6E1E5
DEBUG: DRAWING LABEL 'Blinding Lights' AT x=651, y=331 COLOR=00E6E1E5
DEBUG: DRAWING LABEL 'The Weeknd' AT x=651, y=363 COLOR=00E6E1E5
DEBUG: DRAWING LABEL '1:23' AT x=146, y=556 COLOR=00E6E1E5
DEBUG: DRAWING LABEL '3:45' AT x=1082, y=556 COLOR=00E6E1E5
DEBUG: DRAWING LABEL '  ' AT x=360, y=-60 COLOR=00E6E1E5
DEBUG: DRAWING LABEL '12:45 PM' AT x=50, y=30 COLOR=00E6E1E5
DEBUG: DRAWING LABEL 'San Francisco, 68°F' AT x=150, y=30 COLOR=00E6E1E5
DEBUG: DRAWING LABEL 'Your Library' AT x=145, y=123 COLOR=00E6E1E5
DEBUG: DRAWING LABEL 'Playing from iPhone' AT x=145, y=141 COLOR=00E6E1E5
DEBUG: DRAWING LABEL 'Blinding Lights' AT x=650, y=331 COLOR=00E6E1E5
DEBUG: DRAWING LABEL 'The Weeknd' AT x=650, y=363 COLOR=00E6E1E5
DEBUG: DRAWING LABEL '1:23' AT x=145, y=556 COLOR=00E6E1E5
DEBUG: DRAWING LABEL '3:45' AT x=1081, y=556 COLOR=00E6E1E5
DEBUG: DRAWING LABEL '  ' AT x=360, y=-60 COLOR=00E6E1E5
DEBUG: DRAWING LABEL '12:45 PM' AT x=50, y=30 COLOR=00E6E1E5
DEBUG: DRAWING LABEL 'San Francisco, 68°F' AT x=150, y=30 COLOR=00E6E1E5
DEBUG: DRAWING LABEL 'Your Library' AT x=145, y=123 COLOR=00E6E1E5
DEBUG: DRAWING LABEL 'Playing from iPhone' AT x=145, y=141 COLOR=00E6E1E5
DEBUG: DRAWING LABEL 'Blinding Lights' AT x=650, y=331 COLOR=00E6E1E5
DEBUG: DRAWING LABEL 'The Weeknd' AT x=650, y=363 COLOR=00E6E1E5
DEBUG: DRAWING LABEL '1:23' AT x=145, y=556 COLOR=00E6E1E5
DEBUG: DRAWING LABEL '3:45' AT x=1081, y=556 COLOR=00E6E1E5
DEBUG: DRAWING LABEL '  ' AT x=360, y=-60 COLOR=00E6E1E5
DEBUG: DRAWING LABEL '12:45 PM' AT x=50, y=30 COLOR=00E6E1E5
DEBUG: DRAWING LABEL 'San Francisco, 68°F' AT x=150, y=30 COLOR=00E6E1E5
DEBUG: DRAWING LABEL 'Your Library' AT x=145, y=123 COLOR=00E6E1E5
DEBUG: DRAWING LABEL 'Playing from iPhone' AT x=145, y=141 COLOR=00E6E1E5
DEBUG: DRAWING LABEL 'Blinding Lights' AT x=650, y=331 COLOR=00E6E1E5
DEBUG: DRAWING LABEL 'The Weeknd' AT x=650, y=363 COLOR=00E6E1E5
DEBUG: DRAWING LABEL '1:23' AT x=145, y=556 COLOR=00E6E1E5
DEBUG: DRAWING LABEL '3:45' AT x=1081, y=556 COLOR=00E6E1E5
DEBUG: DRAWING LABEL '  ' AT x=360, y=-60 COLOR=00E6E1E5
DEBUG: DRAWING LABEL '12:45 PM' AT x=50, y=30 COLOR=00E6E1E5
DEBUG: DRAWING LABEL 'San Francisco, 68°F' AT x=150, y=30 COLOR=00E6E1E5
DEBUG: DRAWING LABEL 'Your Library' AT x=145, y=123 COLOR=00E6E1E5
DEBUG: DRAWING LABEL 'Playing from iPhone' AT x=145, y=141 COLOR=00E6E1E5
DEBUG: DRAWING LABEL 'Blinding Lights' AT x=650, y=331 COLOR=00E6E1E5
DEBUG: DRAWING LABEL 'The Weeknd' AT x=650, y=363 COLOR=00E6E1E5
DEBUG: DRAWING LABEL '1:23' AT x=145, y=556 COLOR=00E6E1E5
DEBUG: DRAWING LABEL '3:45' AT x=1081, y=556 COLOR=00E6E1E5
DEBUG: DRAWING LABEL '  ' AT x=360, y=-60 COLOR=00E6E1E5
DEBUG: DRAWING LABEL '12:45 PM' AT x=50, y=30 COLOR=00E6E1E5
DEBUG: DRAWING LABEL 'San Francisco, 68°F' AT x=150, y=30 COLOR=00E6E1E5
DEBUG: DRAWING LABEL '' AT x=840, y=105 COLOR=00E6E1E5
DEBUG: DRAWING LABEL '' AT x=840, y=161 COLOR=00E6E1E5
DEBUG: DRAWING LABEL '  ' AT x=360, y=-60 COLOR=00E6E1E5
DEBUG: DRAWING LABEL '12:45 PM' AT x=50, y=30 COLOR=00E6E1E5
DEBUG: DRAWING LABEL 'San Francisco, 68°F' AT x=150, y=30 COLOR=00E6E1E5
DEBUG: DRAWING LABEL '' AT x=812, y=105 COLOR=00E6E1E5
DEBUG: DRAWING LABEL '' AT x=812, y=161 COLOR=00E6E1E5
DEBUG: DRAWING LABEL '  ' AT x=360, y=-60 COLOR=00E6E1E5
DEBUG: DRAWING LABEL '12:45 PM' AT x=50, y=30 COLOR=00E6E1E5
DEBUG: DRAWING LABEL 'San Francisco, 68°F' AT x=150, y=30 COLOR=00E6E1E5
DEBUG: DRAWING LABEL '' AT x=789, y=105 COLOR=00E6E1E5
DEBUG: DRAWING LABEL '' AT x=789, y=161 COLOR=00E6E1E5
DEBUG: DRAWING LABEL '  ' AT x=360, y=-60 COLOR=00E6E1E5
DEBUG: DRAWING LABEL '12:45 PM' AT x=50, y=30 COLOR=00E6E1E5
DEBUG: DRAWING LABEL 'San Francisco, 68°F' AT x=150, y=30 COLOR=00E6E1E5
DEBUG: DRAWING LABEL '' AT x=767, y=105 COLOR=00E6E1E5
DEBUG: DRAWING LABEL '' AT x=767, y=161 COLOR=00E6E1E5
DEBUG: DRAWING LABEL '  ' AT x=360, y=-60 COLOR=00E6E1E5
DEBUG: DRAWING LABEL '12:45 PM' AT x=50, y=30 COLOR=00E6E1E5
DEBUG: DRAWING LABEL 'San Francisco, 68°F' AT x=150, y=30 COLOR=00E6E1E5
DEBUG: DRAWING LABEL '' AT x=748, y=105 COLOR=00E6E1E5
DEBUG: DRAWING LABEL '' AT x=748, y=161 COLOR=00E6E1E5
DEBUG: DRAWING LABEL '  ' AT x=360, y=-60 COLOR=00E6E1E5
DEBUG: DRAWING LABEL '12:45 PM' AT x=50, y=30 COLOR=00E6E1E5
DEBUG: DRAWING LABEL 'San Francisco, 68°F' AT x=150, y=30 COLOR=00E6E1E5
DEBUG: DRAWING LABEL '' AT x=730, y=105 COLOR=00E6E1E5
DEBUG: DRAWING LABEL '' AT x=730, y=161 COLOR=00E6E1E5
DEBUG: DRAWING LABEL '  ' AT x=360, y=-60 COLOR=00E6E1E5
DEBUG: DRAWING LABEL '12:45 PM' AT x=50, y=30 COLOR=00E6E1E5
DEBUG: DRAWING LABEL 'San Francisco, 68°F' AT x=150, y=30 COLOR=00E6E1E5
DEBUG: DRAWING LABEL '' AT x=715, y=105 COLOR=00E6E1E5
DEBUG: DRAWING LABEL '' AT x=715, y=161 COLOR=00E6E1E5
DEBUG: DRAWING LABEL '  ' AT x=360, y=-60 COLOR=00E6E1E5
DEBUG: DRAWING LABEL '12:45 PM' AT x=50, y=30 COLOR=00E6E1E5
DEBUG: DRAWING LABEL 'San Francisco, 68°F' AT x=150, y=30 COLOR=00E6E1E5
DEBUG: DRAWING LABEL '' AT x=701, y=105 COLOR=00E6E1E5
DEBUG: DRAWING LABEL '' AT x=701, y=161 COLOR=00E6E1E5
DEBUG: DRAWING LABEL '  ' AT x=360, y=-60 COLOR=00E6E1E5
DEBUG: DRAWING LABEL '12:45 PM' AT x=50, y=30 COLOR=00E6E1E5
DEBUG: DRAWING LABEL 'San Francisco, 68°F' AT x=150, y=30 COLOR=00E6E1E5
DEBUG: DRAWING LABEL '' AT x=690, y=105 COLOR=00E6E1E5
DEBUG: DRAWING LABEL '' AT x=690, y=161 COLOR=00E6E1E5
DEBUG: DRAWING LABEL '  ' AT x=360, y=-60 COLOR=00E6E1E5
DEBUG: DRAWING LABEL '12:45 PM' AT x=50, y=30 COLOR=00E6E1E5
DEBUG: DRAWING LABEL 'San Francisco, 68°F' AT x=150, y=30 COLOR=00E6E1E5
DEBUG: DRAWING LABEL '' AT x=680, y=105 COLOR=00E6E1E5
DEBUG: DRAWING LABEL '' AT x=680, y=161 COLOR=00E6E1E5
DEBUG: DRAWING LABEL '  ' AT x=360, y=-60 COLOR=00E6E1E5
DEBUG: DRAWING LABEL '12:45 PM' AT x=50, y=30 COLOR=00E6E1E5
DEBUG: DRAWING LABEL 'San Francisco, 68°F' AT x=150, y=30 COLOR=00E6E1E5
DEBUG: DRAWING LABEL '' AT x=670, y=105 COLOR=00E6E1E5
DEBUG: DRAWING LABEL '' AT x=670, y=161 COLOR=00E6E1E5
DEBUG: DRAWING LABEL '  ' AT x=360, y=-60 COLOR=00E6E1E5
DEBUG: DRAWING LABEL '12:45 PM' AT x=50, y=30 COLOR=00E6E1E5
DEBUG: DRAWING LABEL 'San Francisco, 68°F' AT x=150, y=30 COLOR=00E6E1E5
DEBUG: DRAWING LABEL '' AT x=663, y=105 COLOR=00E6E1E5
DEBUG: DRAWING LABEL '' AT x=663, y=161 COLOR=00E6E1E5
DEBUG: DRAWING LABEL '  ' AT x=360, y=-60 COLOR=00E6E1E5
DEBUG: DRAWING LABEL '12:45 PM' AT x=50, y=30 COLOR=00E6E1E5
DEBUG: DRAWING LABEL 'San Francisco, 68°F' AT x=150, y=30 COLOR=00E6E1E5
DEBUG: DRAWING LABEL '' AT x=657, y=105 COLOR=00E6E1E5
DEBUG: DRAWING LABEL '' AT x=657, y=161 COLOR=00E6E1E5
DEBUG: DRAWING LABEL '  ' AT x=360, y=-60 COLOR=00E6E1E5
DEBUG: DRAWING LABEL '12:45 PM' AT x=50, y=30 COLOR=00E6E1E5
DEBUG: DRAWING LABEL 'San Francisco, 68°F' AT x=150, y=30 COLOR=00E6E1E5
DEBUG: DRAWING LABEL '' AT x=652, y=105 COLOR=00E6E1E5
DEBUG: DRAWING LABEL '' AT x=652, y=161 COLOR=00E6E1E5
DEBUG: DRAWING LABEL '  ' AT x=360, y=-60 COLOR=00E6E1E5
DEBUG: DRAWING LABEL '12:45 PM' AT x=50, y=30 COLOR=00E6E1E5
DEBUG: DRAWING LABEL 'San Francisco, 68°F' AT x=150, y=30 COLOR=00E6E1E5
DEBUG: DRAWING LABEL '' AT x=648, y=105 COLOR=00E6E1E5
DEBUG: DRAWING LABEL '' AT x=648, y=161 COLOR=00E6E1E5
DEBUG: DRAWING LABEL '  ' AT x=360, y=-60 COLOR=00E6E1E5
DEBUG: DRAWING LABEL '12:45 PM' AT x=50, y=30 COLOR=00E6E1E5
DEBUG: DRAWING LABEL 'San Francisco, 68°F' AT x=150, y=30 COLOR=00E6E1E5
DEBUG: DRAWING LABEL '' AT x=645, y=105 COLOR=00E6E1E5
DEBUG: DRAWING LABEL '' AT x=645, y=161 COLOR=00E6E1E5
DEBUG: DRAWING LABEL '  ' AT x=360, y=-60 COLOR=00E6E1E5
DEBUG: DRAWING LABEL '12:45 PM' AT x=50, y=30 COLOR=00E6E1E5
DEBUG: DRAWING LABEL 'San Francisco, 68°F' AT x=150, y=30 COLOR=00E6E1E5
DEBUG: DRAWING LABEL '' AT x=643, y=105 COLOR=00E6E1E5
DEBUG: DRAWING LABEL '' AT x=643, y=161 COLOR=00E6E1E5
DEBUG: DRAWING LABEL '  ' AT x=360, y=-60 COLOR=00E6E1E5
DEBUG: DRAWING LABEL '12:45 PM' AT x=50, y=30 COLOR=00E6E1E5
DEBUG: DRAWING LABEL 'San Francisco, 68°F' AT x=150, y=30 COLOR=00E6E1E5
DEBUG: DRAWING LABEL '' AT x=641, y=105 COLOR=00E6E1E5
DEBUG: DRAWING LABEL '' AT x=641, y=161 COLOR=00E6E1E5
DEBUG: DRAWING LABEL '  ' AT x=360, y=-60 COLOR=00E6E1E5
DEBUG: DRAWING LABEL '12:45 PM' AT x=50, y=30 COLOR=00E6E1E5
DEBUG: DRAWING LABEL 'San Francisco, 68°F' AT x=150, y=30 COLOR=00E6E1E5
SHEET ANIM CB CALLED: 793.000000
Anim target_y: 793.000000 | sheet->container_y: 793 | first_child_y: 813
SHEET ANIM CB CALLED: 794.000000
Anim target_y: 794.000000 | sheet->container_y: 794 | first_child_y: 814
SHEET ANIM CB CALLED: 796.000000
Anim target_y: 796.000000 | sheet->container_y: 796 | first_child_y: 816
DEBUG: DRAWING LABEL '' AT x=640, y=105 COLOR=00E6E1E5
DEBUG: DRAWING LABEL '' AT x=640, y=161 COLOR=00E6E1E5
DEBUG: DRAWING LABEL '  ' AT x=360, y=-60 COLOR=00E6E1E5
DEBUG: DRAWING LABEL '12:45 PM' AT x=50, y=30 COLOR=00E6E1E5
DEBUG: DRAWING LABEL 'San Francisco, 68°F' AT x=150, y=30 COLOR=00E6E1E5
SHEET ANIM CB CALLED: 797.000000
Anim target_y: 797.000000 | sheet->container_y: 797 | first_child_y: 817
SHEET ANIM CB CALLED: 798.000000
Anim target_y: 798.000000 | sheet->container_y: 798 | first_child_y: 818
SHEET ANIM CB CALLED: 799.000000
Anim target_y: 799.000000 | sheet->container_y: 799 | first_child_y: 819
DEBUG: DRAWING LABEL '' AT x=640, y=105 COLOR=00E6E1E5
DEBUG: DRAWING LABEL '' AT x=640, y=161 COLOR=00E6E1E5
DEBUG: DRAWING LABEL '  ' AT x=360, y=-60 COLOR=00E6E1E5
DEBUG: DRAWING LABEL '12:45 PM' AT x=50, y=30 COLOR=00E6E1E5
DEBUG: DRAWING LABEL 'San Francisco, 68°F' AT x=150, y=30 COLOR=00E6E1E5
SHEET ANIM CB CALLED: 800.000000
Anim target_y: 800.000000 | sheet->container_y: 800 | first_child_y: 820
DEBUG: DRAWING LABEL '' AT x=640, y=105 COLOR=00E6E1E5
DEBUG: DRAWING LABEL '' AT x=640, y=161 COLOR=00E6E1E5
DEBUG: DRAWING LABEL '  ' AT x=360, y=-60 COLOR=00E6E1E5
DEBUG: DRAWING LABEL '12:45 PM' AT x=50, y=30 COLOR=00E6E1E5
DEBUG: DRAWING LABEL 'San Francisco, 68°F' AT x=150, y=30 COLOR=00E6E1E5
SHEET ANIM CB CALLED: 800.000000
Anim target_y: 800.000000 | sheet->container_y: 800 | first_child_y: 820
DEBUG: DRAWING LABEL '' AT x=640, y=105 COLOR=00E6E1E5
DEBUG: DRAWING LABEL '' AT x=640, y=161 COLOR=00E6E1E5
DEBUG: DRAWING LABEL '  ' AT x=360, y=-60 COLOR=00E6E1E5
DEBUG: DRAWING LABEL '12:45 PM' AT x=50, y=30 COLOR=00E6E1E5
DEBUG: DRAWING LABEL 'San Francisco, 68°F' AT x=150, y=30 COLOR=00E6E1E5
SHEET ANIM CB CALLED: 800.000000
Anim target_y: 800.000000 | sheet->container_y: 800 | first_child_y: 820
DEBUG: DRAWING LABEL '' AT x=640, y=105 COLOR=00E6E1E5
DEBUG: DRAWING LABEL '' AT x=640, y=161 COLOR=00E6E1E5
DEBUG: DRAWING LABEL '  ' AT x=360, y=-60 COLOR=00E6E1E5
DEBUG: DRAWING LABEL '12:45 PM' AT x=50, y=30 COLOR=00E6E1E5
DEBUG: DRAWING LABEL 'San Francisco, 68°F' AT x=150, y=30 COLOR=00E6E1E5
SHEET ANIM CB CALLED: 800.000000
Anim target_y: 800.000000 | sheet->container_y: 800 | first_child_y: 820
DEBUG: DRAWING LABEL '' AT x=640, y=105 COLOR=00E6E1E5
DEBUG: DRAWING LABEL '' AT x=640, y=161 COLOR=00E6E1E5
DEBUG: DRAWING LABEL '  ' AT x=360, y=-60 COLOR=00E6E1E5
DEBUG: DRAWING LABEL '12:45 PM' AT x=50, y=30 COLOR=00E6E1E5
DEBUG: DRAWING LABEL 'San Francisco, 68°F' AT x=150, y=30 COLOR=00E6E1E5
SHEET ANIM CB CALLED: 800.000000
Anim target_y: 800.000000 | sheet->container_y: 800 | first_child_y: 820
DEBUG: DRAWING LABEL '' AT x=640, y=105 COLOR=00E6E1E5
DEBUG: DRAWING LABEL '' AT x=640, y=161 COLOR=00E6E1E5
DEBUG: DRAWING LABEL '  ' AT x=360, y=-60 COLOR=00E6E1E5
DEBUG: DRAWING LABEL '12:45 PM' AT x=50, y=30 COLOR=00E6E1E5
DEBUG: DRAWING LABEL 'San Francisco, 68°F' AT x=150, y=30 COLOR=00E6E1E5
SHEET ANIM CB CALLED: 800.000000
Anim target_y: 800.000000 | sheet->container_y: 800 | first_child_y: 820
DEBUG: DRAWING LABEL '' AT x=640, y=105 COLOR=00E6E1E5
DEBUG: DRAWING LABEL '' AT x=640, y=161 COLOR=00E6E1E5
DEBUG: DRAWING LABEL '  ' AT x=360, y=-60 COLOR=00E6E1E5
DEBUG: DRAWING LABEL '12:45 PM' AT x=50, y=30 COLOR=00E6E1E5
DEBUG: DRAWING LABEL 'San Francisco, 68°F' AT x=150, y=30 COLOR=00E6E1E5
SHEET ANIM CB CALLED: 800.000000
Anim target_y: 800.000000 | sheet->container_y: 800 | first_child_y: 820
DEBUG: DRAWING LABEL '' AT x=640, y=105 COLOR=00E6E1E5
DEBUG: DRAWING LABEL '' AT x=640, y=161 COLOR=00E6E1E5
DEBUG: DRAWING LABEL '  ' AT x=360, y=-60 COLOR=00E6E1E5
DEBUG: DRAWING LABEL '12:45 PM' AT x=50, y=30 COLOR=00E6E1E5
DEBUG: DRAWING LABEL 'San Francisco, 68°F' AT x=150, y=30 COLOR=00E6E1E5
SHEET ANIM CB CALLED: 800.000000
Anim target_y: 800.000000 | sheet->container_y: 800 | first_child_y: 820
DEBUG: DRAWING LABEL '' AT x=640, y=105 COLOR=00E6E1E5
DEBUG: DRAWING LABEL '' AT x=640, y=161 COLOR=00E6E1E5
DEBUG: DRAWING LABEL '  ' AT x=360, y=-60 COLOR=00E6E1E5
DEBUG: DRAWING LABEL '12:45 PM' AT x=50, y=30 COLOR=00E6E1E5
DEBUG: DRAWING LABEL 'San Francisco, 68°F' AT x=150, y=30 COLOR=00E6E1E5
SHEET ANIM CB CALLED: 800.000000
Anim target_y: 800.000000 | sheet->container_y: 800 | first_child_y: 820
DEBUG: DRAWING LABEL '' AT x=640, y=105 COLOR=00E6E1E5
DEBUG: DRAWING LABEL '' AT x=640, y=161 COLOR=00E6E1E5
DEBUG: DRAWING LABEL '  ' AT x=360, y=-60 COLOR=00E6E1E5
DEBUG: DRAWING LABEL '12:45 PM' AT x=50, y=30 COLOR=00E6E1E5
DEBUG: DRAWING LABEL 'San Francisco, 68°F' AT x=150, y=30 COLOR=00E6E1E5
SHEET ANIM CB CALLED: 800.000000
Anim target_y: 800.000000 | sheet->container_y: 800 | first_child_y: 820
DEBUG: DRAWING LABEL '' AT x=640, y=105 COLOR=00E6E1E5
DEBUG: DRAWING LABEL '' AT x=640, y=161 COLOR=00E6E1E5
DEBUG: DRAWING LABEL '  ' AT x=360, y=-60 COLOR=00E6E1E5
DEBUG: DRAWING LABEL '12:45 PM' AT x=50, y=30 COLOR=00E6E1E5
DEBUG: DRAWING LABEL 'San Francisco, 68°F' AT x=150, y=30 COLOR=00E6E1E5
SHEET ANIM CB CALLED: 800.000000
Anim target_y: 800.000000 | sheet->container_y: 800 | first_child_y: 820
DEBUG: DRAWING LABEL '' AT x=640, y=105 COLOR=00E6E1E5
DEBUG: DRAWING LABEL '' AT x=640, y=161 COLOR=00E6E1E5
DEBUG: DRAWING LABEL '  ' AT x=360, y=-60 COLOR=00E6E1E5
DEBUG: DRAWING LABEL '12:45 PM' AT x=50, y=30 COLOR=00E6E1E5
DEBUG: DRAWING LABEL 'San Francisco, 68°F' AT x=150, y=30 COLOR=00E6E1E5
SHEET ANIM CB CALLED: 800.000000
Anim target_y: 800.000000 | sheet->container_y: 800 | first_child_y: 820
DEBUG: DRAWING LABEL '' AT x=640, y=105 COLOR=00E6E1E5
DEBUG: DRAWING LABEL '' AT x=640, y=161 COLOR=00E6E1E5
DEBUG: DRAWING LABEL '  ' AT x=360, y=-60 COLOR=00E6E1E5
DEBUG: DRAWING LABEL '12:45 PM' AT x=50, y=30 COLOR=00E6E1E5
DEBUG: DRAWING LABEL 'San Francisco, 68°F' AT x=150, y=30 COLOR=00E6E1E5
SHEET ANIM CB CALLED: 800.000000
Anim target_y: 800.000000 | sheet->container_y: 800 | first_child_y: 820
DEBUG: DRAWING LABEL '' AT x=640, y=105 COLOR=00E6E1E5
DEBUG: DRAWING LABEL '' AT x=640, y=161 COLOR=00E6E1E5
DEBUG: DRAWING LABEL '  ' AT x=360, y=-60 COLOR=00E6E1E5
DEBUG: DRAWING LABEL '12:45 PM' AT x=50, y=30 COLOR=00E6E1E5
DEBUG: DRAWING LABEL 'San Francisco, 68°F' AT x=150, y=30 COLOR=00E6E1E5
SHEET ANIM CB CALLED: 800.000000
Anim target_y: 800.000000 | sheet->container_y: 800 | first_child_y: 820
DEBUG: DRAWING LABEL '' AT x=640, y=105 COLOR=00E6E1E5
DEBUG: DRAWING LABEL '' AT x=640, y=161 COLOR=00E6E1E5
DEBUG: DRAWING LABEL '  ' AT x=360, y=-60 COLOR=00E6E1E5
DEBUG: DRAWING LABEL '12:45 PM' AT x=50, y=30 COLOR=00E6E1E5
DEBUG: DRAWING LABEL 'San Francisco, 68°F' AT x=150, y=30 COLOR=00E6E1E5
SHEET ANIM CB CALLED: 800.000000
Anim target_y: 800.000000 | sheet->container_y: 800 | first_child_y: 820
DEBUG: DRAWING LABEL '' AT x=640, y=105 COLOR=00E6E1E5
DEBUG: DRAWING LABEL '' AT x=640, y=161 COLOR=00E6E1E5
DEBUG: DRAWING LABEL '  ' AT x=360, y=-60 COLOR=00E6E1E5
DEBUG: DRAWING LABEL '12:45 PM' AT x=50, y=30 COLOR=00E6E1E5
DEBUG: DRAWING LABEL 'San Francisco, 68°F' AT x=150, y=30 COLOR=00E6E1E5
SHEET ANIM CB CALLED: 800.000000
Anim target_y: 800.000000 | sheet->container_y: 800 | first_child_y: 820
DEBUG: DRAWING LABEL '' AT x=640, y=105 COLOR=00E6E1E5
DEBUG: DRAWING LABEL '' AT x=640, y=161 COLOR=00E6E1E5
DEBUG: DRAWING LABEL '  ' AT x=360, y=-60 COLOR=00E6E1E5
DEBUG: DRAWING LABEL '12:45 PM' AT x=50, y=30 COLOR=00E6E1E5
DEBUG: DRAWING LABEL 'San Francisco, 68°F' AT x=150, y=30 COLOR=00E6E1E5
DEBUG: DRAWING LABEL 'Your Library' AT x=-55, y=123 COLOR=00E6E1E5
DEBUG: DRAWING LABEL 'Playing from iPhone' AT x=-55, y=141 COLOR=00E6E1E5
DEBUG: DRAWING LABEL 'Blinding Lights' AT x=450, y=331 COLOR=00E6E1E5
DEBUG: DRAWING LABEL 'The Weeknd' AT x=450, y=363 COLOR=00E6E1E5
DEBUG: DRAWING LABEL '1:23' AT x=-55, y=556 COLOR=00E6E1E5
DEBUG: DRAWING LABEL '3:45' AT x=881, y=556 COLOR=00E6E1E5
DEBUG: DRAWING LABEL '  ' AT x=360, y=-60 COLOR=00E6E1E5
DEBUG: DRAWING LABEL '12:45 PM' AT x=50, y=30 COLOR=00E6E1E5
DEBUG: DRAWING LABEL 'San Francisco, 68°F' AT x=150, y=30 COLOR=00E6E1E5
DEBUG: DRAWING LABEL 'Your Library' AT x=-27, y=123 COLOR=00E6E1E5
DEBUG: DRAWING LABEL 'Playing from iPhone' AT x=-27, y=141 COLOR=00E6E1E5
DEBUG: DRAWING LABEL 'Blinding Lights' AT x=478, y=331 COLOR=00E6E1E5
DEBUG: DRAWING LABEL 'The Weeknd' AT x=478, y=363 COLOR=00E6E1E5
DEBUG: DRAWING LABEL '1:23' AT x=-27, y=556 COLOR=00E6E1E5
DEBUG: DRAWING LABEL '3:45' AT x=909, y=556 COLOR=00E6E1E5
DEBUG: DRAWING LABEL '  ' AT x=360, y=-60 COLOR=00E6E1E5
DEBUG: DRAWING LABEL '12:45 PM' AT x=50, y=30 COLOR=00E6E1E5
DEBUG: DRAWING LABEL 'San Francisco, 68°F' AT x=150, y=30 COLOR=00E6E1E5
DEBUG: DRAWING LABEL 'Your Library' AT x=0, y=123 COLOR=00E6E1E5
DEBUG: DRAWING LABEL 'Playing from iPhone' AT x=0, y=141 COLOR=00E6E1E5
DEBUG: DRAWING LABEL 'Blinding Lights' AT x=505, y=331 COLOR=00E6E1E5
DEBUG: DRAWING LABEL 'The Weeknd' AT x=505, y=363 COLOR=00E6E1E5
DEBUG: DRAWING LABEL '1:23' AT x=0, y=556 COLOR=00E6E1E5
DEBUG: DRAWING LABEL '3:45' AT x=936, y=556 COLOR=00E6E1E5
DEBUG: DRAWING LABEL '  ' AT x=360, y=-60 COLOR=00E6E1E5
DEBUG: DRAWING LABEL '12:45 PM' AT x=50, y=30 COLOR=00E6E1E5
DEBUG: DRAWING LABEL 'San Francisco, 68°F' AT x=150, y=30 COLOR=00E6E1E5
DEBUG: DRAWING LABEL 'Your Library' AT x=20, y=123 COLOR=00E6E1E5
DEBUG: DRAWING LABEL 'Playing from iPhone' AT x=20, y=141 COLOR=00E6E1E5
DEBUG: DRAWING LABEL 'Blinding Lights' AT x=525, y=331 COLOR=00E6E1E5
DEBUG: DRAWING LABEL 'The Weeknd' AT x=525, y=363 COLOR=00E6E1E5
DEBUG: DRAWING LABEL '1:23' AT x=20, y=556 COLOR=00E6E1E5
DEBUG: DRAWING LABEL '3:45' AT x=956, y=556 COLOR=00E6E1E5
DEBUG: DRAWING LABEL '  ' AT x=360, y=-60 COLOR=00E6E1E5
DEBUG: DRAWING LABEL '12:45 PM' AT x=50, y=30 COLOR=00E6E1E5
DEBUG: DRAWING LABEL 'San Francisco, 68°F' AT x=150, y=30 COLOR=00E6E1E5
DEBUG: DRAWING LABEL 'Your Library' AT x=38, y=123 COLOR=00E6E1E5
DEBUG: DRAWING LABEL 'Playing from iPhone' AT x=38, y=141 COLOR=00E6E1E5
DEBUG: DRAWING LABEL 'Blinding Lights' AT x=543, y=331 COLOR=00E6E1E5
DEBUG: DRAWING LABEL 'The Weeknd' AT x=543, y=363 COLOR=00E6E1E5
DEBUG: DRAWING LABEL '1:23' AT x=38, y=556 COLOR=00E6E1E5
DEBUG: DRAWING LABEL '3:45' AT x=974, y=556 COLOR=00E6E1E5
DEBUG: DRAWING LABEL '  ' AT x=360, y=-60 COLOR=00E6E1E5
DEBUG: DRAWING LABEL '12:45 PM' AT x=50, y=30 COLOR=00E6E1E5
DEBUG: DRAWING LABEL 'San Francisco, 68°F' AT x=150, y=30 COLOR=00E6E1E5
DEBUG: DRAWING LABEL 'Your Library' AT x=54, y=123 COLOR=00E6E1E5
DEBUG: DRAWING LABEL 'Playing from iPhone' AT x=54, y=141 COLOR=00E6E1E5
DEBUG: DRAWING LABEL 'Blinding Lights' AT x=559, y=331 COLOR=00E6E1E5
DEBUG: DRAWING LABEL 'The Weeknd' AT x=559, y=363 COLOR=00E6E1E5
DEBUG: DRAWING LABEL '1:23' AT x=54, y=556 COLOR=00E6E1E5
DEBUG: DRAWING LABEL '3:45' AT x=990, y=556 COLOR=00E6E1E5
DEBUG: DRAWING LABEL '  ' AT x=360, y=-60 COLOR=00E6E1E5
DEBUG: DRAWING LABEL '12:45 PM' AT x=50, y=30 COLOR=00E6E1E5
DEBUG: DRAWING LABEL 'San Francisco, 68°F' AT x=150, y=30 COLOR=00E6E1E5
DEBUG: DRAWING LABEL 'Your Library' AT x=69, y=123 COLOR=00E6E1E5
DEBUG: DRAWING LABEL 'Playing from iPhone' AT x=69, y=141 COLOR=00E6E1E5
DEBUG: DRAWING LABEL 'Blinding Lights' AT x=574, y=331 COLOR=00E6E1E5
DEBUG: DRAWING LABEL 'The Weeknd' AT x=574, y=363 COLOR=00E6E1E5
DEBUG: DRAWING LABEL '1:23' AT x=69, y=556 COLOR=00E6E1E5
DEBUG: DRAWING LABEL '3:45' AT x=1005, y=556 COLOR=00E6E1E5
DEBUG: DRAWING LABEL '  ' AT x=360, y=-60 COLOR=00E6E1E5
DEBUG: DRAWING LABEL '12:45 PM' AT x=50, y=30 COLOR=00E6E1E5
DEBUG: DRAWING LABEL 'San Francisco, 68°F' AT x=150, y=30 COLOR=00E6E1E5
DEBUG: DRAWING LABEL 'Your Library' AT x=84, y=123 COLOR=00E6E1E5
DEBUG: DRAWING LABEL 'Playing from iPhone' AT x=84, y=141 COLOR=00E6E1E5
DEBUG: DRAWING LABEL 'Blinding Lights' AT x=589, y=331 COLOR=00E6E1E5
DEBUG: DRAWING LABEL 'The Weeknd' AT x=589, y=363 COLOR=00E6E1E5
DEBUG: DRAWING LABEL '1:23' AT x=84, y=556 COLOR=00E6E1E5
DEBUG: DRAWING LABEL '3:45' AT x=1020, y=556 COLOR=00E6E1E5
DEBUG: DRAWING LABEL '  ' AT x=360, y=-60 COLOR=00E6E1E5
DEBUG: DRAWING LABEL '12:45 PM' AT x=50, y=30 COLOR=00E6E1E5
DEBUG: DRAWING LABEL 'San Francisco, 68°F' AT x=150, y=30 COLOR=00E6E1E5
DEBUG: DRAWING LABEL 'Your Library' AT x=96, y=123 COLOR=00E6E1E5
DEBUG: DRAWING LABEL 'Playing from iPhone' AT x=96, y=141 COLOR=00E6E1E5
DEBUG: DRAWING LABEL 'Blinding Lights' AT x=601, y=331 COLOR=00E6E1E5
DEBUG: DRAWING LABEL 'The Weeknd' AT x=601, y=363 COLOR=00E6E1E5
DEBUG: DRAWING LABEL '1:23' AT x=96, y=556 COLOR=00E6E1E5
DEBUG: DRAWING LABEL '3:45' AT x=1032, y=556 COLOR=00E6E1E5
DEBUG: DRAWING LABEL '  ' AT x=360, y=-60 COLOR=00E6E1E5
DEBUG: DRAWING LABEL '12:45 PM' AT x=50, y=30 COLOR=00E6E1E5
DEBUG: DRAWING LABEL 'San Francisco, 68°F' AT x=150, y=30 COLOR=00E6E1E5
DEBUG: DRAWING LABEL 'Your Library' AT x=107, y=123 COLOR=00E6E1E5
DEBUG: DRAWING LABEL 'Playing from iPhone' AT x=107, y=141 COLOR=00E6E1E5
DEBUG: DRAWING LABEL 'Blinding Lights' AT x=612, y=331 COLOR=00E6E1E5
DEBUG: DRAWING LABEL 'The Weeknd' AT x=612, y=363 COLOR=00E6E1E5
DEBUG: DRAWING LABEL '1:23' AT x=107, y=556 COLOR=00E6E1E5
DEBUG: DRAWING LABEL '3:45' AT x=1043, y=556 COLOR=00E6E1E5
DEBUG: DRAWING LABEL '  ' AT x=360, y=-60 COLOR=00E6E1E5
DEBUG: DRAWING LABEL '12:45 PM' AT x=50, y=30 COLOR=00E6E1E5
DEBUG: DRAWING LABEL 'San Francisco, 68°F' AT x=150, y=30 COLOR=00E6E1E5
DEBUG: DRAWING LABEL 'Your Library' AT x=116, y=123 COLOR=00E6E1E5
DEBUG: DRAWING LABEL 'Playing from iPhone' AT x=116, y=141 COLOR=00E6E1E5
DEBUG: DRAWING LABEL 'Blinding Lights' AT x=621, y=331 COLOR=00E6E1E5
DEBUG: DRAWING LABEL 'The Weeknd' AT x=621, y=363 COLOR=00E6E1E5
DEBUG: DRAWING LABEL '1:23' AT x=116, y=556 COLOR=00E6E1E5
DEBUG: DRAWING LABEL '3:45' AT x=1052, y=556 COLOR=00E6E1E5
DEBUG: DRAWING LABEL '  ' AT x=360, y=-60 COLOR=00E6E1E5
DEBUG: DRAWING LABEL '12:45 PM' AT x=50, y=30 COLOR=00E6E1E5
DEBUG: DRAWING LABEL 'San Francisco, 68°F' AT x=150, y=30 COLOR=00E6E1E5
DEBUG: DRAWING LABEL 'Your Library' AT x=123, y=123 COLOR=00E6E1E5
DEBUG: DRAWING LABEL 'Playing from iPhone' AT x=123, y=141 COLOR=00E6E1E5
DEBUG: DRAWING LABEL 'Blinding Lights' AT x=628, y=331 COLOR=00E6E1E5
DEBUG: DRAWING LABEL 'The Weeknd' AT x=628, y=363 COLOR=00E6E1E5
DEBUG: DRAWING LABEL '1:23' AT x=123, y=556 COLOR=00E6E1E5
DEBUG: DRAWING LABEL '3:45' AT x=1059, y=556 COLOR=00E6E1E5
DEBUG: DRAWING LABEL '  ' AT x=360, y=-60 COLOR=00E6E1E5
DEBUG: DRAWING LABEL '12:45 PM' AT x=50, y=30 COLOR=00E6E1E5
DEBUG: DRAWING LABEL 'San Francisco, 68°F' AT x=150, y=30 COLOR=00E6E1E5
DEBUG: DRAWING LABEL 'Your Library' AT x=128, y=123 COLOR=00E6E1E5
DEBUG: DRAWING LABEL 'Playing from iPhone' AT x=128, y=141 COLOR=00E6E1E5
DEBUG: DRAWING LABEL 'Blinding Lights' AT x=633, y=331 COLOR=00E6E1E5
DEBUG: DRAWING LABEL 'The Weeknd' AT x=633, y=363 COLOR=00E6E1E5
DEBUG: DRAWING LABEL '1:23' AT x=128, y=556 COLOR=00E6E1E5
DEBUG: DRAWING LABEL '3:45' AT x=1064, y=556 COLOR=00E6E1E5
DEBUG: DRAWING LABEL '  ' AT x=360, y=-60 COLOR=00E6E1E5
DEBUG: DRAWING LABEL '12:45 PM' AT x=50, y=30 COLOR=00E6E1E5
DEBUG: DRAWING LABEL 'San Francisco, 68°F' AT x=150, y=30 COLOR=00E6E1E5
DEBUG: DRAWING LABEL 'Your Library' AT x=133, y=123 COLOR=00E6E1E5
DEBUG: DRAWING LABEL 'Playing from iPhone' AT x=133, y=141 COLOR=00E6E1E5
DEBUG: DRAWING LABEL 'Blinding Lights' AT x=638, y=331 COLOR=00E6E1E5
DEBUG: DRAWING LABEL 'The Weeknd' AT x=638, y=363 COLOR=00E6E1E5
DEBUG: DRAWING LABEL '1:23' AT x=133, y=556 COLOR=00E6E1E5
DEBUG: DRAWING LABEL '3:45' AT x=1069, y=556 COLOR=00E6E1E5
DEBUG: DRAWING LABEL '  ' AT x=360, y=-60 COLOR=00E6E1E5
DEBUG: DRAWING LABEL '12:45 PM' AT x=50, y=30 COLOR=00E6E1E5
DEBUG: DRAWING LABEL 'San Francisco, 68°F' AT x=150, y=30 COLOR=00E6E1E5
DEBUG: DRAWING LABEL 'Your Library' AT x=137, y=123 COLOR=00E6E1E5
DEBUG: DRAWING LABEL 'Playing from iPhone' AT x=137, y=141 COLOR=00E6E1E5
DEBUG: DRAWING LABEL 'Blinding Lights' AT x=642, y=331 COLOR=00E6E1E5
DEBUG: DRAWING LABEL 'The Weeknd' AT x=642, y=363 COLOR=00E6E1E5
DEBUG: DRAWING LABEL '1:23' AT x=137, y=556 COLOR=00E6E1E5
DEBUG: DRAWING LABEL '3:45' AT x=1073, y=556 COLOR=00E6E1E5
DEBUG: DRAWING LABEL '  ' AT x=360, y=-60 COLOR=00E6E1E5
DEBUG: DRAWING LABEL '12:45 PM' AT x=50, y=30 COLOR=00E6E1E5
DEBUG: DRAWING LABEL 'San Francisco, 68°F' AT x=150, y=30 COLOR=00E6E1E5
DEBUG: DRAWING LABEL 'Your Library' AT x=140, y=123 COLOR=00E6E1E5
DEBUG: DRAWING LABEL 'Playing from iPhone' AT x=140, y=141 COLOR=00E6E1E5
DEBUG: DRAWING LABEL 'Blinding Lights' AT x=645, y=331 COLOR=00E6E1E5
DEBUG: DRAWING LABEL 'The Weeknd' AT x=645, y=363 COLOR=00E6E1E5
DEBUG: DRAWING LABEL '1:23' AT x=140, y=556 COLOR=00E6E1E5
DEBUG: DRAWING LABEL '3:45' AT x=1076, y=556 COLOR=00E6E1E5
DEBUG: DRAWING LABEL '  ' AT x=360, y=-60 COLOR=00E6E1E5
DEBUG: DRAWING LABEL '12:45 PM' AT x=50, y=30 COLOR=00E6E1E5
DEBUG: DRAWING LABEL 'San Francisco, 68°F' AT x=150, y=30 COLOR=00E6E1E5
DEBUG: DRAWING LABEL 'Your Library' AT x=142, y=123 COLOR=00E6E1E5
DEBUG: DRAWING LABEL 'Playing from iPhone' AT x=142, y=141 COLOR=00E6E1E5
DEBUG: DRAWING LABEL 'Blinding Lights' AT x=647, y=331 COLOR=00E6E1E5
DEBUG: DRAWING LABEL 'The Weeknd' AT x=647, y=363 COLOR=00E6E1E5
DEBUG: DRAWING LABEL '1:23' AT x=142, y=556 COLOR=00E6E1E5
DEBUG: DRAWING LABEL '3:45' AT x=1078, y=556 COLOR=00E6E1E5
DEBUG: DRAWING LABEL '  ' AT x=360, y=-60 COLOR=00E6E1E5
DEBUG: DRAWING LABEL '12:45 PM' AT x=50, y=30 COLOR=00E6E1E5
DEBUG: DRAWING LABEL 'San Francisco, 68°F' AT x=150, y=30 COLOR=00E6E1E5
DEBUG: DRAWING LABEL 'Your Library' AT x=143, y=123 COLOR=00E6E1E5
DEBUG: DRAWING LABEL 'Playing from iPhone' AT x=143, y=141 COLOR=00E6E1E5
DEBUG: DRAWING LABEL 'Blinding Lights' AT x=648, y=331 COLOR=00E6E1E5
DEBUG: DRAWING LABEL 'The Weeknd' AT x=648, y=363 COLOR=00E6E1E5
DEBUG: DRAWING LABEL '1:23' AT x=143, y=556 COLOR=00E6E1E5
DEBUG: DRAWING LABEL '3:45' AT x=1079, y=556 COLOR=00E6E1E5
DEBUG: DRAWING LABEL '  ' AT x=360, y=-60 COLOR=00E6E1E5
DEBUG: DRAWING LABEL '12:45 PM' AT x=50, y=30 COLOR=00E6E1E5
DEBUG: DRAWING LABEL 'San Francisco, 68°F' AT x=150, y=30 COLOR=00E6E1E5
DEBUG: DRAWING LABEL 'Your Library' AT x=144, y=123 COLOR=00E6E1E5
DEBUG: DRAWING LABEL 'Playing from iPhone' AT x=144, y=141 COLOR=00E6E1E5
DEBUG: DRAWING LABEL 'Blinding Lights' AT x=649, y=331 COLOR=00E6E1E5
DEBUG: DRAWING LABEL 'The Weeknd' AT x=649, y=363 COLOR=00E6E1E5
DEBUG: DRAWING LABEL '1:23' AT x=144, y=556 COLOR=00E6E1E5
DEBUG: DRAWING LABEL '3:45' AT x=1080, y=556 COLOR=00E6E1E5
DEBUG: DRAWING LABEL '  ' AT x=360, y=-60 COLOR=00E6E1E5
DEBUG: DRAWING LABEL '12:45 PM' AT x=50, y=30 COLOR=00E6E1E5
DEBUG: DRAWING LABEL 'San Francisco, 68°F' AT x=150, y=30 COLOR=00E6E1E5
DEBUG: DRAWING LABEL 'Your Library' AT x=144, y=123 COLOR=00E6E1E5
DEBUG: DRAWING LABEL 'Playing from iPhone' AT x=144, y=141 COLOR=00E6E1E5
DEBUG: DRAWING LABEL 'Blinding Lights' AT x=649, y=331 COLOR=00E6E1E5
DEBUG: DRAWING LABEL 'The Weeknd' AT x=649, y=363 COLOR=00E6E1E5
DEBUG: DRAWING LABEL '1:23' AT x=144, y=556 COLOR=00E6E1E5
DEBUG: DRAWING LABEL '3:45' AT x=1080, y=556 COLOR=00E6E1E5
DEBUG: DRAWING LABEL '  ' AT x=360, y=-60 COLOR=00E6E1E5
DEBUG: DRAWING LABEL '12:45 PM' AT x=50, y=30 COLOR=00E6E1E5
DEBUG: DRAWING LABEL 'San Francisco, 68°F' AT x=150, y=30 COLOR=00E6E1E5
DEBUG: DRAWING LABEL 'Your Library' AT x=144, y=123 COLOR=00E6E1E5
DEBUG: DRAWING LABEL 'Playing from iPhone' AT x=144, y=141 COLOR=00E6E1E5
DEBUG: DRAWING LABEL 'Blinding Lights' AT x=649, y=331 COLOR=00E6E1E5
DEBUG: DRAWING LABEL 'The Weeknd' AT x=649, y=363 COLOR=00E6E1E5
DEBUG: DRAWING LABEL '1:23' AT x=144, y=556 COLOR=00E6E1E5
DEBUG: DRAWING LABEL '3:45' AT x=1080, y=556 COLOR=00E6E1E5
DEBUG: DRAWING LABEL '  ' AT x=360, y=-60 COLOR=00E6E1E5
DEBUG: DRAWING LABEL '12:45 PM' AT x=50, y=30 COLOR=00E6E1E5
DEBUG: DRAWING LABEL 'San Francisco, 68°F' AT x=150, y=30 COLOR=00E6E1E5
DEBUG: DRAWING LABEL 'Your Library' AT x=145, y=123 COLOR=00E6E1E5
DEBUG: DRAWING LABEL 'Playing from iPhone' AT x=145, y=141 COLOR=00E6E1E5
DEBUG: DRAWING LABEL 'Blinding Lights' AT x=650, y=331 COLOR=00E6E1E5
DEBUG: DRAWING LABEL 'The Weeknd' AT x=650, y=363 COLOR=00E6E1E5
DEBUG: DRAWING LABEL '1:23' AT x=145, y=556 COLOR=00E6E1E5
DEBUG: DRAWING LABEL '3:45' AT x=1081, y=556 COLOR=00E6E1E5
DEBUG: DRAWING LABEL '  ' AT x=360, y=-60 COLOR=00E6E1E5
DEBUG: DRAWING LABEL '12:45 PM' AT x=50, y=30 COLOR=00E6E1E5
DEBUG: DRAWING LABEL 'San Francisco, 68°F' AT x=150, y=30 COLOR=00E6E1E5
[2026-04-08 20:27:08] [34mINFO[0m [/home/yassineaa/AromaUI/src/widgets/aroma_image.c:82] aroma_image_draw: Skipping image draw - no texture loaded
DEBUG: DRAWING LABEL 'Vehicle Status: All systems normal' AT x=15, y=290 COLOR=00E6E1E5
DEBUG: DRAWING LABEL '204' AT x=15, y=400 COLOR=00E6E1E5
DEBUG: DRAWING LABEL 'km' AT x=57, y=410 COLOR=00E6E1E5
DEBUG: DRAWING LABEL 'Remaining' AT x=15, y=430 COLOR=00E6E1E5
DEBUG: DRAWING LABEL '128' AT x=125, y=400 COLOR=00E6E1E5
DEBUG: DRAWING LABEL 'Wh' AT x=167, y=410 COLOR=00E6E1E5
DEBUG: DRAWING LABEL 'Average' AT x=125, y=430 COLOR=00E6E1E5
DEBUG: DRAWING LABEL '35.5' AT x=235, y=400 COLOR=00E6E1E5
DEBUG: DRAWING LABEL 'kWh' AT x=283, y=410 COLOR=00E6E1E5
DEBUG: DRAWING LABEL 'Fuel Capacity' AT x=235, y=430 COLOR=00E6E1E5
DEBUG: DRAWING LABEL 'Speed' AT x=-35, y=490 COLOR=00E6E1E5
DEBUG: DRAWING LABEL '88' AT x=-35, y=510 COLOR=00E6E1E5
DEBUG: DRAWING LABEL 'km/h' AT x=-35, y=630 COLOR=00E6E1E5
DEBUG: DRAWING LABEL 'Gear: Drive' AT x=115, y=510 COLOR=00E6E1E5
DEBUG: DRAWING LABEL 'Adjust AC to your comfort level' AT x=365, y=110 COLOR=00E6E1E5
DEBUG: DRAWING LABEL '23°C' AT x=570, y=150 COLOR=00E6E1E5
[2026-04-08 20:27:08] [34mINFO[0m [/home/yassineaa/AromaUI/src/widgets/aroma_image.c:82] aroma_image_draw: Skipping image draw - no texture loaded
[2026-04-08 20:27:08] [34mINFO[0m [/home/yassineaa/AromaUI/src/widgets/aroma_image.c:82] aroma_image_draw: Skipping image draw - no texture loaded
[2026-04-08 20:27:08] [34mINFO[0m [/home/yassineaa/AromaUI/src/widgets/aroma_image.c:82] aroma_image_draw: Skipping image draw - no texture loaded
DEBUG: DRAWING LABEL 'System Status' AT x=365, y=430 COLOR=00E6E1E5
[2026-04-08 20:27:08] [34mINFO[0m [/home/yassineaa/AromaUI/src/widgets/aroma_image.c:82] aroma_image_draw: Skipping image draw - no texture loaded
[2026-04-08 20:27:08] [34mINFO[0m [/home/yassineaa/AromaUI/src/widgets/aroma_image.c:82] aroma_image_draw: Skipping image draw - no texture loaded
[2026-04-08 20:27:08] [34mINFO[0m [/home/yassineaa/AromaUI/src/widgets/aroma_image.c:82] aroma_image_draw: Skipping image draw - no texture loaded
[2026-04-08 20:27:08] [34mINFO[0m [/home/yassineaa/AromaUI/src/widgets/aroma_image.c:82] aroma_image_draw: Skipping image draw - no texture loaded
[2026-04-08 20:27:08] [34mINFO[0m [/home/yassineaa/AromaUI/src/widgets/aroma_image.c:82] aroma_image_draw: Skipping image draw - no texture loaded
[2026-04-08 20:27:08] [34mINFO[0m [/home/yassineaa/AromaUI/src/widgets/aroma_image.c:82] aroma_image_draw: Skipping image draw - no texture loaded
[2026-04-08 20:27:08] [34mINFO[0m [/home/yassineaa/AromaUI/src/widgets/aroma_image.c:82] aroma_image_draw: Skipping image draw - no texture loaded
[2026-04-08 20:27:08] [34mINFO[0m [/home/yassineaa/AromaUI/src/widgets/aroma_image.c:82] aroma_image_draw: Skipping image draw - no texture loaded
DEBUG: DRAWING LABEL '  ' AT x=360, y=-60 COLOR=00E6E1E5
DEBUG: DRAWING LABEL '12:45 PM' AT x=50, y=30 COLOR=00E6E1E5
DEBUG: DRAWING LABEL 'San Francisco, 68°F' AT x=150, y=30 COLOR=00E6E1E5
DEBUG: DRAWING LABEL 'P' AT x=145, y=548 COLOR=00E6E1E5
DEBUG: DRAWING LABEL 'R' AT x=186, y=548 COLOR=00E6E1E5
DEBUG: DRAWING LABEL 'N' AT x=227, y=548 COLOR=00E6E1E5
DEBUG: DRAWING LABEL 'D' AT x=268, y=548 COLOR=00E6E1E5
[2026-04-08 20:27:08] [34mINFO[0m [/home/yassineaa/AromaUI/src/widgets/aroma_image.c:82] aroma_image_draw: Skipping image draw - no texture loaded
DEBUG: DRAWING LABEL 'Vehicle Status: All systems normal' AT x=48, y=290 COLOR=00E6E1E5
DEBUG: DRAWING LABEL '204' AT x=48, y=400 COLOR=00E6E1E5
DEBUG: DRAWING LABEL 'km' AT x=90, y=410 COLOR=00E6E1E5
DEBUG: DRAWING LABEL 'Remaining' AT x=48, y=430 COLOR=00E6E1E5
DEBUG: DRAWING LABEL '128' AT x=158, y=400 COLOR=00E6E1E5
DEBUG: DRAWING LABEL 'Wh' AT x=200, y=410 COLOR=00E6E1E5
DEBUG: DRAWING LABEL 'Average' AT x=158, y=430 COLOR=00E6E1E5
DEBUG: DRAWING LABEL '35.5' AT x=268, y=400 COLOR=00E6E1E5
DEBUG: DRAWING LABEL 'kWh' AT x=316, y=410 COLOR=00E6E1E5
DEBUG: DRAWING LABEL 'Fuel Capacity' AT x=268, y=430 COLOR=00E6E1E5
DEBUG: DRAWING LABEL 'Speed' AT x=-2, y=490 COLOR=00E6E1E5
DEBUG: DRAWING LABEL '88' AT x=-2, y=510 COLOR=00E6E1E5
DEBUG: DRAWING LABEL 'km/h' AT x=-2, y=630 COLOR=00E6E1E5
DEBUG: DRAWING LABEL 'Gear: Drive' AT x=148, y=510 COLOR=00E6E1E5
DEBUG: DRAWING LABEL 'Adjust AC to your comfort level' AT x=398, y=110 COLOR=00E6E1E5
DEBUG: DRAWING LABEL '23°C' AT x=603, y=150 COLOR=00E6E1E5
[2026-04-08 20:27:08] [34mINFO[0m [/home/yassineaa/AromaUI/src/widgets/aroma_image.c:82] aroma_image_draw: Skipping image draw - no texture loaded
[2026-04-08 20:27:08] [34mINFO[0m [/home/yassineaa/AromaUI/src/widgets/aroma_image.c:82] aroma_image_draw: Skipping image draw - no texture loaded
[2026-04-08 20:27:08] [34mINFO[0m [/home/yassineaa/AromaUI/src/widgets/aroma_image.c:82] aroma_image_draw: Skipping image draw - no texture loaded
DEBUG: DRAWING LABEL 'System Status' AT x=398, y=430 COLOR=00E6E1E5
[2026-04-08 20:27:08] [34mINFO[0m [/home/yassineaa/AromaUI/src/widgets/aroma_image.c:82] aroma_image_draw: Skipping image draw - no texture loaded
[2026-04-08 20:27:08] [34mINFO[0m [/home/yassineaa/AromaUI/src/widgets/aroma_image.c:82] aroma_image_draw: Skipping image draw - no texture loaded
[2026-04-08 20:27:08] [34mINFO[0m [/home/yassineaa/AromaUI/src/widgets/aroma_image.c:82] aroma_image_draw: Skipping image draw - no texture loaded
[2026-04-08 20:27:08] [34mINFO[0m [/home/yassineaa/AromaUI/src/widgets/aroma_image.c:82] aroma_image_draw: Skipping image draw - no texture loaded
[2026-04-08 20:27:08] [34mINFO[0m [/home/yassineaa/AromaUI/src/widgets/aroma_image.c:82] aroma_image_draw: Skipping image draw - no texture loaded
[2026-04-08 20:27:08] [34mINFO[0m [/home/yassineaa/AromaUI/src/widgets/aroma_image.c:82] aroma_image_draw: Skipping image draw - no texture loaded
[2026-04-08 20:27:08] [34mINFO[0m [/home/yassineaa/AromaUI/src/widgets/aroma_image.c:82] aroma_image_draw: Skipping image draw - no texture loaded
[2026-04-08 20:27:08] [34mINFO[0m [/home/yassineaa/AromaUI/src/widgets/aroma_image.c:82] aroma_image_draw: Skipping image draw - no texture loaded
DEBUG: DRAWING LABEL '  ' AT x=360, y=-60 COLOR=00E6E1E5
DEBUG: DRAWING LABEL '12:45 PM' AT x=50, y=30 COLOR=00E6E1E5
DEBUG: DRAWING LABEL 'San Francisco, 68°F' AT x=150, y=30 COLOR=00E6E1E5
DEBUG: DRAWING LABEL 'P' AT x=178, y=548 COLOR=00E6E1E5
DEBUG: DRAWING LABEL 'R' AT x=219, y=548 COLOR=00E6E1E5
DEBUG: DRAWING LABEL 'N' AT x=260, y=548 COLOR=00E6E1E5
DEBUG: DRAWING LABEL 'D' AT x=301, y=548 COLOR=00E6E1E5
[2026-04-08 20:27:08] [34mINFO[0m [/home/yassineaa/AromaUI/src/widgets/aroma_image.c:82] aroma_image_draw: Skipping image draw - no texture loaded
DEBUG: DRAWING LABEL 'Vehicle Status: All systems normal' AT x=73, y=290 COLOR=00E6E1E5
DEBUG: DRAWING LABEL '204' AT x=73, y=400 COLOR=00E6E1E5
DEBUG: DRAWING LABEL 'km' AT x=115, y=410 COLOR=00E6E1E5
DEBUG: DRAWING LABEL 'Remaining' AT x=73, y=430 COLOR=00E6E1E5
DEBUG: DRAWING LABEL '128' AT x=183, y=400 COLOR=00E6E1E5
DEBUG: DRAWING LABEL 'Wh' AT x=225, y=410 COLOR=00E6E1E5
DEBUG: DRAWING LABEL 'Average' AT x=183, y=430 COLOR=00E6E1E5
DEBUG: DRAWING LABEL '35.5' AT x=293, y=400 COLOR=00E6E1E5
DEBUG: DRAWING LABEL 'kWh' AT x=341, y=410 COLOR=00E6E1E5
DEBUG: DRAWING LABEL 'Fuel Capacity' AT x=293, y=430 COLOR=00E6E1E5
DEBUG: DRAWING LABEL 'Speed' AT x=23, y=490 COLOR=00E6E1E5
DEBUG: DRAWING LABEL '88' AT x=23, y=510 COLOR=00E6E1E5
DEBUG: DRAWING LABEL 'km/h' AT x=23, y=630 COLOR=00E6E1E5
DEBUG: DRAWING LABEL 'Gear: Drive' AT x=173, y=510 COLOR=00E6E1E5
DEBUG: DRAWING LABEL 'Adjust AC to your comfort level' AT x=423, y=110 COLOR=00E6E1E5
DEBUG: DRAWING LABEL '23°C' AT x=628, y=150 COLOR=00E6E1E5
[2026-04-08 20:27:08] [34mINFO[0m [/home/yassineaa/AromaUI/src/widgets/aroma_image.c:82] aroma_image_draw: Skipping image draw - no texture loaded
[2026-04-08 20:27:08] [34mINFO[0m [/home/yassineaa/AromaUI/src/widgets/aroma_image.c:82] aroma_image_draw: Skipping image draw - no texture loaded
[2026-04-08 20:27:08] [34mINFO[0m [/home/yassineaa/AromaUI/src/widgets/aroma_image.c:82] aroma_image_draw: Skipping image draw - no texture loaded
DEBUG: DRAWING LABEL 'System Status' AT x=423, y=430 COLOR=00E6E1E5
[2026-04-08 20:27:08] [34mINFO[0m [/home/yassineaa/AromaUI/src/widgets/aroma_image.c:82] aroma_image_draw: Skipping image draw - no texture loaded
[2026-04-08 20:27:08] [34mINFO[0m [/home/yassineaa/AromaUI/src/widgets/aroma_image.c:82] aroma_image_draw: Skipping image draw - no texture loaded
[2026-04-08 20:27:08] [34mINFO[0m [/home/yassineaa/AromaUI/src/widgets/aroma_image.c:82] aroma_image_draw: Skipping image draw - no texture loaded
[2026-04-08 20:27:08] [34mINFO[0m [/home/yassineaa/AromaUI/src/widgets/aroma_image.c:82] aroma_image_draw: Skipping image draw - no texture loaded
[2026-04-08 20:27:08] [34mINFO[0m [/home/yassineaa/AromaUI/src/widgets/aroma_image.c:82] aroma_image_draw: Skipping image draw - no texture loaded
[2026-04-08 20:27:08] [34mINFO[0m [/home/yassineaa/AromaUI/src/widgets/aroma_image.c:82] aroma_image_draw: Skipping image draw - no texture loaded
[2026-04-08 20:27:08] [34mINFO[0m [/home/yassineaa/AromaUI/src/widgets/aroma_image.c:82] aroma_image_draw: Skipping image draw - no texture loaded
[2026-04-08 20:27:08] [34mINFO[0m [/home/yassineaa/AromaUI/src/widgets/aroma_image.c:82] aroma_image_draw: Skipping image draw - no texture loaded
DEBUG: DRAWING LABEL '  ' AT x=360, y=-60 COLOR=00E6E1E5
DEBUG: DRAWING LABEL '12:45 PM' AT x=50, y=30 COLOR=00E6E1E5
DEBUG: DRAWING LABEL 'San Francisco, 68°F' AT x=150, y=30 COLOR=00E6E1E5
DEBUG: DRAWING LABEL 'P' AT x=203, y=548 COLOR=00E6E1E5
DEBUG: DRAWING LABEL 'R' AT x=244, y=548 COLOR=00E6E1E5
DEBUG: DRAWING LABEL 'N' AT x=285, y=548 COLOR=00E6E1E5
DEBUG: DRAWING LABEL 'D' AT x=326, y=548 COLOR=00E6E1E5
[2026-04-08 20:27:08] [34mINFO[0m [/home/yassineaa/AromaUI/src/widgets/aroma_image.c:82] aroma_image_draw: Skipping image draw - no texture loaded
DEBUG: DRAWING LABEL 'Vehicle Status: All systems normal' AT x=96, y=290 COLOR=00E6E1E5
DEBUG: DRAWING LABEL '204' AT x=96, y=400 COLOR=00E6E1E5
DEBUG: DRAWING LABEL 'km' AT x=138, y=410 COLOR=00E6E1E5
DEBUG: DRAWING LABEL 'Remaining' AT x=96, y=430 COLOR=00E6E1E5
DEBUG: DRAWING LABEL '128' AT x=206, y=400 COLOR=00E6E1E5
DEBUG: DRAWING LABEL 'Wh' AT x=248, y=410 COLOR=00E6E1E5
DEBUG: DRAWING LABEL 'Average' AT x=206, y=430 COLOR=00E6E1E5
DEBUG: DRAWING LABEL '35.5' AT x=316, y=400 COLOR=00E6E1E5
DEBUG: DRAWING LABEL 'kWh' AT x=364, y=410 COLOR=00E6E1E5
DEBUG: DRAWING LABEL 'Fuel Capacity' AT x=316, y=430 COLOR=00E6E1E5
DEBUG: DRAWING LABEL 'Speed' AT x=46, y=490 COLOR=00E6E1E5
DEBUG: DRAWING LABEL '88' AT x=46, y=510 COLOR=00E6E1E5
DEBUG: DRAWING LABEL 'km/h' AT x=46, y=630 COLOR=00E6E1E5
DEBUG: DRAWING LABEL 'Gear: Drive' AT x=196, y=510 COLOR=00E6E1E5
DEBUG: DRAWING LABEL 'Adjust AC to your comfort level' AT x=446, y=110 COLOR=00E6E1E5
DEBUG: DRAWING LABEL '23°C' AT x=651, y=150 COLOR=00E6E1E5
[2026-04-08 20:27:08] [34mINFO[0m [/home/yassineaa/AromaUI/src/widgets/aroma_image.c:82] aroma_image_draw: Skipping image draw - no texture loaded
[2026-04-08 20:27:08] [34mINFO[0m [/home/yassineaa/AromaUI/src/widgets/aroma_image.c:82] aroma_image_draw: Skipping image draw - no texture loaded
[2026-04-08 20:27:08] [34mINFO[0m [/home/yassineaa/AromaUI/src/widgets/aroma_image.c:82] aroma_image_draw: Skipping image draw - no texture loaded
DEBUG: DRAWING LABEL 'System Status' AT x=446, y=430 COLOR=00E6E1E5
[2026-04-08 20:27:08] [34mINFO[0m [/home/yassineaa/AromaUI/src/widgets/aroma_image.c:82] aroma_image_draw: Skipping image draw - no texture loaded
[2026-04-08 20:27:08] [34mINFO[0m [/home/yassineaa/AromaUI/src/widgets/aroma_image.c:82] aroma_image_draw: Skipping image draw - no texture loaded
[2026-04-08 20:27:08] [34mINFO[0m [/home/yassineaa/AromaUI/src/widgets/aroma_image.c:82] aroma_image_draw: Skipping image draw - no texture loaded
[2026-04-08 20:27:08] [34mINFO[0m [/home/yassineaa/AromaUI/src/widgets/aroma_image.c:82] aroma_image_draw: Skipping image draw - no texture loaded
[2026-04-08 20:27:08] [34mINFO[0m [/home/yassineaa/AromaUI/src/widgets/aroma_image.c:82] aroma_image_draw: Skipping image draw - no texture loaded
[2026-04-08 20:27:08] [34mINFO[0m [/home/yassineaa/AromaUI/src/widgets/aroma_image.c:82] aroma_image_draw: Skipping image draw - no texture loaded
[2026-04-08 20:27:08] [34mINFO[0m [/home/yassineaa/AromaUI/src/widgets/aroma_image.c:82] aroma_image_draw: Skipping image draw - no texture loaded
[2026-04-08 20:27:08] [34mINFO[0m [/home/yassineaa/AromaUI/src/widgets/aroma_image.c:82] aroma_image_draw: Skipping image draw - no texture loaded
DEBUG: DRAWING LABEL '  ' AT x=360, y=-60 COLOR=00E6E1E5
DEBUG: DRAWING LABEL '12:45 PM' AT x=50, y=30 COLOR=00E6E1E5
DEBUG: DRAWING LABEL 'San Francisco, 68°F' AT x=150, y=30 COLOR=00E6E1E5
DEBUG: DRAWING LABEL 'P' AT x=226, y=548 COLOR=00E6E1E5
DEBUG: DRAWING LABEL 'R' AT x=267, y=548 COLOR=00E6E1E5
DEBUG: DRAWING LABEL 'N' AT x=308, y=548 COLOR=00E6E1E5
DEBUG: DRAWING LABEL 'D' AT x=349, y=548 COLOR=00E6E1E5
[2026-04-08 20:27:08] [34mINFO[0m [/home/yassineaa/AromaUI/src/widgets/aroma_image.c:82] aroma_image_draw: Skipping image draw - no texture loaded
DEBUG: DRAWING LABEL 'Vehicle Status: All systems normal' AT x=117, y=290 COLOR=00E6E1E5
DEBUG: DRAWING LABEL '204' AT x=117, y=400 COLOR=00E6E1E5
DEBUG: DRAWING LABEL 'km' AT x=159, y=410 COLOR=00E6E1E5
DEBUG: DRAWING LABEL 'Remaining' AT x=117, y=430 COLOR=00E6E1E5
DEBUG: DRAWING LABEL '128' AT x=227, y=400 COLOR=00E6E1E5
DEBUG: DRAWING LABEL 'Wh' AT x=269, y=410 COLOR=00E6E1E5
DEBUG: DRAWING LABEL 'Average' AT x=227, y=430 COLOR=00E6E1E5
DEBUG: DRAWING LABEL '35.5' AT x=337, y=400 COLOR=00E6E1E5
DEBUG: DRAWING LABEL 'kWh' AT x=385, y=410 COLOR=00E6E1E5
DEBUG: DRAWING LABEL 'Fuel Capacity' AT x=337, y=430 COLOR=00E6E1E5
DEBUG: DRAWING LABEL 'Speed' AT x=67, y=490 COLOR=00E6E1E5
DEBUG: DRAWING LABEL '88' AT x=67, y=510 COLOR=00E6E1E5
DEBUG: DRAWING LABEL 'km/h' AT x=67, y=630 COLOR=00E6E1E5
DEBUG: DRAWING LABEL 'Gear: Drive' AT x=217, y=510 COLOR=00E6E1E5
DEBUG: DRAWING LABEL 'Adjust AC to your comfort level' AT x=467, y=110 COLOR=00E6E1E5
DEBUG: DRAWING LABEL '23°C' AT x=672, y=150 COLOR=00E6E1E5
[2026-04-08 20:27:08] [34mINFO[0m [/home/yassineaa/AromaUI/src/widgets/aroma_image.c:82] aroma_image_draw: Skipping image draw - no texture loaded
[2026-04-08 20:27:08] [34mINFO[0m [/home/yassineaa/AromaUI/src/widgets/aroma_image.c:82] aroma_image_draw: Skipping image draw - no texture loaded
[2026-04-08 20:27:08] [34mINFO[0m [/home/yassineaa/AromaUI/src/widgets/aroma_image.c:82] aroma_image_draw: Skipping image draw - no texture loaded
DEBUG: DRAWING LABEL 'System Status' AT x=467, y=430 COLOR=00E6E1E5
[2026-04-08 20:27:08] [34mINFO[0m [/home/yassineaa/AromaUI/src/widgets/aroma_image.c:82] aroma_image_draw: Skipping image draw - no texture loaded
[2026-04-08 20:27:08] [34mINFO[0m [/home/yassineaa/AromaUI/src/widgets/aroma_image.c:82] aroma_image_draw: Skipping image draw - no texture loaded
[2026-04-08 20:27:08] [34mINFO[0m [/home/yassineaa/AromaUI/src/widgets/aroma_image.c:82] aroma_image_draw: Skipping image draw - no texture loaded
[2026-04-08 20:27:08] [34mINFO[0m [/home/yassineaa/AromaUI/src/widgets/aroma_image.c:82] aroma_image_draw: Skipping image draw - no texture loaded
[2026-04-08 20:27:08] [34mINFO[0m [/home/yassineaa/AromaUI/src/widgets/aroma_image.c:82] aroma_image_draw: Skipping image draw - no texture loaded
[2026-04-08 20:27:08] [34mINFO[0m [/home/yassineaa/AromaUI/src/widgets/aroma_image.c:82] aroma_image_draw: Skipping image draw - no texture loaded
[2026-04-08 20:27:08] [34mINFO[0m [/home/yassineaa/AromaUI/src/widgets/aroma_image.c:82] aroma_image_draw: Skipping image draw - no texture loaded
[2026-04-08 20:27:08] [34mINFO[0m [/home/yassineaa/AromaUI/src/widgets/aroma_image.c:82] aroma_image_draw: Skipping image draw - no texture loaded
DEBUG: DRAWING LABEL '  ' AT x=360, y=-60 COLOR=00E6E1E5
DEBUG: DRAWING LABEL '12:45 PM' AT x=50, y=30 COLOR=00E6E1E5
DEBUG: DRAWING LABEL 'San Francisco, 68°F' AT x=150, y=30 COLOR=00E6E1E5
DEBUG: DRAWING LABEL 'P' AT x=247, y=548 COLOR=00E6E1E5
DEBUG: DRAWING LABEL 'R' AT x=288, y=548 COLOR=00E6E1E5
DEBUG: DRAWING LABEL 'N' AT x=329, y=548 COLOR=00E6E1E5
DEBUG: DRAWING LABEL 'D' AT x=370, y=548 COLOR=00E6E1E5
[2026-04-08 20:27:08] [34mINFO[0m [/home/yassineaa/AromaUI/src/widgets/aroma_image.c:82] aroma_image_draw: Skipping image draw - no texture loaded
DEBUG: DRAWING LABEL 'Vehicle Status: All systems normal' AT x=133, y=290 COLOR=00E6E1E5
DEBUG: DRAWING LABEL '204' AT x=133, y=400 COLOR=00E6E1E5
DEBUG: DRAWING LABEL 'km' AT x=175, y=410 COLOR=00E6E1E5
DEBUG: DRAWING LABEL 'Remaining' AT x=133, y=430 COLOR=00E6E1E5
DEBUG: DRAWING LABEL '128' AT x=243, y=400 COLOR=00E6E1E5
DEBUG: DRAWING LABEL 'Wh' AT x=285, y=410 COLOR=00E6E1E5
DEBUG: DRAWING LABEL 'Average' AT x=243, y=430 COLOR=00E6E1E5
DEBUG: DRAWING LABEL '35.5' AT x=353, y=400 COLOR=00E6E1E5
DEBUG: DRAWING LABEL 'kWh' AT x=401, y=410 COLOR=00E6E1E5
DEBUG: DRAWING LABEL 'Fuel Capacity' AT x=353, y=430 COLOR=00E6E1E5
DEBUG: DRAWING LABEL 'Speed' AT x=83, y=490 COLOR=00E6E1E5
DEBUG: DRAWING LABEL '88' AT x=83, y=510 COLOR=00E6E1E5
DEBUG: DRAWING LABEL 'km/h' AT x=83, y=630 COLOR=00E6E1E5
DEBUG: DRAWING LABEL 'Gear: Drive' AT x=233, y=510 COLOR=00E6E1E5
DEBUG: DRAWING LABEL 'Adjust AC to your comfort level' AT x=483, y=110 COLOR=00E6E1E5
DEBUG: DRAWING LABEL '23°C' AT x=688, y=150 COLOR=00E6E1E5
[2026-04-08 20:27:08] [34mINFO[0m [/home/yassineaa/AromaUI/src/widgets/aroma_image.c:82] aroma_image_draw: Skipping image draw - no texture loaded
[2026-04-08 20:27:08] [34mINFO[0m [/home/yassineaa/AromaUI/src/widgets/aroma_image.c:82] aroma_image_draw: Skipping image draw - no texture loaded
[2026-04-08 20:27:08] [34mINFO[0m [/home/yassineaa/AromaUI/src/widgets/aroma_image.c:82] aroma_image_draw: Skipping image draw - no texture loaded
DEBUG: DRAWING LABEL 'System Status' AT x=483, y=430 COLOR=00E6E1E5
[2026-04-08 20:27:08] [34mINFO[0m [/home/yassineaa/AromaUI/src/widgets/aroma_image.c:82] aroma_image_draw: Skipping image draw - no texture loaded
[2026-04-08 20:27:08] [34mINFO[0m [/home/yassineaa/AromaUI/src/widgets/aroma_image.c:82] aroma_image_draw: Skipping image draw - no texture loaded
[2026-04-08 20:27:08] [34mINFO[0m [/home/yassineaa/AromaUI/src/widgets/aroma_image.c:82] aroma_image_draw: Skipping image draw - no texture loaded
[2026-04-08 20:27:08] [34mINFO[0m [/home/yassineaa/AromaUI/src/widgets/aroma_image.c:82] aroma_image_draw: Skipping image draw - no texture loaded
[2026-04-08 20:27:08] [34mINFO[0m [/home/yassineaa/AromaUI/src/widgets/aroma_image.c:82] aroma_image_draw: Skipping image draw - no texture loaded
[2026-04-08 20:27:08] [34mINFO[0m [/home/yassineaa/AromaUI/src/widgets/aroma_image.c:82] aroma_image_draw: Skipping image draw - no texture loaded
[2026-04-08 20:27:08] [34mINFO[0m [/home/yassineaa/AromaUI/src/widgets/aroma_image.c:82] aroma_image_draw: Skipping image draw - no texture loaded
[2026-04-08 20:27:08] [34mINFO[0m [/home/yassineaa/AromaUI/src/widgets/aroma_image.c:82] aroma_image_draw: Skipping image draw - no texture loaded
DEBUG: DRAWING LABEL '  ' AT x=360, y=-60 COLOR=00E6E1E5
DEBUG: DRAWING LABEL '12:45 PM' AT x=50, y=30 COLOR=00E6E1E5
DEBUG: DRAWING LABEL 'San Francisco, 68°F' AT x=150, y=30 COLOR=00E6E1E5
DEBUG: DRAWING LABEL 'P' AT x=263, y=548 COLOR=00E6E1E5
DEBUG: DRAWING LABEL 'R' AT x=304, y=548 COLOR=00E6E1E5
DEBUG: DRAWING LABEL 'N' AT x=345, y=548 COLOR=00E6E1E5
DEBUG: DRAWING LABEL 'D' AT x=386, y=548 COLOR=00E6E1E5
[2026-04-08 20:27:08] [34mINFO[0m [/home/yassineaa/AromaUI/src/widgets/aroma_image.c:82] aroma_image_draw: Skipping image draw - no texture loaded
DEBUG: DRAWING LABEL 'Vehicle Status: All systems normal' AT x=150, y=290 COLOR=00E6E1E5
DEBUG: DRAWING LABEL '204' AT x=150, y=400 COLOR=00E6E1E5
DEBUG: DRAWING LABEL 'km' AT x=192, y=410 COLOR=00E6E1E5
DEBUG: DRAWING LABEL 'Remaining' AT x=150, y=430 COLOR=00E6E1E5
DEBUG: DRAWING LABEL '128' AT x=260, y=400 COLOR=00E6E1E5
DEBUG: DRAWING LABEL 'Wh' AT x=302, y=410 COLOR=00E6E1E5
DEBUG: DRAWING LABEL 'Average' AT x=260, y=430 COLOR=00E6E1E5
DEBUG: DRAWING LABEL '35.5' AT x=370, y=400 COLOR=00E6E1E5
DEBUG: DRAWING LABEL 'kWh' AT x=418, y=410 COLOR=00E6E1E5
DEBUG: DRAWING LABEL 'Fuel Capacity' AT x=370, y=430 COLOR=00E6E1E5
DEBUG: DRAWING LABEL 'Speed' AT x=100, y=490 COLOR=00E6E1E5
DEBUG: DRAWING LABEL '88' AT x=100, y=510 COLOR=00E6E1E5
DEBUG: DRAWING LABEL 'km/h' AT x=100, y=630 COLOR=00E6E1E5
DEBUG: DRAWING LABEL 'Gear: Drive' AT x=250, y=510 COLOR=00E6E1E5
DEBUG: DRAWING LABEL 'Adjust AC to your comfort level' AT x=500, y=110 COLOR=00E6E1E5
DEBUG: DRAWING LABEL '23°C' AT x=705, y=150 COLOR=00E6E1E5
[2026-04-08 20:27:08] [34mINFO[0m [/home/yassineaa/AromaUI/src/widgets/aroma_image.c:82] aroma_image_draw: Skipping image draw - no texture loaded
[2026-04-08 20:27:08] [34mINFO[0m [/home/yassineaa/AromaUI/src/widgets/aroma_image.c:82] aroma_image_draw: Skipping image draw - no texture loaded
[2026-04-08 20:27:08] [34mINFO[0m [/home/yassineaa/AromaUI/src/widgets/aroma_image.c:82] aroma_image_draw: Skipping image draw - no texture loaded
DEBUG: DRAWING LABEL 'System Status' AT x=500, y=430 COLOR=00E6E1E5
[2026-04-08 20:27:08] [34mINFO[0m [/home/yassineaa/AromaUI/src/widgets/aroma_image.c:82] aroma_image_draw: Skipping image draw - no texture loaded
[2026-04-08 20:27:08] [34mINFO[0m [/home/yassineaa/AromaUI/src/widgets/aroma_image.c:82] aroma_image_draw: Skipping image draw - no texture loaded
[2026-04-08 20:27:08] [34mINFO[0m [/home/yassineaa/AromaUI/src/widgets/aroma_image.c:82] aroma_image_draw: Skipping image draw - no texture loaded
[2026-04-08 20:27:08] [34mINFO[0m [/home/yassineaa/AromaUI/src/widgets/aroma_image.c:82] aroma_image_draw: Skipping image draw - no texture loaded
[2026-04-08 20:27:08] [34mINFO[0m [/home/yassineaa/AromaUI/src/widgets/aroma_image.c:82] aroma_image_draw: Skipping image draw - no texture loaded
[2026-04-08 20:27:08] [34mINFO[0m [/home/yassineaa/AromaUI/src/widgets/aroma_image.c:82] aroma_image_draw: Skipping image draw - no texture loaded
[2026-04-08 20:27:08] [34mINFO[0m [/home/yassineaa/AromaUI/src/widgets/aroma_image.c:82] aroma_image_draw: Skipping image draw - no texture loaded
[2026-04-08 20:27:08] [34mINFO[0m [/home/yassineaa/AromaUI/src/widgets/aroma_image.c:82] aroma_image_draw: Skipping image draw - no texture loaded
DEBUG: DRAWING LABEL '  ' AT x=360, y=-60 COLOR=00E6E1E5
DEBUG: DRAWING LABEL '12:45 PM' AT x=50, y=30 COLOR=00E6E1E5
DEBUG: DRAWING LABEL 'San Francisco, 68°F' AT x=150, y=30 COLOR=00E6E1E5
DEBUG: DRAWING LABEL 'P' AT x=280, y=548 COLOR=00E6E1E5
DEBUG: DRAWING LABEL 'R' AT x=321, y=548 COLOR=00E6E1E5
DEBUG: DRAWING LABEL 'N' AT x=362, y=548 COLOR=00E6E1E5
DEBUG: DRAWING LABEL 'D' AT x=403, y=548 COLOR=00E6E1E5
[2026-04-08 20:27:08] [34mINFO[0m [/home/yassineaa/AromaUI/src/widgets/aroma_image.c:82] aroma_image_draw: Skipping image draw - no texture loaded
DEBUG: DRAWING LABEL 'Vehicle Status: All systems normal' AT x=163, y=290 COLOR=00E6E1E5
DEBUG: DRAWING LABEL '204' AT x=163, y=400 COLOR=00E6E1E5
DEBUG: DRAWING LABEL 'km' AT x=205, y=410 COLOR=00E6E1E5
DEBUG: DRAWING LABEL 'Remaining' AT x=163, y=430 COLOR=00E6E1E5
DEBUG: DRAWING LABEL '128' AT x=273, y=400 COLOR=00E6E1E5
DEBUG: DRAWING LABEL 'Wh' AT x=315, y=410 COLOR=00E6E1E5
DEBUG: DRAWING LABEL 'Average' AT x=273, y=430 COLOR=00E6E1E5
DEBUG: DRAWING LABEL '35.5' AT x=383, y=400 COLOR=00E6E1E5
DEBUG: DRAWING LABEL 'kWh' AT x=431, y=410 COLOR=00E6E1E5
DEBUG: DRAWING LABEL 'Fuel Capacity' AT x=383, y=430 COLOR=00E6E1E5
DEBUG: DRAWING LABEL 'Speed' AT x=113, y=490 COLOR=00E6E1E5
DEBUG: DRAWING LABEL '88' AT x=113, y=510 COLOR=00E6E1E5
DEBUG: DRAWING LABEL 'km/h' AT x=113, y=630 COLOR=00E6E1E5
DEBUG: DRAWING LABEL 'Gear: Drive' AT x=263, y=510 COLOR=00E6E1E5
DEBUG: DRAWING LABEL 'Adjust AC to your comfort level' AT x=513, y=110 COLOR=00E6E1E5
DEBUG: DRAWING LABEL '23°C' AT x=718, y=150 COLOR=00E6E1E5
[2026-04-08 20:27:08] [34mINFO[0m [/home/yassineaa/AromaUI/src/widgets/aroma_image.c:82] aroma_image_draw: Skipping image draw - no texture loaded
[2026-04-08 20:27:08] [34mINFO[0m [/home/yassineaa/AromaUI/src/widgets/aroma_image.c:82] aroma_image_draw: Skipping image draw - no texture loaded
[2026-04-08 20:27:08] [34mINFO[0m [/home/yassineaa/AromaUI/src/widgets/aroma_image.c:82] aroma_image_draw: Skipping image draw - no texture loaded
DEBUG: DRAWING LABEL 'System Status' AT x=513, y=430 COLOR=00E6E1E5
[2026-04-08 20:27:08] [34mINFO[0m [/home/yassineaa/AromaUI/src/widgets/aroma_image.c:82] aroma_image_draw: Skipping image draw - no texture loaded
[2026-04-08 20:27:08] [34mINFO[0m [/home/yassineaa/AromaUI/src/widgets/aroma_image.c:82] aroma_image_draw: Skipping image draw - no texture loaded
[2026-04-08 20:27:08] [34mINFO[0m [/home/yassineaa/AromaUI/src/widgets/aroma_image.c:82] aroma_image_draw: Skipping image draw - no texture loaded
[2026-04-08 20:27:08] [34mINFO[0m [/home/yassineaa/AromaUI/src/widgets/aroma_image.c:82] aroma_image_draw: Skipping image draw - no texture loaded
[2026-04-08 20:27:08] [34mINFO[0m [/home/yassineaa/AromaUI/src/widgets/aroma_image.c:82] aroma_image_draw: Skipping image draw - no texture loaded
[2026-04-08 20:27:08] [34mINFO[0m [/home/yassineaa/AromaUI/src/widgets/aroma_image.c:82] aroma_image_draw: Skipping image draw - no texture loaded
[2026-04-08 20:27:08] [34mINFO[0m [/home/yassineaa/AromaUI/src/widgets/aroma_image.c:82] aroma_image_draw: Skipping image draw - no texture loaded
[2026-04-08 20:27:08] [34mINFO[0m [/home/yassineaa/AromaUI/src/widgets/aroma_image.c:82] aroma_image_draw: Skipping image draw - no texture loaded
DEBUG: DRAWING LABEL '  ' AT x=360, y=-60 COLOR=00E6E1E5
DEBUG: DRAWING LABEL '12:45 PM' AT x=50, y=30 COLOR=00E6E1E5
DEBUG: DRAWING LABEL 'San Francisco, 68°F' AT x=150, y=30 COLOR=00E6E1E5
DEBUG: DRAWING LABEL 'P' AT x=293, y=548 COLOR=00E6E1E5
DEBUG: DRAWING LABEL 'R' AT x=334, y=548 COLOR=00E6E1E5
DEBUG: DRAWING LABEL 'N' AT x=375, y=548 COLOR=00E6E1E5
DEBUG: DRAWING LABEL 'D' AT x=416, y=548 COLOR=00E6E1E5
[2026-04-08 20:27:08] [34mINFO[0m [/home/yassineaa/AromaUI/src/widgets/aroma_image.c:82] aroma_image_draw: Skipping image draw - no texture loaded
DEBUG: DRAWING LABEL 'Vehicle Status: All systems normal' AT x=174, y=290 COLOR=00E6E1E5
DEBUG: DRAWING LABEL '204' AT x=174, y=400 COLOR=00E6E1E5
DEBUG: DRAWING LABEL 'km' AT x=216, y=410 COLOR=00E6E1E5
DEBUG: DRAWING LABEL 'Remaining' AT x=174, y=430 COLOR=00E6E1E5
DEBUG: DRAWING LABEL '128' AT x=284, y=400 COLOR=00E6E1E5
DEBUG: DRAWING LABEL 'Wh' AT x=326, y=410 COLOR=00E6E1E5
DEBUG: DRAWING LABEL 'Average' AT x=284, y=430 COLOR=00E6E1E5
DEBUG: DRAWING LABEL '35.5' AT x=394, y=400 COLOR=00E6E1E5
DEBUG: DRAWING LABEL 'kWh' AT x=442, y=410 COLOR=00E6E1E5
DEBUG: DRAWING LABEL 'Fuel Capacity' AT x=394, y=430 COLOR=00E6E1E5
DEBUG: DRAWING LABEL 'Speed' AT x=124, y=490 COLOR=00E6E1E5
DEBUG: DRAWING LABEL '88' AT x=124, y=510 COLOR=00E6E1E5
DEBUG: DRAWING LABEL 'km/h' AT x=124, y=630 COLOR=00E6E1E5
DEBUG: DRAWING LABEL 'Gear: Drive' AT x=274, y=510 COLOR=00E6E1E5
DEBUG: DRAWING LABEL 'Adjust AC to your comfort level' AT x=524, y=110 COLOR=00E6E1E5
DEBUG: DRAWING LABEL '23°C' AT x=729, y=150 COLOR=00E6E1E5
[2026-04-08 20:27:08] [34mINFO[0m [/home/yassineaa/AromaUI/src/widgets/aroma_image.c:82] aroma_image_draw: Skipping image draw - no texture loaded
[2026-04-08 20:27:08] [34mINFO[0m [/home/yassineaa/AromaUI/src/widgets/aroma_image.c:82] aroma_image_draw: Skipping image draw - no texture loaded
[2026-04-08 20:27:08] [34mINFO[0m [/home/yassineaa/AromaUI/src/widgets/aroma_image.c:82] aroma_image_draw: Skipping image draw - no texture loaded
DEBUG: DRAWING LABEL 'System Status' AT x=524, y=430 COLOR=00E6E1E5
[2026-04-08 20:27:08] [34mINFO[0m [/home/yassineaa/AromaUI/src/widgets/aroma_image.c:82] aroma_image_draw: Skipping image draw - no texture loaded
[2026-04-08 20:27:08] [34mINFO[0m [/home/yassineaa/AromaUI/src/widgets/aroma_image.c:82] aroma_image_draw: Skipping image draw - no texture loaded
[2026-04-08 20:27:08] [34mINFO[0m [/home/yassineaa/AromaUI/src/widgets/aroma_image.c:82] aroma_image_draw: Skipping image draw - no texture loaded
[2026-04-08 20:27:08] [34mINFO[0m [/home/yassineaa/AromaUI/src/widgets/aroma_image.c:82] aroma_image_draw: Skipping image draw - no texture loaded
[2026-04-08 20:27:08] [34mINFO[0m [/home/yassineaa/AromaUI/src/widgets/aroma_image.c:82] aroma_image_draw: Skipping image draw - no texture loaded
[2026-04-08 20:27:08] [34mINFO[0m [/home/yassineaa/AromaUI/src/widgets/aroma_image.c:82] aroma_image_draw: Skipping image draw - no texture loaded
[2026-04-08 20:27:08] [34mINFO[0m [/home/yassineaa/AromaUI/src/widgets/aroma_image.c:82] aroma_image_draw: Skipping image draw - no texture loaded
[2026-04-08 20:27:08] [34mINFO[0m [/home/yassineaa/AromaUI/src/widgets/aroma_image.c:82] aroma_image_draw: Skipping image draw - no texture loaded
DEBUG: DRAWING LABEL '  ' AT x=360, y=-60 COLOR=00E6E1E5
DEBUG: DRAWING LABEL '12:45 PM' AT x=50, y=30 COLOR=00E6E1E5
DEBUG: DRAWING LABEL 'San Francisco, 68°F' AT x=150, y=30 COLOR=00E6E1E5
DEBUG: DRAWING LABEL 'P' AT x=304, y=548 COLOR=00E6E1E5
DEBUG: DRAWING LABEL 'R' AT x=345, y=548 COLOR=00E6E1E5
DEBUG: DRAWING LABEL 'N' AT x=386, y=548 COLOR=00E6E1E5
DEBUG: DRAWING LABEL 'D' AT x=427, y=548 COLOR=00E6E1E5
[2026-04-08 20:27:08] [34mINFO[0m [/home/yassineaa/AromaUI/src/widgets/aroma_image.c:82] aroma_image_draw: Skipping image draw - no texture loaded
DEBUG: DRAWING LABEL 'Vehicle Status: All systems normal' AT x=184, y=290 COLOR=00E6E1E5
DEBUG: DRAWING LABEL '204' AT x=184, y=400 COLOR=00E6E1E5
DEBUG: DRAWING LABEL 'km' AT x=226, y=410 COLOR=00E6E1E5
DEBUG: DRAWING LABEL 'Remaining' AT x=184, y=430 COLOR=00E6E1E5
DEBUG: DRAWING LABEL '128' AT x=294, y=400 COLOR=00E6E1E5
DEBUG: DRAWING LABEL 'Wh' AT x=336, y=410 COLOR=00E6E1E5
DEBUG: DRAWING LABEL 'Average' AT x=294, y=430 COLOR=00E6E1E5
DEBUG: DRAWING LABEL '35.5' AT x=404, y=400 COLOR=00E6E1E5
DEBUG: DRAWING LABEL 'kWh' AT x=452, y=410 COLOR=00E6E1E5
DEBUG: DRAWING LABEL 'Fuel Capacity' AT x=404, y=430 COLOR=00E6E1E5
DEBUG: DRAWING LABEL 'Speed' AT x=134, y=490 COLOR=00E6E1E5
DEBUG: DRAWING LABEL '88' AT x=134, y=510 COLOR=00E6E1E5
DEBUG: DRAWING LABEL 'km/h' AT x=134, y=630 COLOR=00E6E1E5
DEBUG: DRAWING LABEL 'Gear: Drive' AT x=284, y=510 COLOR=00E6E1E5
DEBUG: DRAWING LABEL 'Adjust AC to your comfort level' AT x=534, y=110 COLOR=00E6E1E5
DEBUG: DRAWING LABEL '23°C' AT x=739, y=150 COLOR=00E6E1E5
[2026-04-08 20:27:08] [34mINFO[0m [/home/yassineaa/AromaUI/src/widgets/aroma_image.c:82] aroma_image_draw: Skipping image draw - no texture loaded
[2026-04-08 20:27:08] [34mINFO[0m [/home/yassineaa/AromaUI/src/widgets/aroma_image.c:82] aroma_image_draw: Skipping image draw - no texture loaded
[2026-04-08 20:27:08] [34mINFO[0m [/home/yassineaa/AromaUI/src/widgets/aroma_image.c:82] aroma_image_draw: Skipping image draw - no texture loaded
DEBUG: DRAWING LABEL 'System Status' AT x=534, y=430 COLOR=00E6E1E5
[2026-04-08 20:27:08] [34mINFO[0m [/home/yassineaa/AromaUI/src/widgets/aroma_image.c:82] aroma_image_draw: Skipping image draw - no texture loaded
[2026-04-08 20:27:08] [34mINFO[0m [/home/yassineaa/AromaUI/src/widgets/aroma_image.c:82] aroma_image_draw: Skipping image draw - no texture loaded
[2026-04-08 20:27:08] [34mINFO[0m [/home/yassineaa/AromaUI/src/widgets/aroma_image.c:82] aroma_image_draw: Skipping image draw - no texture loaded
[2026-04-08 20:27:08] [34mINFO[0m [/home/yassineaa/AromaUI/src/widgets/aroma_image.c:82] aroma_image_draw: Skipping image draw - no texture loaded
[2026-04-08 20:27:08] [34mINFO[0m [/home/yassineaa/AromaUI/src/widgets/aroma_image.c:82] aroma_image_draw: Skipping image draw - no texture loaded
[2026-04-08 20:27:08] [34mINFO[0m [/home/yassineaa/AromaUI/src/widgets/aroma_image.c:82] aroma_image_draw: Skipping image draw - no texture loaded
[2026-04-08 20:27:08] [34mINFO[0m [/home/yassineaa/AromaUI/src/widgets/aroma_image.c:82] aroma_image_draw: Skipping image draw - no texture loaded
[2026-04-08 20:27:08] [34mINFO[0m [/home/yassineaa/AromaUI/src/widgets/aroma_image.c:82] aroma_image_draw: Skipping image draw - no texture loaded
DEBUG: DRAWING LABEL '  ' AT x=360, y=-60 COLOR=00E6E1E5
DEBUG: DRAWING LABEL '12:45 PM' AT x=50, y=30 COLOR=00E6E1E5
DEBUG: DRAWING LABEL 'San Francisco, 68°F' AT x=150, y=30 COLOR=00E6E1E5
DEBUG: DRAWING LABEL 'P' AT x=314, y=548 COLOR=00E6E1E5
DEBUG: DRAWING LABEL 'R' AT x=355, y=548 COLOR=00E6E1E5
DEBUG: DRAWING LABEL 'N' AT x=396, y=548 COLOR=00E6E1E5
DEBUG: DRAWING LABEL 'D' AT x=437, y=548 COLOR=00E6E1E5
[2026-04-08 20:27:08] [34mINFO[0m [/home/yassineaa/AromaUI/src/widgets/aroma_image.c:82] aroma_image_draw: Skipping image draw - no texture loaded
DEBUG: DRAWING LABEL 'Vehicle Status: All systems normal' AT x=192, y=290 COLOR=00E6E1E5
DEBUG: DRAWING LABEL '204' AT x=192, y=400 COLOR=00E6E1E5
DEBUG: DRAWING LABEL 'km' AT x=234, y=410 COLOR=00E6E1E5
DEBUG: DRAWING LABEL 'Remaining' AT x=192, y=430 COLOR=00E6E1E5
DEBUG: DRAWING LABEL '128' AT x=302, y=400 COLOR=00E6E1E5
DEBUG: DRAWING LABEL 'Wh' AT x=344, y=410 COLOR=00E6E1E5
DEBUG: DRAWING LABEL 'Average' AT x=302, y=430 COLOR=00E6E1E5
DEBUG: DRAWING LABEL '35.5' AT x=412, y=400 COLOR=00E6E1E5
DEBUG: DRAWING LABEL 'kWh' AT x=460, y=410 COLOR=00E6E1E5
DEBUG: DRAWING LABEL 'Fuel Capacity' AT x=412, y=430 COLOR=00E6E1E5
DEBUG: DRAWING LABEL 'Speed' AT x=142, y=490 COLOR=00E6E1E5
DEBUG: DRAWING LABEL '88' AT x=142, y=510 COLOR=00E6E1E5
DEBUG: DRAWING LABEL 'km/h' AT x=142, y=630 COLOR=00E6E1E5
DEBUG: DRAWING LABEL 'Gear: Drive' AT x=292, y=510 COLOR=00E6E1E5
DEBUG: DRAWING LABEL 'Adjust AC to your comfort level' AT x=542, y=110 COLOR=00E6E1E5
DEBUG: DRAWING LABEL '23°C' AT x=747, y=150 COLOR=00E6E1E5
[2026-04-08 20:27:08] [34mINFO[0m [/home/yassineaa/AromaUI/src/widgets/aroma_image.c:82] aroma_image_draw: Skipping image draw - no texture loaded
[2026-04-08 20:27:08] [34mINFO[0m [/home/yassineaa/AromaUI/src/widgets/aroma_image.c:82] aroma_image_draw: Skipping image draw - no texture loaded
[2026-04-08 20:27:08] [34mINFO[0m [/home/yassineaa/AromaUI/src/widgets/aroma_image.c:82] aroma_image_draw: Skipping image draw - no texture loaded
DEBUG: DRAWING LABEL 'System Status' AT x=542, y=430 COLOR=00E6E1E5
[2026-04-08 20:27:08] [34mINFO[0m [/home/yassineaa/AromaUI/src/widgets/aroma_image.c:82] aroma_image_draw: Skipping image draw - no texture loaded
[2026-04-08 20:27:08] [34mINFO[0m [/home/yassineaa/AromaUI/src/widgets/aroma_image.c:82] aroma_image_draw: Skipping image draw - no texture loaded
[2026-04-08 20:27:08] [34mINFO[0m [/home/yassineaa/AromaUI/src/widgets/aroma_image.c:82] aroma_image_draw: Skipping image draw - no texture loaded
[2026-04-08 20:27:08] [34mINFO[0m [/home/yassineaa/AromaUI/src/widgets/aroma_image.c:82] aroma_image_draw: Skipping image draw - no texture loaded
[2026-04-08 20:27:08] [34mINFO[0m [/home/yassineaa/AromaUI/src/widgets/aroma_image.c:82] aroma_image_draw: Skipping image draw - no texture loaded
[2026-04-08 20:27:08] [34mINFO[0m [/home/yassineaa/AromaUI/src/widgets/aroma_image.c:82] aroma_image_draw: Skipping image draw - no texture loaded
[2026-04-08 20:27:08] [34mINFO[0m [/home/yassineaa/AromaUI/src/widgets/aroma_image.c:82] aroma_image_draw: Skipping image draw - no texture loaded
[2026-04-08 20:27:08] [34mINFO[0m [/home/yassineaa/AromaUI/src/widgets/aroma_image.c:82] aroma_image_draw: Skipping image draw - no texture loaded
DEBUG: DRAWING LABEL '  ' AT x=360, y=-60 COLOR=00E6E1E5
DEBUG: DRAWING LABEL '12:45 PM' AT x=50, y=30 COLOR=00E6E1E5
DEBUG: DRAWING LABEL 'San Francisco, 68°F' AT x=150, y=30 COLOR=00E6E1E5
DEBUG: DRAWING LABEL 'P' AT x=322, y=548 COLOR=00E6E1E5
DEBUG: DRAWING LABEL 'R' AT x=363, y=548 COLOR=00E6E1E5
DEBUG: DRAWING LABEL 'N' AT x=404, y=548 COLOR=00E6E1E5
DEBUG: DRAWING LABEL 'D' AT x=445, y=548 COLOR=00E6E1E5
[2026-04-08 20:27:08] [34mINFO[0m [/home/yassineaa/AromaUI/src/widgets/aroma_image.c:82] aroma_image_draw: Skipping image draw - no texture loaded
DEBUG: DRAWING LABEL 'Vehicle Status: All systems normal' AT x=198, y=290 COLOR=00E6E1E5
DEBUG: DRAWING LABEL '204' AT x=198, y=400 COLOR=00E6E1E5
DEBUG: DRAWING LABEL 'km' AT x=240, y=410 COLOR=00E6E1E5
DEBUG: DRAWING LABEL 'Remaining' AT x=198, y=430 COLOR=00E6E1E5
DEBUG: DRAWING LABEL '128' AT x=308, y=400 COLOR=00E6E1E5
DEBUG: DRAWING LABEL 'Wh' AT x=350, y=410 COLOR=00E6E1E5
DEBUG: DRAWING LABEL 'Average' AT x=308, y=430 COLOR=00E6E1E5
DEBUG: DRAWING LABEL '35.5' AT x=418, y=400 COLOR=00E6E1E5
DEBUG: DRAWING LABEL 'kWh' AT x=466, y=410 COLOR=00E6E1E5
DEBUG: DRAWING LABEL 'Fuel Capacity' AT x=418, y=430 COLOR=00E6E1E5
DEBUG: DRAWING LABEL 'Speed' AT x=148, y=490 COLOR=00E6E1E5
DEBUG: DRAWING LABEL '88' AT x=148, y=510 COLOR=00E6E1E5
DEBUG: DRAWING LABEL 'km/h' AT x=148, y=630 COLOR=00E6E1E5
DEBUG: DRAWING LABEL 'Gear: Drive' AT x=298, y=510 COLOR=00E6E1E5
DEBUG: DRAWING LABEL 'Adjust AC to your comfort level' AT x=548, y=110 COLOR=00E6E1E5
DEBUG: DRAWING LABEL '23°C' AT x=753, y=150 COLOR=00E6E1E5
[2026-04-08 20:27:08] [34mINFO[0m [/home/yassineaa/AromaUI/src/widgets/aroma_image.c:82] aroma_image_draw: Skipping image draw - no texture loaded
[2026-04-08 20:27:08] [34mINFO[0m [/home/yassineaa/AromaUI/src/widgets/aroma_image.c:82] aroma_image_draw: Skipping image draw - no texture loaded
[2026-04-08 20:27:08] [34mINFO[0m [/home/yassineaa/AromaUI/src/widgets/aroma_image.c:82] aroma_image_draw: Skipping image draw - no texture loaded
DEBUG: DRAWING LABEL 'System Status' AT x=548, y=430 COLOR=00E6E1E5
[2026-04-08 20:27:08] [34mINFO[0m [/home/yassineaa/AromaUI/src/widgets/aroma_image.c:82] aroma_image_draw: Skipping image draw - no texture loaded
[2026-04-08 20:27:08] [34mINFO[0m [/home/yassineaa/AromaUI/src/widgets/aroma_image.c:82] aroma_image_draw: Skipping image draw - no texture loaded
[2026-04-08 20:27:08] [34mINFO[0m [/home/yassineaa/AromaUI/src/widgets/aroma_image.c:82] aroma_image_draw: Skipping image draw - no texture loaded
[2026-04-08 20:27:08] [34mINFO[0m [/home/yassineaa/AromaUI/src/widgets/aroma_image.c:82] aroma_image_draw: Skipping image draw - no texture loaded
[2026-04-08 20:27:08] [34mINFO[0m [/home/yassineaa/AromaUI/src/widgets/aroma_image.c:82] aroma_image_draw: Skipping image draw - no texture loaded
[2026-04-08 20:27:08] [34mINFO[0m [/home/yassineaa/AromaUI/src/widgets/aroma_image.c:82] aroma_image_draw: Skipping image draw - no texture loaded
[2026-04-08 20:27:08] [34mINFO[0m [/home/yassineaa/AromaUI/src/widgets/aroma_image.c:82] aroma_image_draw: Skipping image draw - no texture loaded
[2026-04-08 20:27:08] [34mINFO[0m [/home/yassineaa/AromaUI/src/widgets/aroma_image.c:82] aroma_image_draw: Skipping image draw - no texture loaded
DEBUG: DRAWING LABEL '  ' AT x=360, y=-60 COLOR=00E6E1E5
DEBUG: DRAWING LABEL '12:45 PM' AT x=50, y=30 COLOR=00E6E1E5
DEBUG: DRAWING LABEL 'San Francisco, 68°F' AT x=150, y=30 COLOR=00E6E1E5
DEBUG: DRAWING LABEL 'P' AT x=328, y=548 COLOR=00E6E1E5
DEBUG: DRAWING LABEL 'R' AT x=369, y=548 COLOR=00E6E1E5
DEBUG: DRAWING LABEL 'N' AT x=410, y=548 COLOR=00E6E1E5
DEBUG: DRAWING LABEL 'D' AT x=451, y=548 COLOR=00E6E1E5
[2026-04-08 20:27:08] [34mINFO[0m [/home/yassineaa/AromaUI/src/widgets/aroma_image.c:82] aroma_image_draw: Skipping image draw - no texture loaded
DEBUG: DRAWING LABEL 'Vehicle Status: All systems normal' AT x=203, y=290 COLOR=00E6E1E5
DEBUG: DRAWING LABEL '204' AT x=203, y=400 COLOR=00E6E1E5
DEBUG: DRAWING LABEL 'km' AT x=245, y=410 COLOR=00E6E1E5
DEBUG: DRAWING LABEL 'Remaining' AT x=203, y=430 COLOR=00E6E1E5
DEBUG: DRAWING LABEL '128' AT x=313, y=400 COLOR=00E6E1E5
DEBUG: DRAWING LABEL 'Wh' AT x=355, y=410 COLOR=00E6E1E5
DEBUG: DRAWING LABEL 'Average' AT x=313, y=430 COLOR=00E6E1E5
DEBUG: DRAWING LABEL '35.5' AT x=423, y=400 COLOR=00E6E1E5
DEBUG: DRAWING LABEL 'kWh' AT x=471, y=410 COLOR=00E6E1E5
DEBUG: DRAWING LABEL 'Fuel Capacity' AT x=423, y=430 COLOR=00E6E1E5
DEBUG: DRAWING LABEL 'Speed' AT x=153, y=490 COLOR=00E6E1E5
DEBUG: DRAWING LABEL '88' AT x=153, y=510 COLOR=00E6E1E5
DEBUG: DRAWING LABEL 'km/h' AT x=153, y=630 COLOR=00E6E1E5
DEBUG: DRAWING LABEL 'Gear: Drive' AT x=303, y=510 COLOR=00E6E1E5
DEBUG: DRAWING LABEL 'Adjust AC to your comfort level' AT x=553, y=110 COLOR=00E6E1E5
DEBUG: DRAWING LABEL '23°C' AT x=758, y=150 COLOR=00E6E1E5
[2026-04-08 20:27:08] [34mINFO[0m [/home/yassineaa/AromaUI/src/widgets/aroma_image.c:82] aroma_image_draw: Skipping image draw - no texture loaded
[2026-04-08 20:27:08] [34mINFO[0m [/home/yassineaa/AromaUI/src/widgets/aroma_image.c:82] aroma_image_draw: Skipping image draw - no texture loaded
[2026-04-08 20:27:08] [34mINFO[0m [/home/yassineaa/AromaUI/src/widgets/aroma_image.c:82] aroma_image_draw: Skipping image draw - no texture loaded
DEBUG: DRAWING LABEL 'System Status' AT x=553, y=430 COLOR=00E6E1E5
[2026-04-08 20:27:08] [34mINFO[0m [/home/yassineaa/AromaUI/src/widgets/aroma_image.c:82] aroma_image_draw: Skipping image draw - no texture loaded
[2026-04-08 20:27:08] [34mINFO[0m [/home/yassineaa/AromaUI/src/widgets/aroma_image.c:82] aroma_image_draw: Skipping image draw - no texture loaded
[2026-04-08 20:27:08] [34mINFO[0m [/home/yassineaa/AromaUI/src/widgets/aroma_image.c:82] aroma_image_draw: Skipping image draw - no texture loaded
[2026-04-08 20:27:08] [34mINFO[0m [/home/yassineaa/AromaUI/src/widgets/aroma_image.c:82] aroma_image_draw: Skipping image draw - no texture loaded
[2026-04-08 20:27:08] [34mINFO[0m [/home/yassineaa/AromaUI/src/widgets/aroma_image.c:82] aroma_image_draw: Skipping image draw - no texture loaded
[2026-04-08 20:27:08] [34mINFO[0m [/home/yassineaa/AromaUI/src/widgets/aroma_image.c:82] aroma_image_draw: Skipping image draw - no texture loaded
[2026-04-08 20:27:08] [34mINFO[0m [/home/yassineaa/AromaUI/src/widgets/aroma_image.c:82] aroma_image_draw: Skipping image draw - no texture loaded
[2026-04-08 20:27:08] [34mINFO[0m [/home/yassineaa/AromaUI/src/widgets/aroma_image.c:82] aroma_image_draw: Skipping image draw - no texture loaded
DEBUG: DRAWING LABEL '  ' AT x=360, y=-60 COLOR=00E6E1E5
DEBUG: DRAWING LABEL '12:45 PM' AT x=50, y=30 COLOR=00E6E1E5
DEBUG: DRAWING LABEL 'San Francisco, 68°F' AT x=150, y=30 COLOR=00E6E1E5
DEBUG: DRAWING LABEL 'P' AT x=333, y=548 COLOR=00E6E1E5
DEBUG: DRAWING LABEL 'R' AT x=374, y=548 COLOR=00E6E1E5
DEBUG: DRAWING LABEL 'N' AT x=415, y=548 COLOR=00E6E1E5
DEBUG: DRAWING LABEL 'D' AT x=456, y=548 COLOR=00E6E1E5
[2026-04-08 20:27:08] [34mINFO[0m [/home/yassineaa/AromaUI/src/widgets/aroma_image.c:82] aroma_image_draw: Skipping image draw - no texture loaded
DEBUG: DRAWING LABEL 'Vehicle Status: All systems normal' AT x=207, y=290 COLOR=00E6E1E5
DEBUG: DRAWING LABEL '204' AT x=207, y=400 COLOR=00E6E1E5
DEBUG: DRAWING LABEL 'km' AT x=249, y=410 COLOR=00E6E1E5
DEBUG: DRAWING LABEL 'Remaining' AT x=207, y=430 COLOR=00E6E1E5
DEBUG: DRAWING LABEL '128' AT x=317, y=400 COLOR=00E6E1E5
DEBUG: DRAWING LABEL 'Wh' AT x=359, y=410 COLOR=00E6E1E5
DEBUG: DRAWING LABEL 'Average' AT x=317, y=430 COLOR=00E6E1E5
DEBUG: DRAWING LABEL '35.5' AT x=427, y=400 COLOR=00E6E1E5
DEBUG: DRAWING LABEL 'kWh' AT x=475, y=410 COLOR=00E6E1E5
DEBUG: DRAWING LABEL 'Fuel Capacity' AT x=427, y=430 COLOR=00E6E1E5
DEBUG: DRAWING LABEL 'Speed' AT x=157, y=490 COLOR=00E6E1E5
DEBUG: DRAWING LABEL '88' AT x=157, y=510 COLOR=00E6E1E5
DEBUG: DRAWING LABEL 'km/h' AT x=157, y=630 COLOR=00E6E1E5
DEBUG: DRAWING LABEL 'Gear: Drive' AT x=307, y=510 COLOR=00E6E1E5
DEBUG: DRAWING LABEL 'Adjust AC to your comfort level' AT x=557, y=110 COLOR=00E6E1E5
DEBUG: DRAWING LABEL '23°C' AT x=762, y=150 COLOR=00E6E1E5
[2026-04-08 20:27:08] [34mINFO[0m [/home/yassineaa/AromaUI/src/widgets/aroma_image.c:82] aroma_image_draw: Skipping image draw - no texture loaded
[2026-04-08 20:27:08] [34mINFO[0m [/home/yassineaa/AromaUI/src/widgets/aroma_image.c:82] aroma_image_draw: Skipping image draw - no texture loaded
[2026-04-08 20:27:08] [34mINFO[0m [/home/yassineaa/AromaUI/src/widgets/aroma_image.c:82] aroma_image_draw: Skipping image draw - no texture loaded
DEBUG: DRAWING LABEL 'System Status' AT x=557, y=430 COLOR=00E6E1E5
[2026-04-08 20:27:08] [34mINFO[0m [/home/yassineaa/AromaUI/src/widgets/aroma_image.c:82] aroma_image_draw: Skipping image draw - no texture loaded
[2026-04-08 20:27:08] [34mINFO[0m [/home/yassineaa/AromaUI/src/widgets/aroma_image.c:82] aroma_image_draw: Skipping image draw - no texture loaded
[2026-04-08 20:27:08] [34mINFO[0m [/home/yassineaa/AromaUI/src/widgets/aroma_image.c:82] aroma_image_draw: Skipping image draw - no texture loaded
[2026-04-08 20:27:08] [34mINFO[0m [/home/yassineaa/AromaUI/src/widgets/aroma_image.c:82] aroma_image_draw: Skipping image draw - no texture loaded
[2026-04-08 20:27:08] [34mINFO[0m [/home/yassineaa/AromaUI/src/widgets/aroma_image.c:82] aroma_image_draw: Skipping image draw - no texture loaded
[2026-04-08 20:27:08] [34mINFO[0m [/home/yassineaa/AromaUI/src/widgets/aroma_image.c:82] aroma_image_draw: Skipping image draw - no texture loaded
[2026-04-08 20:27:08] [34mINFO[0m [/home/yassineaa/AromaUI/src/widgets/aroma_image.c:82] aroma_image_draw: Skipping image draw - no texture loaded
[2026-04-08 20:27:08] [34mINFO[0m [/home/yassineaa/AromaUI/src/widgets/aroma_image.c:82] aroma_image_draw: Skipping image draw - no texture loaded
DEBUG: DRAWING LABEL '  ' AT x=360, y=-60 COLOR=00E6E1E5
DEBUG: DRAWING LABEL '12:45 PM' AT x=50, y=30 COLOR=00E6E1E5
DEBUG: DRAWING LABEL 'San Francisco, 68°F' AT x=150, y=30 COLOR=00E6E1E5
DEBUG: DRAWING LABEL 'P' AT x=337, y=548 COLOR=00E6E1E5
DEBUG: DRAWING LABEL 'R' AT x=378, y=548 COLOR=00E6E1E5
DEBUG: DRAWING LABEL 'N' AT x=419, y=548 COLOR=00E6E1E5
DEBUG: DRAWING LABEL 'D' AT x=460, y=548 COLOR=00E6E1E5
[2026-04-08 20:27:08] [34mINFO[0m [/home/yassineaa/AromaUI/src/widgets/aroma_image.c:82] aroma_image_draw: Skipping image draw - no texture loaded
DEBUG: DRAWING LABEL 'Vehicle Status: All systems normal' AT x=210, y=290 COLOR=00E6E1E5
DEBUG: DRAWING LABEL '204' AT x=210, y=400 COLOR=00E6E1E5
DEBUG: DRAWING LABEL 'km' AT x=252, y=410 COLOR=00E6E1E5
DEBUG: DRAWING LABEL 'Remaining' AT x=210, y=430 COLOR=00E6E1E5
DEBUG: DRAWING LABEL '128' AT x=320, y=400 COLOR=00E6E1E5
DEBUG: DRAWING LABEL 'Wh' AT x=362, y=410 COLOR=00E6E1E5
DEBUG: DRAWING LABEL 'Average' AT x=320, y=430 COLOR=00E6E1E5
DEBUG: DRAWING LABEL '35.5' AT x=430, y=400 COLOR=00E6E1E5
DEBUG: DRAWING LABEL 'kWh' AT x=478, y=410 COLOR=00E6E1E5
DEBUG: DRAWING LABEL 'Fuel Capacity' AT x=430, y=430 COLOR=00E6E1E5
DEBUG: DRAWING LABEL 'Speed' AT x=160, y=490 COLOR=00E6E1E5
DEBUG: DRAWING LABEL '88' AT x=160, y=510 COLOR=00E6E1E5
DEBUG: DRAWING LABEL 'km/h' AT x=160, y=630 COLOR=00E6E1E5
DEBUG: DRAWING LABEL 'Gear: Drive' AT x=310, y=510 COLOR=00E6E1E5
DEBUG: DRAWING LABEL 'Adjust AC to your comfort level' AT x=560, y=110 COLOR=00E6E1E5
DEBUG: DRAWING LABEL '23°C' AT x=765, y=150 COLOR=00E6E1E5
[2026-04-08 20:27:08] [34mINFO[0m [/home/yassineaa/AromaUI/src/widgets/aroma_image.c:82] aroma_image_draw: Skipping image draw - no texture loaded
[2026-04-08 20:27:08] [34mINFO[0m [/home/yassineaa/AromaUI/src/widgets/aroma_image.c:82] aroma_image_draw: Skipping image draw - no texture loaded
[2026-04-08 20:27:08] [34mINFO[0m [/home/yassineaa/AromaUI/src/widgets/aroma_image.c:82] aroma_image_draw: Skipping image draw - no texture loaded
DEBUG: DRAWING LABEL 'System Status' AT x=560, y=430 COLOR=00E6E1E5
[2026-04-08 20:27:08] [34mINFO[0m [/home/yassineaa/AromaUI/src/widgets/aroma_image.c:82] aroma_image_draw: Skipping image draw - no texture loaded
[2026-04-08 20:27:08] [34mINFO[0m [/home/yassineaa/AromaUI/src/widgets/aroma_image.c:82] aroma_image_draw: Skipping image draw - no texture loaded
[2026-04-08 20:27:08] [34mINFO[0m [/home/yassineaa/AromaUI/src/widgets/aroma_image.c:82] aroma_image_draw: Skipping image draw - no texture loaded
[2026-04-08 20:27:08] [34mINFO[0m [/home/yassineaa/AromaUI/src/widgets/aroma_image.c:82] aroma_image_draw: Skipping image draw - no texture loaded
[2026-04-08 20:27:08] [34mINFO[0m [/home/yassineaa/AromaUI/src/widgets/aroma_image.c:82] aroma_image_draw: Skipping image draw - no texture loaded
[2026-04-08 20:27:08] [34mINFO[0m [/home/yassineaa/AromaUI/src/widgets/aroma_image.c:82] aroma_image_draw: Skipping image draw - no texture loaded
[2026-04-08 20:27:08] [34mINFO[0m [/home/yassineaa/AromaUI/src/widgets/aroma_image.c:82] aroma_image_draw: Skipping image draw - no texture loaded
[2026-04-08 20:27:08] [34mINFO[0m [/home/yassineaa/AromaUI/src/widgets/aroma_image.c:82] aroma_image_draw: Skipping image draw - no texture loaded
DEBUG: DRAWING LABEL '  ' AT x=360, y=-60 COLOR=00E6E1E5
DEBUG: DRAWING LABEL '12:45 PM' AT x=50, y=30 COLOR=00E6E1E5
DEBUG: DRAWING LABEL 'San Francisco, 68°F' AT x=150, y=30 COLOR=00E6E1E5
DEBUG: DRAWING LABEL 'P' AT x=340, y=548 COLOR=00E6E1E5
DEBUG: DRAWING LABEL 'R' AT x=381, y=548 COLOR=00E6E1E5
DEBUG: DRAWING LABEL 'N' AT x=422, y=548 COLOR=00E6E1E5
DEBUG: DRAWING LABEL 'D' AT x=463, y=548 COLOR=00E6E1E5
[2026-04-08 20:27:08] [34mINFO[0m [/home/yassineaa/AromaUI/src/widgets/aroma_image.c:82] aroma_image_draw: Skipping image draw - no texture loaded
DEBUG: DRAWING LABEL 'Vehicle Status: All systems normal' AT x=212, y=290 COLOR=00E6E1E5
DEBUG: DRAWING LABEL '204' AT x=212, y=400 COLOR=00E6E1E5
DEBUG: DRAWING LABEL 'km' AT x=254, y=410 COLOR=00E6E1E5
DEBUG: DRAWING LABEL 'Remaining' AT x=212, y=430 COLOR=00E6E1E5
DEBUG: DRAWING LABEL '128' AT x=322, y=400 COLOR=00E6E1E5
DEBUG: DRAWING LABEL 'Wh' AT x=364, y=410 COLOR=00E6E1E5
DEBUG: DRAWING LABEL 'Average' AT x=322, y=430 COLOR=00E6E1E5
DEBUG: DRAWING LABEL '35.5' AT x=432, y=400 COLOR=00E6E1E5
DEBUG: DRAWING LABEL 'kWh' AT x=480, y=410 COLOR=00E6E1E5
DEBUG: DRAWING LABEL 'Fuel Capacity' AT x=432, y=430 COLOR=00E6E1E5
DEBUG: DRAWING LABEL 'Speed' AT x=162, y=490 COLOR=00E6E1E5
DEBUG: DRAWING LABEL '88' AT x=162, y=510 COLOR=00E6E1E5
DEBUG: DRAWING LABEL 'km/h' AT x=162, y=630 COLOR=00E6E1E5
DEBUG: DRAWING LABEL 'Gear: Drive' AT x=312, y=510 COLOR=00E6E1E5
DEBUG: DRAWING LABEL 'Adjust AC to your comfort level' AT x=562, y=110 COLOR=00E6E1E5
DEBUG: DRAWING LABEL '23°C' AT x=767, y=150 COLOR=00E6E1E5
[2026-04-08 20:27:08] [34mINFO[0m [/home/yassineaa/AromaUI/src/widgets/aroma_image.c:82] aroma_image_draw: Skipping image draw - no texture loaded
[2026-04-08 20:27:08] [34mINFO[0m [/home/yassineaa/AromaUI/src/widgets/aroma_image.c:82] aroma_image_draw: Skipping image draw - no texture loaded
[2026-04-08 20:27:08] [34mINFO[0m [/home/yassineaa/AromaUI/src/widgets/aroma_image.c:82] aroma_image_draw: Skipping image draw - no texture loaded
DEBUG: DRAWING LABEL 'System Status' AT x=562, y=430 COLOR=00E6E1E5
[2026-04-08 20:27:08] [34mINFO[0m [/home/yassineaa/AromaUI/src/widgets/aroma_image.c:82] aroma_image_draw: Skipping image draw - no texture loaded
[2026-04-08 20:27:08] [34mINFO[0m [/home/yassineaa/AromaUI/src/widgets/aroma_image.c:82] aroma_image_draw: Skipping image draw - no texture loaded
[2026-04-08 20:27:08] [34mINFO[0m [/home/yassineaa/AromaUI/src/widgets/aroma_image.c:82] aroma_image_draw: Skipping image draw - no texture loaded
[2026-04-08 20:27:08] [34mINFO[0m [/home/yassineaa/AromaUI/src/widgets/aroma_image.c:82] aroma_image_draw: Skipping image draw - no texture loaded
[2026-04-08 20:27:08] [34mINFO[0m [/home/yassineaa/AromaUI/src/widgets/aroma_image.c:82] aroma_image_draw: Skipping image draw - no texture loaded
[2026-04-08 20:27:08] [34mINFO[0m [/home/yassineaa/AromaUI/src/widgets/aroma_image.c:82] aroma_image_draw: Skipping image draw - no texture loaded
[2026-04-08 20:27:08] [34mINFO[0m [/home/yassineaa/AromaUI/src/widgets/aroma_image.c:82] aroma_image_draw: Skipping image draw - no texture loaded
[2026-04-08 20:27:08] [34mINFO[0m [/home/yassineaa/AromaUI/src/widgets/aroma_image.c:82] aroma_image_draw: Skipping image draw - no texture loaded
DEBUG: DRAWING LABEL '  ' AT x=360, y=-60 COLOR=00E6E1E5
DEBUG: DRAWING LABEL '12:45 PM' AT x=50, y=30 COLOR=00E6E1E5
DEBUG: DRAWING LABEL 'San Francisco, 68°F' AT x=150, y=30 COLOR=00E6E1E5
DEBUG: DRAWING LABEL 'P' AT x=342, y=548 COLOR=00E6E1E5
DEBUG: DRAWING LABEL 'R' AT x=383, y=548 COLOR=00E6E1E5
DEBUG: DRAWING LABEL 'N' AT x=424, y=548 COLOR=00E6E1E5
DEBUG: DRAWING LABEL 'D' AT x=465, y=548 COLOR=00E6E1E5
[2026-04-08 20:27:08] [34mINFO[0m [/home/yassineaa/AromaUI/src/widgets/aroma_image.c:82] aroma_image_draw: Skipping image draw - no texture loaded
DEBUG: DRAWING LABEL 'Vehicle Status: All systems normal' AT x=214, y=290 COLOR=00E6E1E5
DEBUG: DRAWING LABEL '204' AT x=214, y=400 COLOR=00E6E1E5
DEBUG: DRAWING LABEL 'km' AT x=256, y=410 COLOR=00E6E1E5
DEBUG: DRAWING LABEL 'Remaining' AT x=214, y=430 COLOR=00E6E1E5
DEBUG: DRAWING LABEL '128' AT x=324, y=400 COLOR=00E6E1E5
DEBUG: DRAWING LABEL 'Wh' AT x=366, y=410 COLOR=00E6E1E5
DEBUG: DRAWING LABEL 'Average' AT x=324, y=430 COLOR=00E6E1E5
DEBUG: DRAWING LABEL '35.5' AT x=434, y=400 COLOR=00E6E1E5
DEBUG: DRAWING LABEL 'kWh' AT x=482, y=410 COLOR=00E6E1E5
DEBUG: DRAWING LABEL 'Fuel Capacity' AT x=434, y=430 COLOR=00E6E1E5
DEBUG: DRAWING LABEL 'Speed' AT x=164, y=490 COLOR=00E6E1E5
DEBUG: DRAWING LABEL '88' AT x=164, y=510 COLOR=00E6E1E5
DEBUG: DRAWING LABEL 'km/h' AT x=164, y=630 COLOR=00E6E1E5
DEBUG: DRAWING LABEL 'Gear: Drive' AT x=314, y=510 COLOR=00E6E1E5
DEBUG: DRAWING LABEL 'Adjust AC to your comfort level' AT x=564, y=110 COLOR=00E6E1E5
DEBUG: DRAWING LABEL '23°C' AT x=769, y=150 COLOR=00E6E1E5
[2026-04-08 20:27:08] [34mINFO[0m [/home/yassineaa/AromaUI/src/widgets/aroma_image.c:82] aroma_image_draw: Skipping image draw - no texture loaded
[2026-04-08 20:27:08] [34mINFO[0m [/home/yassineaa/AromaUI/src/widgets/aroma_image.c:82] aroma_image_draw: Skipping image draw - no texture loaded
[2026-04-08 20:27:08] [34mINFO[0m [/home/yassineaa/AromaUI/src/widgets/aroma_image.c:82] aroma_image_draw: Skipping image draw - no texture loaded
DEBUG: DRAWING LABEL 'System Status' AT x=564, y=430 COLOR=00E6E1E5
[2026-04-08 20:27:08] [34mINFO[0m [/home/yassineaa/AromaUI/src/widgets/aroma_image.c:82] aroma_image_draw: Skipping image draw - no texture loaded
[2026-04-08 20:27:08] [34mINFO[0m [/home/yassineaa/AromaUI/src/widgets/aroma_image.c:82] aroma_image_draw: Skipping image draw - no texture loaded
[2026-04-08 20:27:08] [34mINFO[0m [/home/yassineaa/AromaUI/src/widgets/aroma_image.c:82] aroma_image_draw: Skipping image draw - no texture loaded
[2026-04-08 20:27:08] [34mINFO[0m [/home/yassineaa/AromaUI/src/widgets/aroma_image.c:82] aroma_image_draw: Skipping image draw - no texture loaded
[2026-04-08 20:27:08] [34mINFO[0m [/home/yassineaa/AromaUI/src/widgets/aroma_image.c:82] aroma_image_draw: Skipping image draw - no texture loaded
[2026-04-08 20:27:08] [34mINFO[0m [/home/yassineaa/AromaUI/src/widgets/aroma_image.c:82] aroma_image_draw: Skipping image draw - no texture loaded
[2026-04-08 20:27:08] [34mINFO[0m [/home/yassineaa/AromaUI/src/widgets/aroma_image.c:82] aroma_image_draw: Skipping image draw - no texture loaded
[2026-04-08 20:27:08] [34mINFO[0m [/home/yassineaa/AromaUI/src/widgets/aroma_image.c:82] aroma_image_draw: Skipping image draw - no texture loaded
DEBUG: DRAWING LABEL '  ' AT x=360, y=-60 COLOR=00E6E1E5
DEBUG: DRAWING LABEL '12:45 PM' AT x=50, y=30 COLOR=00E6E1E5
DEBUG: DRAWING LABEL 'San Francisco, 68°F' AT x=150, y=30 COLOR=00E6E1E5
DEBUG: DRAWING LABEL 'P' AT x=344, y=548 COLOR=00E6E1E5
DEBUG: DRAWING LABEL 'R' AT x=385, y=548 COLOR=00E6E1E5
DEBUG: DRAWING LABEL 'N' AT x=426, y=548 COLOR=00E6E1E5
DEBUG: DRAWING LABEL 'D' AT x=467, y=548 COLOR=00E6E1E5
[2026-04-08 20:27:08] [34mINFO[0m [/home/yassineaa/AromaUI/src/widgets/aroma_image.c:82] aroma_image_draw: Skipping image draw - no texture loaded
DEBUG: DRAWING LABEL 'Vehicle Status: All systems normal' AT x=214, y=290 COLOR=00E6E1E5
DEBUG: DRAWING LABEL '204' AT x=214, y=400 COLOR=00E6E1E5
DEBUG: DRAWING LABEL 'km' AT x=256, y=410 COLOR=00E6E1E5
DEBUG: DRAWING LABEL 'Remaining' AT x=214, y=430 COLOR=00E6E1E5
DEBUG: DRAWING LABEL '128' AT x=324, y=400 COLOR=00E6E1E5
DEBUG: DRAWING LABEL 'Wh' AT x=366, y=410 COLOR=00E6E1E5
DEBUG: DRAWING LABEL 'Average' AT x=324, y=430 COLOR=00E6E1E5
DEBUG: DRAWING LABEL '35.5' AT x=434, y=400 COLOR=00E6E1E5
DEBUG: DRAWING LABEL 'kWh' AT x=482, y=410 COLOR=00E6E1E5
DEBUG: DRAWING LABEL 'Fuel Capacity' AT x=434, y=430 COLOR=00E6E1E5
DEBUG: DRAWING LABEL 'Speed' AT x=164, y=490 COLOR=00E6E1E5
DEBUG: DRAWING LABEL '88' AT x=164, y=510 COLOR=00E6E1E5
DEBUG: DRAWING LABEL 'km/h' AT x=164, y=630 COLOR=00E6E1E5
DEBUG: DRAWING LABEL 'Gear: Drive' AT x=314, y=510 COLOR=00E6E1E5
DEBUG: DRAWING LABEL 'Adjust AC to your comfort level' AT x=564, y=110 COLOR=00E6E1E5
DEBUG: DRAWING LABEL '23°C' AT x=769, y=150 COLOR=00E6E1E5
[2026-04-08 20:27:08] [34mINFO[0m [/home/yassineaa/AromaUI/src/widgets/aroma_image.c:82] aroma_image_draw: Skipping image draw - no texture loaded
[2026-04-08 20:27:08] [34mINFO[0m [/home/yassineaa/AromaUI/src/widgets/aroma_image.c:82] aroma_image_draw: Skipping image draw - no texture loaded
[2026-04-08 20:27:08] [34mINFO[0m [/home/yassineaa/AromaUI/src/widgets/aroma_image.c:82] aroma_image_draw: Skipping image draw - no texture loaded
DEBUG: DRAWING LABEL 'System Status' AT x=564, y=430 COLOR=00E6E1E5
[2026-04-08 20:27:08] [34mINFO[0m [/home/yassineaa/AromaUI/src/widgets/aroma_image.c:82] aroma_image_draw: Skipping image draw - no texture loaded
[2026-04-08 20:27:08] [34mINFO[0m [/home/yassineaa/AromaUI/src/widgets/aroma_image.c:82] aroma_image_draw: Skipping image draw - no texture loaded
[2026-04-08 20:27:08] [34mINFO[0m [/home/yassineaa/AromaUI/src/widgets/aroma_image.c:82] aroma_image_draw: Skipping image draw - no texture loaded
[2026-04-08 20:27:08] [34mINFO[0m [/home/yassineaa/AromaUI/src/widgets/aroma_image.c:82] aroma_image_draw: Skipping image draw - no texture loaded
[2026-04-08 20:27:08] [34mINFO[0m [/home/yassineaa/AromaUI/src/widgets/aroma_image.c:82] aroma_image_draw: Skipping image draw - no texture loaded
[2026-04-08 20:27:08] [34mINFO[0m [/home/yassineaa/AromaUI/src/widgets/aroma_image.c:82] aroma_image_draw: Skipping image draw - no texture loaded
[2026-04-08 20:27:08] [34mINFO[0m [/home/yassineaa/AromaUI/src/widgets/aroma_image.c:82] aroma_image_draw: Skipping image draw - no texture loaded
[2026-04-08 20:27:08] [34mINFO[0m [/home/yassineaa/AromaUI/src/widgets/aroma_image.c:82] aroma_image_draw: Skipping image draw - no texture loaded
DEBUG: DRAWING LABEL '  ' AT x=360, y=-60 COLOR=00E6E1E5
DEBUG: DRAWING LABEL '12:45 PM' AT x=50, y=30 COLOR=00E6E1E5
DEBUG: DRAWING LABEL 'San Francisco, 68°F' AT x=150, y=30 COLOR=00E6E1E5
DEBUG: DRAWING LABEL 'P' AT x=344, y=548 COLOR=00E6E1E5
DEBUG: DRAWING LABEL 'R' AT x=385, y=548 COLOR=00E6E1E5
DEBUG: DRAWING LABEL 'N' AT x=426, y=548 COLOR=00E6E1E5
DEBUG: DRAWING LABEL 'D' AT x=467, y=548 COLOR=00E6E1E5
[2026-04-08 20:27:08] [34mINFO[0m [/home/yassineaa/AromaUI/src/widgets/aroma_image.c:82] aroma_image_draw: Skipping image draw - no texture loaded
DEBUG: DRAWING LABEL 'Vehicle Status: All systems normal' AT x=214, y=290 COLOR=00E6E1E5
DEBUG: DRAWING LABEL '204' AT x=214, y=400 COLOR=00E6E1E5
DEBUG: DRAWING LABEL 'km' AT x=256, y=410 COLOR=00E6E1E5
DEBUG: DRAWING LABEL 'Remaining' AT x=214, y=430 COLOR=00E6E1E5
DEBUG: DRAWING LABEL '128' AT x=324, y=400 COLOR=00E6E1E5
DEBUG: DRAWING LABEL 'Wh' AT x=366, y=410 COLOR=00E6E1E5
DEBUG: DRAWING LABEL 'Average' AT x=324, y=430 COLOR=00E6E1E5
DEBUG: DRAWING LABEL '35.5' AT x=434, y=400 COLOR=00E6E1E5
DEBUG: DRAWING LABEL 'kWh' AT x=482, y=410 COLOR=00E6E1E5
DEBUG: DRAWING LABEL 'Fuel Capacity' AT x=434, y=430 COLOR=00E6E1E5
DEBUG: DRAWING LABEL 'Speed' AT x=164, y=490 COLOR=00E6E1E5
DEBUG: DRAWING LABEL '88' AT x=164, y=510 COLOR=00E6E1E5
DEBUG: DRAWING LABEL 'km/h' AT x=164, y=630 COLOR=00E6E1E5
DEBUG: DRAWING LABEL 'Gear: Drive' AT x=314, y=510 COLOR=00E6E1E5
DEBUG: DRAWING LABEL 'Adjust AC to your comfort level' AT x=564, y=110 COLOR=00E6E1E5
DEBUG: DRAWING LABEL '23°C' AT x=769, y=150 COLOR=00E6E1E5
[2026-04-08 20:27:08] [34mINFO[0m [/home/yassineaa/AromaUI/src/widgets/aroma_image.c:82] aroma_image_draw: Skipping image draw - no texture loaded
[2026-04-08 20:27:08] [34mINFO[0m [/home/yassineaa/AromaUI/src/widgets/aroma_image.c:82] aroma_image_draw: Skipping image draw - no texture loaded
[2026-04-08 20:27:08] [34mINFO[0m [/home/yassineaa/AromaUI/src/widgets/aroma_image.c:82] aroma_image_draw: Skipping image draw - no texture loaded
DEBUG: DRAWING LABEL 'System Status' AT x=564, y=430 COLOR=00E6E1E5
[2026-04-08 20:27:08] [34mINFO[0m [/home/yassineaa/AromaUI/src/widgets/aroma_image.c:82] aroma_image_draw: Skipping image draw - no texture loaded
[2026-04-08 20:27:08] [34mINFO[0m [/home/yassineaa/AromaUI/src/widgets/aroma_image.c:82] aroma_image_draw: Skipping image draw - no texture loaded
[2026-04-08 20:27:08] [34mINFO[0m [/home/yassineaa/AromaUI/src/widgets/aroma_image.c:82] aroma_image_draw: Skipping image draw - no texture loaded
[2026-04-08 20:27:08] [34mINFO[0m [/home/yassineaa/AromaUI/src/widgets/aroma_image.c:82] aroma_image_draw: Skipping image draw - no texture loaded
[2026-04-08 20:27:08] [34mINFO[0m [/home/yassineaa/AromaUI/src/widgets/aroma_image.c:82] aroma_image_draw: Skipping image draw - no texture loaded
[2026-04-08 20:27:08] [34mINFO[0m [/home/yassineaa/AromaUI/src/widgets/aroma_image.c:82] aroma_image_draw: Skipping image draw - no texture loaded
[2026-04-08 20:27:08] [34mINFO[0m [/home/yassineaa/AromaUI/src/widgets/aroma_image.c:82] aroma_image_draw: Skipping image draw - no texture loaded
[2026-04-08 20:27:08] [34mINFO[0m [/home/yassineaa/AromaUI/src/widgets/aroma_image.c:82] aroma_image_draw: Skipping image draw - no texture loaded
DEBUG: DRAWING LABEL '  ' AT x=360, y=-60 COLOR=00E6E1E5
DEBUG: DRAWING LABEL '12:45 PM' AT x=50, y=30 COLOR=00E6E1E5
DEBUG: DRAWING LABEL 'San Francisco, 68°F' AT x=150, y=30 COLOR=00E6E1E5
DEBUG: DRAWING LABEL 'P' AT x=344, y=548 COLOR=00E6E1E5
DEBUG: DRAWING LABEL 'R' AT x=385, y=548 COLOR=00E6E1E5
DEBUG: DRAWING LABEL 'N' AT x=426, y=548 COLOR=00E6E1E5
DEBUG: DRAWING LABEL 'D' AT x=467, y=548 COLOR=00E6E1E5
[2026-04-08 20:27:08] [34mINFO[0m [/home/yassineaa/AromaUI/src/widgets/aroma_image.c:82] aroma_image_draw: Skipping image draw - no texture loaded
DEBUG: DRAWING LABEL 'Vehicle Status: All systems normal' AT x=214, y=290 COLOR=00E6E1E5
DEBUG: DRAWING LABEL '204' AT x=214, y=400 COLOR=00E6E1E5
DEBUG: DRAWING LABEL 'km' AT x=256, y=410 COLOR=00E6E1E5
DEBUG: DRAWING LABEL 'Remaining' AT x=214, y=430 COLOR=00E6E1E5
DEBUG: DRAWING LABEL '128' AT x=324, y=400 COLOR=00E6E1E5
DEBUG: DRAWING LABEL 'Wh' AT x=366, y=410 COLOR=00E6E1E5
DEBUG: DRAWING LABEL 'Average' AT x=324, y=430 COLOR=00E6E1E5
DEBUG: DRAWING LABEL '35.5' AT x=434, y=400 COLOR=00E6E1E5
DEBUG: DRAWING LABEL 'kWh' AT x=482, y=410 COLOR=00E6E1E5
DEBUG: DRAWING LABEL 'Fuel Capacity' AT x=434, y=430 COLOR=00E6E1E5
DEBUG: DRAWING LABEL 'Speed' AT x=164, y=490 COLOR=00E6E1E5
DEBUG: DRAWING LABEL '88' AT x=164, y=510 COLOR=00E6E1E5
DEBUG: DRAWING LABEL 'km/h' AT x=164, y=630 COLOR=00E6E1E5
DEBUG: DRAWING LABEL 'Gear: Drive' AT x=314, y=510 COLOR=00E6E1E5
DEBUG: DRAWING LABEL 'Adjust AC to your comfort level' AT x=564, y=110 COLOR=00E6E1E5
DEBUG: DRAWING LABEL '23°C' AT x=769, y=150 COLOR=00E6E1E5
[2026-04-08 20:27:08] [34mINFO[0m [/home/yassineaa/AromaUI/src/widgets/aroma_image.c:82] aroma_image_draw: Skipping image draw - no texture loaded
[2026-04-08 20:27:08] [34mINFO[0m [/home/yassineaa/AromaUI/src/widgets/aroma_image.c:82] aroma_image_draw: Skipping image draw - no texture loaded
[2026-04-08 20:27:08] [34mINFO[0m [/home/yassineaa/AromaUI/src/widgets/aroma_image.c:82] aroma_image_draw: Skipping image draw - no texture loaded
DEBUG: DRAWING LABEL 'System Status' AT x=564, y=430 COLOR=00E6E1E5
[2026-04-08 20:27:08] [34mINFO[0m [/home/yassineaa/AromaUI/src/widgets/aroma_image.c:82] aroma_image_draw: Skipping image draw - no texture loaded
[2026-04-08 20:27:08] [34mINFO[0m [/home/yassineaa/AromaUI/src/widgets/aroma_image.c:82] aroma_image_draw: Skipping image draw - no texture loaded
[2026-04-08 20:27:08] [34mINFO[0m [/home/yassineaa/AromaUI/src/widgets/aroma_image.c:82] aroma_image_draw: Skipping image draw - no texture loaded
[2026-04-08 20:27:08] [34mINFO[0m [/home/yassineaa/AromaUI/src/widgets/aroma_image.c:82] aroma_image_draw: Skipping image draw - no texture loaded
[2026-04-08 20:27:08] [34mINFO[0m [/home/yassineaa/AromaUI/src/widgets/aroma_image.c:82] aroma_image_draw: Skipping image draw - no texture loaded
[2026-04-08 20:27:08] [34mINFO[0m [/home/yassineaa/AromaUI/src/widgets/aroma_image.c:82] aroma_image_draw: Skipping image draw - no texture loaded
[2026-04-08 20:27:08] [34mINFO[0m [/home/yassineaa/AromaUI/src/widgets/aroma_image.c:82] aroma_image_draw: Skipping image draw - no texture loaded
[2026-04-08 20:27:08] [34mINFO[0m [/home/yassineaa/AromaUI/src/widgets/aroma_image.c:82] aroma_image_draw: Skipping image draw - no texture loaded
DEBUG: DRAWING LABEL '  ' AT x=360, y=-60 COLOR=00E6E1E5
DEBUG: DRAWING LABEL '12:45 PM' AT x=50, y=30 COLOR=00E6E1E5
DEBUG: DRAWING LABEL 'San Francisco, 68°F' AT x=150, y=30 COLOR=00E6E1E5
DEBUG: DRAWING LABEL 'P' AT x=344, y=548 COLOR=00E6E1E5
DEBUG: DRAWING LABEL 'R' AT x=385, y=548 COLOR=00E6E1E5
DEBUG: DRAWING LABEL 'N' AT x=426, y=548 COLOR=00E6E1E5
DEBUG: DRAWING LABEL 'D' AT x=467, y=548 COLOR=00E6E1E5
[2026-04-08 20:27:08] [34mINFO[0m [/home/yassineaa/AromaUI/src/widgets/aroma_image.c:82] aroma_image_draw: Skipping image draw - no texture loaded
DEBUG: DRAWING LABEL 'Vehicle Status: All systems normal' AT x=215, y=290 COLOR=00E6E1E5
DEBUG: DRAWING LABEL '204' AT x=215, y=400 COLOR=00E6E1E5
DEBUG: DRAWING LABEL 'km' AT x=257, y=410 COLOR=00E6E1E5
DEBUG: DRAWING LABEL 'Remaining' AT x=215, y=430 COLOR=00E6E1E5
DEBUG: DRAWING LABEL '128' AT x=325, y=400 COLOR=00E6E1E5
DEBUG: DRAWING LABEL 'Wh' AT x=367, y=410 COLOR=00E6E1E5
DEBUG: DRAWING LABEL 'Average' AT x=325, y=430 COLOR=00E6E1E5
DEBUG: DRAWING LABEL '35.5' AT x=435, y=400 COLOR=00E6E1E5
DEBUG: DRAWING LABEL 'kWh' AT x=483, y=410 COLOR=00E6E1E5
DEBUG: DRAWING LABEL 'Fuel Capacity' AT x=435, y=430 COLOR=00E6E1E5
DEBUG: DRAWING LABEL 'Speed' AT x=165, y=490 COLOR=00E6E1E5
DEBUG: DRAWING LABEL '88' AT x=165, y=510 COLOR=00E6E1E5
DEBUG: DRAWING LABEL 'km/h' AT x=165, y=630 COLOR=00E6E1E5
DEBUG: DRAWING LABEL 'Gear: Drive' AT x=315, y=510 COLOR=00E6E1E5
DEBUG: DRAWING LABEL 'Adjust AC to your comfort level' AT x=565, y=110 COLOR=00E6E1E5
DEBUG: DRAWING LABEL '23°C' AT x=770, y=150 COLOR=00E6E1E5
[2026-04-08 20:27:08] [34mINFO[0m [/home/yassineaa/AromaUI/src/widgets/aroma_image.c:82] aroma_image_draw: Skipping image draw - no texture loaded
[2026-04-08 20:27:08] [34mINFO[0m [/home/yassineaa/AromaUI/src/widgets/aroma_image.c:82] aroma_image_draw: Skipping image draw - no texture loaded
[2026-04-08 20:27:08] [34mINFO[0m [/home/yassineaa/AromaUI/src/widgets/aroma_image.c:82] aroma_image_draw: Skipping image draw - no texture loaded
DEBUG: DRAWING LABEL 'System Status' AT x=565, y=430 COLOR=00E6E1E5
[2026-04-08 20:27:08] [34mINFO[0m [/home/yassineaa/AromaUI/src/widgets/aroma_image.c:82] aroma_image_draw: Skipping image draw - no texture loaded
[2026-04-08 20:27:08] [34mINFO[0m [/home/yassineaa/AromaUI/src/widgets/aroma_image.c:82] aroma_image_draw: Skipping image draw - no texture loaded
[2026-04-08 20:27:08] [34mINFO[0m [/home/yassineaa/AromaUI/src/widgets/aroma_image.c:82] aroma_image_draw: Skipping image draw - no texture loaded
[2026-04-08 20:27:08] [34mINFO[0m [/home/yassineaa/AromaUI/src/widgets/aroma_image.c:82] aroma_image_draw: Skipping image draw - no texture loaded
[2026-04-08 20:27:08] [34mINFO[0m [/home/yassineaa/AromaUI/src/widgets/aroma_image.c:82] aroma_image_draw: Skipping image draw - no texture loaded
[2026-04-08 20:27:08] [34mINFO[0m [/home/yassineaa/AromaUI/src/widgets/aroma_image.c:82] aroma_image_draw: Skipping image draw - no texture loaded
[2026-04-08 20:27:08] [34mINFO[0m [/home/yassineaa/AromaUI/src/widgets/aroma_image.c:82] aroma_image_draw: Skipping image draw - no texture loaded
[2026-04-08 20:27:08] [34mINFO[0m [/home/yassineaa/AromaUI/src/widgets/aroma_image.c:82] aroma_image_draw: Skipping image draw - no texture loaded
DEBUG: DRAWING LABEL '  ' AT x=360, y=-60 COLOR=00E6E1E5
DEBUG: DRAWING LABEL '12:45 PM' AT x=50, y=30 COLOR=00E6E1E5
DEBUG: DRAWING LABEL 'San Francisco, 68°F' AT x=150, y=30 COLOR=00E6E1E5
DEBUG: DRAWING LABEL 'P' AT x=345, y=548 COLOR=00E6E1E5
DEBUG: DRAWING LABEL 'R' AT x=386, y=548 COLOR=00E6E1E5
DEBUG: DRAWING LABEL 'N' AT x=427, y=548 COLOR=00E6E1E5
DEBUG: DRAWING LABEL 'D' AT x=468, y=548 COLOR=00E6E1E5
DEBUG: DRAWING LABEL '  ' AT x=360, y=-60 COLOR=00E6E1E5
DEBUG: DRAWING LABEL '12:45 PM' AT x=50, y=30 COLOR=00E6E1E5
DEBUG: DRAWING LABEL 'San Francisco, 68°F' AT x=150, y=30 COLOR=00E6E1E5
DEBUG: DRAWING LABEL '  ' AT x=360, y=-60 COLOR=00E6E1E5
DEBUG: DRAWING LABEL '12:45 PM' AT x=50, y=30 COLOR=00E6E1E5
DEBUG: DRAWING LABEL 'San Francisco, 68°F' AT x=150, y=30 COLOR=00E6E1E5
DEBUG: DRAWING LABEL '  ' AT x=360, y=-60 COLOR=00E6E1E5
DEBUG: DRAWING LABEL '12:45 PM' AT x=50, y=30 COLOR=00E6E1E5
DEBUG: DRAWING LABEL 'San Francisco, 68°F' AT x=150, y=30 COLOR=00E6E1E5
DEBUG: DRAWING LABEL '  ' AT x=360, y=-60 COLOR=00E6E1E5
DEBUG: DRAWING LABEL '12:45 PM' AT x=50, y=30 COLOR=00E6E1E5
DEBUG: DRAWING LABEL 'San Francisco, 68°F' AT x=150, y=30 COLOR=00E6E1E5
DEBUG: DRAWING LABEL '  ' AT x=360, y=-60 COLOR=00E6E1E5
DEBUG: DRAWING LABEL '12:45 PM' AT x=50, y=30 COLOR=00E6E1E5
DEBUG: DRAWING LABEL 'San Francisco, 68°F' AT x=150, y=30 COLOR=00E6E1E5
DEBUG: DRAWING LABEL '  ' AT x=360, y=-60 COLOR=00E6E1E5
DEBUG: DRAWING LABEL '12:45 PM' AT x=50, y=30 COLOR=00E6E1E5
DEBUG: DRAWING LABEL 'San Francisco, 68°F' AT x=150, y=30 COLOR=00E6E1E5
DEBUG: DRAWING LABEL '  ' AT x=360, y=-60 COLOR=00E6E1E5
DEBUG: DRAWING LABEL '12:45 PM' AT x=50, y=30 COLOR=00E6E1E5
DEBUG: DRAWING LABEL 'San Francisco, 68°F' AT x=150, y=30 COLOR=00E6E1E5
DEBUG: DRAWING LABEL '  ' AT x=360, y=-60 COLOR=00E6E1E5
DEBUG: DRAWING LABEL '12:45 PM' AT x=50, y=30 COLOR=00E6E1E5
DEBUG: DRAWING LABEL 'San Francisco, 68°F' AT x=150, y=30 COLOR=00E6E1E5
DEBUG: DRAWING LABEL '  ' AT x=360, y=-60 COLOR=00E6E1E5
DEBUG: DRAWING LABEL '12:45 PM' AT x=50, y=30 COLOR=00E6E1E5
DEBUG: DRAWING LABEL 'San Francisco, 68°F' AT x=150, y=30 COLOR=00E6E1E5
DEBUG: DRAWING LABEL '  ' AT x=360, y=-60 COLOR=00E6E1E5
DEBUG: DRAWING LABEL '12:45 PM' AT x=50, y=30 COLOR=00E6E1E5
DEBUG: DRAWING LABEL 'San Francisco, 68°F' AT x=150, y=30 COLOR=00E6E1E5
DEBUG: DRAWING LABEL '  ' AT x=360, y=-60 COLOR=00E6E1E5
DEBUG: DRAWING LABEL '12:45 PM' AT x=50, y=30 COLOR=00E6E1E5
DEBUG: DRAWING LABEL 'San Francisco, 68°F' AT x=150, y=30 COLOR=00E6E1E5
DEBUG: DRAWING LABEL '  ' AT x=360, y=-60 COLOR=00E6E1E5
DEBUG: DRAWING LABEL '12:45 PM' AT x=50, y=30 COLOR=00E6E1E5
DEBUG: DRAWING LABEL 'San Francisco, 68°F' AT x=150, y=30 COLOR=00E6E1E5
DEBUG: DRAWING LABEL '  ' AT x=360, y=-60 COLOR=00E6E1E5
DEBUG: DRAWING LABEL '12:45 PM' AT x=50, y=30 COLOR=00E6E1E5
DEBUG: DRAWING LABEL 'San Francisco, 68°F' AT x=150, y=30 COLOR=00E6E1E5
DEBUG: DRAWING LABEL '  ' AT x=360, y=-60 COLOR=00E6E1E5
DEBUG: DRAWING LABEL '12:45 PM' AT x=50, y=30 COLOR=00E6E1E5
DEBUG: DRAWING LABEL 'San Francisco, 68°F' AT x=150, y=30 COLOR=00E6E1E5
[2026-04-08 20:27:09] [34mINFO[0m [/home/yassineaa/AromaUI/src/widgets/aroma_container.c:442] scroll_event_handler: SCR_HANDLER: entered type=0 udata=0x5c3616933db0
[2026-04-08 20:27:09] [34mINFO[0m [/home/yassineaa/AromaUI/src/widgets/aroma_container.c:449] scroll_event_handler: SCR_HANDLER: c=0x5c3616933c60 scrollable=1 node_type=1
DEBUG: DRAWING LABEL '  ' AT x=360, y=-60 COLOR=00E6E1E5
DEBUG: DRAWING LABEL '12:45 PM' AT x=50, y=30 COLOR=00E6E1E5
DEBUG: DRAWING LABEL 'San Francisco, 68°F' AT x=150, y=30 COLOR=00E6E1E5
[2026-04-08 20:27:09] [34mINFO[0m [/home/yassineaa/AromaUI/src/widgets/aroma_container.c:442] scroll_event_handler: SCR_HANDLER: entered type=0 udata=0x5c3616933db0
[2026-04-08 20:27:09] [34mINFO[0m [/home/yassineaa/AromaUI/src/widgets/aroma_container.c:449] scroll_event_handler: SCR_HANDLER: c=0x5c3616933c60 scrollable=1 node_type=1
[2026-04-08 20:27:09] [34mINFO[0m [/home/yassineaa/AromaUI/src/widgets/aroma_container.c:442] scroll_event_handler: SCR_HANDLER: entered type=0 udata=0x5c3616933db0
[2026-04-08 20:27:09] [34mINFO[0m [/home/yassineaa/AromaUI/src/widgets/aroma_container.c:449] scroll_event_handler: SCR_HANDLER: c=0x5c3616933c60 scrollable=1 node_type=1
[2026-04-08 20:27:09] [34mINFO[0m [/home/yassineaa/AromaUI/src/widgets/aroma_container.c:442] scroll_event_handler: SCR_HANDLER: entered type=0 udata=0x5c3616933db0
[2026-04-08 20:27:09] [34mINFO[0m [/home/yassineaa/AromaUI/src/widgets/aroma_container.c:449] scroll_event_handler: SCR_HANDLER: c=0x5c3616933c60 scrollable=1 node_type=1
DEBUG: DRAWING LABEL '  ' AT x=360, y=-60 COLOR=00E6E1E5
DEBUG: DRAWING LABEL '12:45 PM' AT x=50, y=30 COLOR=00E6E1E5
DEBUG: DRAWING LABEL 'San Francisco, 68°F' AT x=150, y=30 COLOR=00E6E1E5
[2026-04-08 20:27:09] [34mINFO[0m [/home/yassineaa/AromaUI/src/widgets/aroma_container.c:442] scroll_event_handler: SCR_HANDLER: entered type=0 udata=0x5c3616933db0
[2026-04-08 20:27:09] [34mINFO[0m [/home/yassineaa/AromaUI/src/widgets/aroma_container.c:449] scroll_event_handler: SCR_HANDLER: c=0x5c3616933c60 scrollable=1 node_type=1
[2026-04-08 20:27:09] [34mINFO[0m [/home/yassineaa/AromaUI/src/widgets/aroma_container.c:442] scroll_event_handler: SCR_HANDLER: entered type=0 udata=0x5c3616933db0
[2026-04-08 20:27:09] [34mINFO[0m [/home/yassineaa/AromaUI/src/widgets/aroma_container.c:449] scroll_event_handler: SCR_HANDLER: c=0x5c3616933c60 scrollable=1 node_type=1
DEBUG: DRAWING LABEL '  ' AT x=360, y=-60 COLOR=00E6E1E5
DEBUG: DRAWING LABEL '12:45 PM' AT x=50, y=30 COLOR=00E6E1E5
DEBUG: DRAWING LABEL 'San Francisco, 68°F' AT x=150, y=30 COLOR=00E6E1E5
DEBUG: DRAWING LABEL '  ' AT x=360, y=-60 COLOR=00E6E1E5
DEBUG: DRAWING LABEL '12:45 PM' AT x=50, y=30 COLOR=00E6E1E5
DEBUG: DRAWING LABEL 'San Francisco, 68°F' AT x=150, y=30 COLOR=00E6E1E5
DEBUG: DRAWING LABEL '  ' AT x=360, y=-60 COLOR=00E6E1E5
DEBUG: DRAWING LABEL '12:45 PM' AT x=50, y=30 COLOR=00E6E1E5
DEBUG: DRAWING LABEL 'San Francisco, 68°F' AT x=150, y=30 COLOR=00E6E1E5
DEBUG: DRAWING LABEL '  ' AT x=360, y=-60 COLOR=00E6E1E5
DEBUG: DRAWING LABEL '12:45 PM' AT x=50, y=30 COLOR=00E6E1E5
DEBUG: DRAWING LABEL 'San Francisco, 68°F' AT x=150, y=30 COLOR=00E6E1E5
DEBUG: DRAWING LABEL '  ' AT x=360, y=-60 COLOR=00E6E1E5
DEBUG: DRAWING LABEL '12:45 PM' AT x=50, y=30 COLOR=00E6E1E5
DEBUG: DRAWING LABEL 'San Francisco, 68°F' AT x=150, y=30 COLOR=00E6E1E5
DEBUG: DRAWING LABEL '  ' AT x=360, y=-60 COLOR=00E6E1E5
DEBUG: DRAWING LABEL '12:45 PM' AT x=50, y=30 COLOR=00E6E1E5
DEBUG: DRAWING LABEL 'San Francisco, 68°F' AT x=150, y=30 COLOR=00E6E1E5
[2026-04-08 20:27:10] [34mINFO[0m [/home/yassineaa/AromaUI/src/core/aroma_node.c:191] __destroy_node: Destroyed node ID: 2
[2026-04-08 20:27:10] [34mINFO[0m [/home/yassineaa/AromaUI/src/core/aroma_node.c:191] __destroy_node: Destroyed node ID: 3
[2026-04-08 20:27:10] [34mINFO[0m [/home/yassineaa/AromaUI/src/core/aroma_node.c:191] __destroy_node: Destroyed node ID: 4
[2026-04-08 20:27:10] [34mINFO[0m [/home/yassineaa/AromaUI/src/core/aroma_node.c:191] __destroy_node: Destroyed node ID: 5
[2026-04-08 20:27:10] [34mINFO[0m [/home/yassineaa/AromaUI/src/core/aroma_node.c:191] __destroy_node: Destroyed node ID: 6
[2026-04-08 20:27:10] [34mINFO[0m [/home/yassineaa/AromaUI/src/core/aroma_node.c:191] __destroy_node: Destroyed node ID: 7
[2026-04-08 20:27:10] [34mINFO[0m [/home/yassineaa/AromaUI/src/core/aroma_node.c:191] __destroy_node: Destroyed node ID: 8
[2026-04-08 20:27:10] [34mINFO[0m [/home/yassineaa/AromaUI/src/core/aroma_node.c:191] __destroy_node: Destroyed node ID: 9
[2026-04-08 20:27:10] [34mINFO[0m [/home/yassineaa/AromaUI/src/core/aroma_node.c:191] __destroy_node: Destroyed node ID: 10
[2026-04-08 20:27:10] [34mINFO[0m [/home/yassineaa/AromaUI/src/core/aroma_node.c:191] __destroy_node: Destroyed node ID: 12
[2026-04-08 20:27:10] [34mINFO[0m [/home/yassineaa/AromaUI/src/core/aroma_node.c:191] __destroy_node: Destroyed node ID: 13
[2026-04-08 20:27:10] [34mINFO[0m [/home/yassineaa/AromaUI/src/core/aroma_node.c:191] __destroy_node: Destroyed node ID: 11
[2026-04-08 20:27:10] [34mINFO[0m [/home/yassineaa/AromaUI/src/core/aroma_node.c:191] __destroy_node: Destroyed node ID: 21
[2026-04-08 20:27:10] [34mINFO[0m [/home/yassineaa/AromaUI/src/core/aroma_node.c:191] __destroy_node: Destroyed node ID: 22
[2026-04-08 20:27:10] [34mINFO[0m [/home/yassineaa/AromaUI/src/core/aroma_node.c:191] __destroy_node: Destroyed node ID: 23
[2026-04-08 20:27:10] [34mINFO[0m [/home/yassineaa/AromaUI/src/core/aroma_node.c:191] __destroy_node: Destroyed node ID: 24
[2026-04-08 20:27:10] [34mINFO[0m [/home/yassineaa/AromaUI/src/core/aroma_node.c:191] __destroy_node: Destroyed node ID: 25
[2026-04-08 20:27:10] [34mINFO[0m [/home/yassineaa/AromaUI/src/core/aroma_node.c:191] __destroy_node: Destroyed node ID: 26
[2026-04-08 20:27:10] [34mINFO[0m [/home/yassineaa/AromaUI/src/core/aroma_node.c:191] __destroy_node: Destroyed node ID: 27
[2026-04-08 20:27:10] [34mINFO[0m [/home/yassineaa/AromaUI/src/core/aroma_node.c:191] __destroy_node: Destroyed node ID: 28
[2026-04-08 20:27:10] [34mINFO[0m [/home/yassineaa/AromaUI/src/core/aroma_node.c:191] __destroy_node: Destroyed node ID: 29
[2026-04-08 20:27:10] [34mINFO[0m [/home/yassineaa/AromaUI/src/core/aroma_node.c:191] __destroy_node: Destroyed node ID: 30
[2026-04-08 20:27:10] [34mINFO[0m [/home/yassineaa/AromaUI/src/core/aroma_node.c:191] __destroy_node: Destroyed node ID: 31
[2026-04-08 20:27:10] [34mINFO[0m [/home/yassineaa/AromaUI/src/core/aroma_node.c:191] __destroy_node: Destroyed node ID: 32
[2026-04-08 20:27:10] [34mINFO[0m [/home/yassineaa/AromaUI/src/core/aroma_node.c:191] __destroy_node: Destroyed node ID: 33
[2026-04-08 20:27:10] [34mINFO[0m [/home/yassineaa/AromaUI/src/core/aroma_node.c:191] __destroy_node: Destroyed node ID: 34
[2026-04-08 20:27:10] [34mINFO[0m [/home/yassineaa/AromaUI/src/core/aroma_node.c:191] __destroy_node: Destroyed node ID: 35
[2026-04-08 20:27:10] [34mINFO[0m [/home/yassineaa/AromaUI/src/core/aroma_node.c:191] __destroy_node: Destroyed node ID: 37
[2026-04-08 20:27:10] [34mINFO[0m [/home/yassineaa/AromaUI/src/core/aroma_node.c:191] __destroy_node: Destroyed node ID: 38
[2026-04-08 20:27:10] [34mINFO[0m [/home/yassineaa/AromaUI/src/core/aroma_node.c:191] __destroy_node: Destroyed node ID: 39
[2026-04-08 20:27:10] [34mINFO[0m [/home/yassineaa/AromaUI/src/core/aroma_node.c:191] __destroy_node: Destroyed node ID: 40
[2026-04-08 20:27:10] [34mINFO[0m [/home/yassineaa/AromaUI/src/core/aroma_node.c:191] __destroy_node: Destroyed node ID: 41
[2026-04-08 20:27:10] [34mINFO[0m [/home/yassineaa/AromaUI/src/core/aroma_node.c:191] __destroy_node: Destroyed node ID: 36
[2026-04-08 20:27:10] [34mINFO[0m [/home/yassineaa/AromaUI/src/core/aroma_node.c:191] __destroy_node: Destroyed node ID: 43
[2026-04-08 20:27:10] [34mINFO[0m [/home/yassineaa/AromaUI/src/core/aroma_node.c:191] __destroy_node: Destroyed node ID: 44
[2026-04-08 20:27:10] [34mINFO[0m [/home/yassineaa/AromaUI/src/core/aroma_node.c:191] __destroy_node: Destroyed node ID: 45
[2026-04-08 20:27:10] [34mINFO[0m [/home/yassineaa/AromaUI/src/core/aroma_node.c:191] __destroy_node: Destroyed node ID: 46
[2026-04-08 20:27:10] [34mINFO[0m [/home/yassineaa/AromaUI/src/core/aroma_node.c:191] __destroy_node: Destroyed node ID: 47
[2026-04-08 20:27:10] [34mINFO[0m [/home/yassineaa/AromaUI/src/core/aroma_node.c:191] __destroy_node: Destroyed node ID: 42
[2026-04-08 20:27:10] [34mINFO[0m [/home/yassineaa/AromaUI/src/core/aroma_node.c:191] __destroy_node: Destroyed node ID: 15
[2026-04-08 20:27:10] [34mINFO[0m [/home/yassineaa/AromaUI/src/core/aroma_node.c:191] __destroy_node: Destroyed node ID: 48
[2026-04-08 20:27:10] [34mINFO[0m [/home/yassineaa/AromaUI/src/core/aroma_node.c:191] __destroy_node: Destroyed node ID: 49
[2026-04-08 20:27:10] [34mINFO[0m [/home/yassineaa/AromaUI/src/core/aroma_node.c:191] __destroy_node: Destroyed node ID: 50
[2026-04-08 20:27:10] [34mINFO[0m [/home/yassineaa/AromaUI/src/core/aroma_node.c:191] __destroy_node: Destroyed node ID: 51
[2026-04-08 20:27:10] [34mINFO[0m [/home/yassineaa/AromaUI/src/core/aroma_node.c:191] __destroy_node: Destroyed node ID: 52
[2026-04-08 20:27:10] [34mINFO[0m [/home/yassineaa/AromaUI/src/core/aroma_node.c:191] __destroy_node: Destroyed node ID: 53
[2026-04-08 20:27:10] [34mINFO[0m [/home/yassineaa/AromaUI/src/core/aroma_node.c:191] __destroy_node: Destroyed node ID: 54
[2026-04-08 20:27:10] [34mINFO[0m [/home/yassineaa/AromaUI/src/core/aroma_node.c:191] __destroy_node: Destroyed node ID: 55
[2026-04-08 20:27:10] [34mINFO[0m [/home/yassineaa/AromaUI/src/core/aroma_node.c:191] __destroy_node: Destroyed node ID: 17
[2026-04-08 20:27:10] [34mINFO[0m [/home/yassineaa/AromaUI/src/core/aroma_node.c:191] __destroy_node: Destroyed node ID: 56
[2026-04-08 20:27:10] [34mINFO[0m [/home/yassineaa/AromaUI/src/core/aroma_node.c:191] __destroy_node: Destroyed node ID: 57
[2026-04-08 20:27:10] [34mINFO[0m [/home/yassineaa/AromaUI/src/core/aroma_node.c:191] __destroy_node: Destroyed node ID: 58
[2026-04-08 20:27:10] [34mINFO[0m [/home/yassineaa/AromaUI/src/core/aroma_node.c:191] __destroy_node: Destroyed node ID: 59
[2026-04-08 20:27:10] [34mINFO[0m [/home/yassineaa/AromaUI/src/core/aroma_node.c:191] __destroy_node: Destroyed node ID: 60
[2026-04-08 20:27:10] [34mINFO[0m [/home/yassineaa/AromaUI/src/core/aroma_node.c:191] __destroy_node: Destroyed node ID: 61
[2026-04-08 20:27:10] [34mINFO[0m [/home/yassineaa/AromaUI/src/core/aroma_node.c:191] __destroy_node: Destroyed node ID: 62
[2026-04-08 20:27:10] [34mINFO[0m [/home/yassineaa/AromaUI/src/core/aroma_node.c:191] __destroy_node: Destroyed node ID: 63
[2026-04-08 20:27:10] [34mINFO[0m [/home/yassineaa/AromaUI/src/core/aroma_node.c:191] __destroy_node: Destroyed node ID: 64
[2026-04-08 20:27:10] [34mINFO[0m [/home/yassineaa/AromaUI/src/core/aroma_node.c:191] __destroy_node: Destroyed node ID: 19
[2026-04-08 20:27:10] [34mINFO[0m [/home/yassineaa/AromaUI/src/core/aroma_node.c:191] __destroy_node: Destroyed node ID: 20
[2026-04-08 20:27:10] [34mINFO[0m [/home/yassineaa/AromaUI/src/core/aroma_node.c:191] __destroy_node: Destroyed node ID: 18
[2026-04-08 20:27:10] [34mINFO[0m [/home/yassineaa/AromaUI/src/core/aroma_node.c:191] __destroy_node: Destroyed node ID: 16
[2026-04-08 20:27:10] [34mINFO[0m [/home/yassineaa/AromaUI/src/core/aroma_node.c:191] __destroy_node: Destroyed node ID: 14
[2026-04-08 20:27:10] [34mINFO[0m [/home/yassineaa/AromaUI/src/core/aroma_node.c:191] __destroy_node: Destroyed node ID: 66
[2026-04-08 20:27:10] [34mINFO[0m [/home/yassineaa/AromaUI/src/core/aroma_node.c:191] __destroy_node: Destroyed node ID: 68
[2026-04-08 20:27:10] [34mINFO[0m [/home/yassineaa/AromaUI/src/core/aroma_node.c:191] __destroy_node: Destroyed node ID: 67
[2026-04-08 20:27:10] [34mINFO[0m [/home/yassineaa/AromaUI/src/core/aroma_node.c:191] __destroy_node: Destroyed node ID: 70
[2026-04-08 20:27:10] [34mINFO[0m [/home/yassineaa/AromaUI/src/core/aroma_node.c:191] __destroy_node: Destroyed node ID: 69
[2026-04-08 20:27:10] [34mINFO[0m [/home/yassineaa/AromaUI/src/core/aroma_node.c:191] __destroy_node: Destroyed node ID: 72
[2026-04-08 20:27:10] [34mINFO[0m [/home/yassineaa/AromaUI/src/core/aroma_node.c:191] __destroy_node: Destroyed node ID: 71
[2026-04-08 20:27:10] [34mINFO[0m [/home/yassineaa/AromaUI/src/core/aroma_node.c:191] __destroy_node: Destroyed node ID: 74
[2026-04-08 20:27:10] [34mINFO[0m [/home/yassineaa/AromaUI/src/core/aroma_node.c:191] __destroy_node: Destroyed node ID: 73
[2026-04-08 20:27:10] [34mINFO[0m [/home/yassineaa/AromaUI/src/core/aroma_node.c:191] __destroy_node: Destroyed node ID: 76
[2026-04-08 20:27:10] [34mINFO[0m [/home/yassineaa/AromaUI/src/core/aroma_node.c:191] __destroy_node: Destroyed node ID: 75
[2026-04-08 20:27:10] [34mINFO[0m [/home/yassineaa/AromaUI/src/core/aroma_node.c:191] __destroy_node: Destroyed node ID: 78
[2026-04-08 20:27:10] [34mINFO[0m [/home/yassineaa/AromaUI/src/core/aroma_node.c:191] __destroy_node: Destroyed node ID: 77
[2026-04-08 20:27:10] [34mINFO[0m [/home/yassineaa/AromaUI/src/core/aroma_node.c:191] __destroy_node: Destroyed node ID: 80
[2026-04-08 20:27:10] [34mINFO[0m [/home/yassineaa/AromaUI/src/core/aroma_node.c:191] __destroy_node: Destroyed node ID: 79
[2026-04-08 20:27:10] [34mINFO[0m [/home/yassineaa/AromaUI/src/core/aroma_node.c:191] __destroy_node: Destroyed node ID: 65
[2026-04-08 20:27:10] [34mINFO[0m [/home/yassineaa/AromaUI/src/core/aroma_node.c:191] __destroy_node: Destroyed node ID: 84
[2026-04-08 20:27:10] [34mINFO[0m [/home/yassineaa/AromaUI/src/core/aroma_node.c:191] __destroy_node: Destroyed node ID: 85
[2026-04-08 20:27:10] [34mINFO[0m [/home/yassineaa/AromaUI/src/core/aroma_node.c:191] __destroy_node: Destroyed node ID: 87
[2026-04-08 20:27:10] [34mINFO[0m [/home/yassineaa/AromaUI/src/core/aroma_node.c:191] __destroy_node: Destroyed node ID: 88
[2026-04-08 20:27:10] [34mINFO[0m [/home/yassineaa/AromaUI/src/core/aroma_node.c:191] __destroy_node: Destroyed node ID: 89
[2026-04-08 20:27:10] [34mINFO[0m [/home/yassineaa/AromaUI/src/core/aroma_node.c:191] __destroy_node: Destroyed node ID: 90
[2026-04-08 20:27:10] [34mINFO[0m [/home/yassineaa/AromaUI/src/core/aroma_node.c:191] __destroy_node: Destroyed node ID: 91
[2026-04-08 20:27:10] [34mINFO[0m [/home/yassineaa/AromaUI/src/core/aroma_node.c:191] __destroy_node: Destroyed node ID: 92
[2026-04-08 20:27:10] [34mINFO[0m [/home/yassineaa/AromaUI/src/core/aroma_node.c:191] __destroy_node: Destroyed node ID: 93
[2026-04-08 20:27:10] [34mINFO[0m [/home/yassineaa/AromaUI/src/core/aroma_node.c:191] __destroy_node: Destroyed node ID: 94
[2026-04-08 20:27:10] [34mINFO[0m [/home/yassineaa/AromaUI/src/core/aroma_node.c:191] __destroy_node: Destroyed node ID: 95
[2026-04-08 20:27:10] [34mINFO[0m [/home/yassineaa/AromaUI/src/core/aroma_node.c:191] __destroy_node: Destroyed node ID: 96
[2026-04-08 20:27:10] [34mINFO[0m [/home/yassineaa/AromaUI/src/core/aroma_node.c:191] __destroy_node: Destroyed node ID: 97
[2026-04-08 20:27:10] [34mINFO[0m [/home/yassineaa/AromaUI/src/core/aroma_node.c:191] __destroy_node: Destroyed node ID: 98
[2026-04-08 20:27:10] [34mINFO[0m [/home/yassineaa/AromaUI/src/core/aroma_node.c:191] __destroy_node: Destroyed node ID: 86
[2026-04-08 20:27:10] [34mINFO[0m [/home/yassineaa/AromaUI/src/core/aroma_node.c:191] __destroy_node: Destroyed node ID: 100
[2026-04-08 20:27:10] [34mINFO[0m [/home/yassineaa/AromaUI/src/core/aroma_node.c:191] __destroy_node: Destroyed node ID: 101
[2026-04-08 20:27:10] [34mINFO[0m [/home/yassineaa/AromaUI/src/core/aroma_node.c:191] __destroy_node: Destroyed node ID: 102
[2026-04-08 20:27:10] [34mINFO[0m [/home/yassineaa/AromaUI/src/core/aroma_node.c:191] __destroy_node: Destroyed node ID: 99
[2026-04-08 20:27:10] [34mINFO[0m [/home/yassineaa/AromaUI/src/core/aroma_node.c:191] __destroy_node: Destroyed node ID: 83
[2026-04-08 20:27:10] [34mINFO[0m [/home/yassineaa/AromaUI/src/core/aroma_node.c:191] __destroy_node: Destroyed node ID: 103
[2026-04-08 20:27:10] [34mINFO[0m [/home/yassineaa/AromaUI/src/core/aroma_node.c:191] __destroy_node: Destroyed node ID: 82
[2026-04-08 20:27:10] [34mINFO[0m [/home/yassineaa/AromaUI/src/core/aroma_node.c:191] __destroy_node: Destroyed node ID: 81
[2026-04-08 20:27:10] [34mINFO[0m [/home/yassineaa/AromaUI/src/core/aroma_node.c:191] __destroy_node: Destroyed node ID: 108
[2026-04-08 20:27:10] [34mINFO[0m [/home/yassineaa/AromaUI/src/core/aroma_node.c:191] __destroy_node: Destroyed node ID: 109
[2026-04-08 20:27:10] [34mINFO[0m [/home/yassineaa/AromaUI/src/core/aroma_node.c:191] __destroy_node: Destroyed node ID: 107
[2026-04-08 20:27:10] [34mINFO[0m [/home/yassineaa/AromaUI/src/core/aroma_node.c:191] __destroy_node: Destroyed node ID: 110
[2026-04-08 20:27:10] [34mINFO[0m [/home/yassineaa/AromaUI/src/core/aroma_node.c:191] __destroy_node: Destroyed node ID: 106
[2026-04-08 20:27:10] [34mINFO[0m [/home/yassineaa/AromaUI/src/core/aroma_node.c:191] __destroy_node: Destroyed node ID: 112
[2026-04-08 20:27:10] [34mINFO[0m [/home/yassineaa/AromaUI/src/core/aroma_node.c:191] __destroy_node: Destroyed node ID: 114
[2026-04-08 20:27:10] [34mINFO[0m [/home/yassineaa/AromaUI/src/core/aroma_node.c:191] __destroy_node: Destroyed node ID: 115
[2026-04-08 20:27:10] [34mINFO[0m [/home/yassineaa/AromaUI/src/core/aroma_node.c:191] __destroy_node: Destroyed node ID: 113
[2026-04-08 20:27:10] [34mINFO[0m [/home/yassineaa/AromaUI/src/core/aroma_node.c:191] __destroy_node: Destroyed node ID: 111
[2026-04-08 20:27:10] [34mINFO[0m [/home/yassineaa/AromaUI/src/core/aroma_node.c:191] __destroy_node: Destroyed node ID: 118
[2026-04-08 20:27:10] [34mINFO[0m [/home/yassineaa/AromaUI/src/core/aroma_node.c:191] __destroy_node: Destroyed node ID: 119
[2026-04-08 20:27:10] [34mINFO[0m [/home/yassineaa/AromaUI/src/core/aroma_node.c:191] __destroy_node: Destroyed node ID: 120
[2026-04-08 20:27:10] [34mINFO[0m [/home/yassineaa/AromaUI/src/core/aroma_node.c:191] __destroy_node: Destroyed node ID: 117
[2026-04-08 20:27:10] [34mINFO[0m [/home/yassineaa/AromaUI/src/core/aroma_node.c:191] __destroy_node: Destroyed node ID: 123
[2026-04-08 20:27:10] [34mINFO[0m [/home/yassineaa/AromaUI/src/core/aroma_node.c:191] __destroy_node: Destroyed node ID: 122
[2026-04-08 20:27:10] [34mINFO[0m [/home/yassineaa/AromaUI/src/core/aroma_node.c:191] __destroy_node: Destroyed node ID: 125
[2026-04-08 20:27:10] [34mINFO[0m [/home/yassineaa/AromaUI/src/core/aroma_node.c:191] __destroy_node: Destroyed node ID: 126
[2026-04-08 20:27:10] [34mINFO[0m [/home/yassineaa/AromaUI/src/core/aroma_node.c:191] __destroy_node: Destroyed node ID: 127
[2026-04-08 20:27:10] [34mINFO[0m [/home/yassineaa/AromaUI/src/core/aroma_node.c:191] __destroy_node: Destroyed node ID: 124
[2026-04-08 20:27:10] [34mINFO[0m [/home/yassineaa/AromaUI/src/core/aroma_node.c:191] __destroy_node: Destroyed node ID: 129
[2026-04-08 20:27:10] [34mINFO[0m [/home/yassineaa/AromaUI/src/core/aroma_node.c:191] __destroy_node: Destroyed node ID: 130
[2026-04-08 20:27:10] [34mINFO[0m [/home/yassineaa/AromaUI/src/core/aroma_node.c:191] __destroy_node: Destroyed node ID: 128
[2026-04-08 20:27:10] [34mINFO[0m [/home/yassineaa/AromaUI/src/core/aroma_node.c:191] __destroy_node: Destroyed node ID: 121
[2026-04-08 20:27:10] [34mINFO[0m [/home/yassineaa/AromaUI/src/core/aroma_node.c:191] __destroy_node: Destroyed node ID: 116
[2026-04-08 20:27:10] [34mINFO[0m [/home/yassineaa/AromaUI/src/core/aroma_node.c:191] __destroy_node: Destroyed node ID: 105
[2026-04-08 20:27:10] [34mINFO[0m [/home/yassineaa/AromaUI/src/core/aroma_node.c:191] __destroy_node: Destroyed node ID: 104
[2026-04-08 20:27:10] [34mINFO[0m [/home/yassineaa/AromaUI/src/core/aroma_node.c:191] __destroy_node: Destroyed node ID: 131
[2026-04-08 20:27:10] [34mINFO[0m [/home/yassineaa/AromaUI/src/core/aroma_node.c:191] __destroy_node: Destroyed node ID: 133
[2026-04-08 20:27:10] [34mINFO[0m [/home/yassineaa/AromaUI/src/core/aroma_node.c:191] __destroy_node: Destroyed node ID: 136
[2026-04-08 20:27:10] [34mINFO[0m [/home/yassineaa/AromaUI/src/core/aroma_node.c:191] __destroy_node: Destroyed node ID: 137
[2026-04-08 20:27:10] [34mINFO[0m [/home/yassineaa/AromaUI/src/core/aroma_node.c:191] __destroy_node: Destroyed node ID: 139
[2026-04-08 20:27:10] [34mINFO[0m [/home/yassineaa/AromaUI/src/core/aroma_node.c:191] __destroy_node: Destroyed node ID: 138
[2026-04-08 20:27:10] [34mINFO[0m [/home/yassineaa/AromaUI/src/core/aroma_node.c:191] __destroy_node: Destroyed node ID: 134
[2026-04-08 20:27:10] [34mINFO[0m [/home/yassineaa/AromaUI/src/core/aroma_node.c:191] __destroy_node: Destroyed node ID: 135
[2026-04-08 20:27:10] [34mINFO[0m [/home/yassineaa/AromaUI/src/core/aroma_node.c:191] __destroy_node: Destroyed node ID: 140
[2026-04-08 20:27:10] [34mINFO[0m [/home/yassineaa/AromaUI/src/core/aroma_node.c:191] __destroy_node: Destroyed node ID: 141
[2026-04-08 20:27:10] [34mINFO[0m [/home/yassineaa/AromaUI/src/core/aroma_node.c:191] __destroy_node: Destroyed node ID: 132
[2026-04-08 20:27:10] [34mINFO[0m [/home/yassineaa/AromaUI/src/core/aroma_node.c:191] __destroy_node: Destroyed node ID: 143
[2026-04-08 20:27:10] [34mINFO[0m [/home/yassineaa/AromaUI/src/core/aroma_node.c:191] __destroy_node: Destroyed node ID: 144
[2026-04-08 20:27:10] [34mINFO[0m [/home/yassineaa/AromaUI/src/core/aroma_node.c:191] __destroy_node: Destroyed node ID: 142
[2026-04-08 20:27:10] [34mINFO[0m [/home/yassineaa/AromaUI/src/core/aroma_node.c:191] __destroy_node: Destroyed node ID: 145
[2026-04-08 20:27:10] [34mINFO[0m [/home/yassineaa/AromaUI/src/core/aroma_node.c:191] __destroy_node: Destroyed node ID: 148
[2026-04-08 20:27:10] [34mINFO[0m [/home/yassineaa/AromaUI/src/core/aroma_node.c:191] __destroy_node: Destroyed node ID: 150
[2026-04-08 20:27:10] [34mINFO[0m [/home/yassineaa/AromaUI/src/core/aroma_node.c:191] __destroy_node: Destroyed node ID: 149
[2026-04-08 20:27:10] [34mINFO[0m [/home/yassineaa/AromaUI/src/core/aroma_node.c:191] __destroy_node: Destroyed node ID: 151
[2026-04-08 20:27:10] [34mINFO[0m [/home/yassineaa/AromaUI/src/core/aroma_node.c:191] __destroy_node: Destroyed node ID: 152
[2026-04-08 20:27:10] [34mINFO[0m [/home/yassineaa/AromaUI/src/core/aroma_node.c:191] __destroy_node: Destroyed node ID: 153
[2026-04-08 20:27:10] [34mINFO[0m [/home/yassineaa/AromaUI/src/core/aroma_node.c:191] __destroy_node: Destroyed node ID: 147
[2026-04-08 20:27:10] [34mINFO[0m [/home/yassineaa/AromaUI/src/core/aroma_node.c:191] __destroy_node: Destroyed node ID: 146
[2026-04-08 20:27:10] [34mINFO[0m [/home/yassineaa/AromaUI/src/core/aroma_node.c:191] __destroy_node: Destroyed node ID: 1
[2026-04-08 20:27:10] [34mINFO[0m [/home/yassineaa/AromaUI/src/core/aroma_node.c:201] __destroy_node_tree: Destroyed entire node tree
[2026-04-08 20:27:10] [34mINFO[0m [/home/yassineaa/AromaUI/src/core/aroma_ui_impl.c:415] aroma_ui_destroy_window_impl: Window destroyed
[2026-04-08 20:27:10] [34mINFO[0m [/home/yassineaa/AromaUI/examples/car_infotainment/../../include/aroma_ui.h:319] aroma_ui_unload_font: Font unloaded
[2026-04-08 20:27:10] [33mWARNING[0m [/home/yassineaa/AromaUI/src/backends/platforms/aroma_platform_glps.c:298] shutdown: TODO: Window manager has no active windows; skipping GLPS destroy to avoid shutdown crash.
[2026-04-08 20:27:10] [34mINFO[0m [/home/yassineaa/AromaUI/src/core/aroma_ui_impl.c:213] aroma_ui_shutdown_impl: Platform backend shutdown
[2026-04-08 20:27:10] [34mINFO[0m [/home/yassineaa/AromaUI/src/core/aroma_node.c:42] __node_system_destroy: Node system destroyed.
[2026-04-08 20:27:10] [34mINFO[0m [/home/yassineaa/AromaUI/src/core/aroma_ui_impl.c:236] aroma_ui_shutdown_impl: Aroma UI shutdown complete
