[2026-04-08 20:10:40] [34mINFO[0m [/home/yassineaa/AromaUI/src/core/aroma_node.c:37] __node_system_init: Node system initialized with multi-cache memory system.
[2026-04-08 20:10:40] [34mINFO[0m [/home/yassineaa/AromaUI/vendors/glps/src/glps_egl_context.c:51] glps_egl_init: EGL initialized successfully (version 1.5)
[2026-04-08 20:10:40] [34mINFO[0m [/home/yassineaa/AromaUI/src/core/aroma_ui_impl.c:150] aroma_ui_init_impl: Platform backend initialized successfully
[2026-04-08 20:10:40] [34mINFO[0m [/home/yassineaa/AromaUI/src/core/aroma_ui_impl.c:172] aroma_ui_init_impl: Aroma UI initialized successfully (mode: batched)
[2026-04-08 20:10:40] [34mINFO[0m [/home/yassineaa/AromaUI/examples/car_infotainment/../../include/aroma_ui.h:194] aroma_ui_set_theme: Theme updated
[2026-04-08 20:10:40] [34mINFO[0m [/home/yassineaa/AromaUI/src/core/aroma_node.c:99] __create_node: Created node ID: 1, type: 0
[2026-04-08 20:10:40] [34mINFO[0m [/home/yassineaa/AromaUI/src/core/aroma_ui_impl.c:332] aroma_ui_create_window_impl: Window 0 created: title='Automotive HMI', size=1280x800
[2026-04-08 20:10:40] [34mINFO[0m [/home/yassineaa/AromaUI/src/core/aroma_ui_impl.c:798] show_splash_screen: Showing splash screen...
[2026-04-08 20:10:40] [34mINFO[0m [/home/yassineaa/AromaUI/src/backends/graphics/utils/aroma_gles3_text.c:100] gles3_text_renderer_load_font: Loaded initial glyphs: 95

[2026-04-08 20:10:40] [34mINFO[0m [/home/yassineaa/AromaUI/src/backends/graphics/aroma_graphics_gles3.c:192] get_or_load_font_renderer: Loaded new font for window 0 (total: 1)
[2026-04-08 20:10:43] [34mINFO[0m [/home/yassineaa/AromaUI/src/backends/graphics/utils/aroma_gles3_text.c:100] gles3_text_renderer_load_font: Loaded initial glyphs: 95

[2026-04-08 20:10:43] [34mINFO[0m [/home/yassineaa/AromaUI/src/backends/graphics/aroma_graphics_gles3.c:192] get_or_load_font_renderer: Loaded new font for window 0 (total: 2)
[2026-04-08 20:10:43] [34mINFO[0m [/home/yassineaa/AromaUI/src/core/aroma_node.c:99] __create_node: Created node ID: 2, type: 2
[2026-04-08 20:10:43] [34mINFO[0m [/home/yassineaa/AromaUI/src/core/aroma_node.c:121] __add_child_node: Added child node ID: 2 to parent ID: 1
[2026-04-08 20:10:43] [34mINFO[0m [/home/yassineaa/AromaUI/src/core/aroma_node.c:99] __create_node: Created node ID: 3, type: 2
[2026-04-08 20:10:43] [34mINFO[0m [/home/yassineaa/AromaUI/src/core/aroma_node.c:121] __add_child_node: Added child node ID: 3 to parent ID: 1
[2026-04-08 20:10:43] [34mINFO[0m [/home/yassineaa/AromaUI/src/core/aroma_node.c:99] __create_node: Created node ID: 4, type: 1
[2026-04-08 20:10:43] [34mINFO[0m [/home/yassineaa/AromaUI/src/core/aroma_node.c:121] __add_child_node: Added child node ID: 4 to parent ID: 1
[2026-04-08 20:10:43] [34mINFO[0m [/home/yassineaa/AromaUI/src/core/aroma_node.c:99] __create_node: Created node ID: 5, type: 2
[2026-04-08 20:10:43] [34mINFO[0m [/home/yassineaa/AromaUI/src/core/aroma_node.c:121] __add_child_node: Added child node ID: 5 to parent ID: 1
[2026-04-08 20:10:43] [34mINFO[0m [/home/yassineaa/AromaUI/src/core/aroma_node.c:99] __create_node: Created node ID: 6, type: 2
[2026-04-08 20:10:43] [34mINFO[0m [/home/yassineaa/AromaUI/src/core/aroma_node.c:121] __add_child_node: Added child node ID: 6 to parent ID: 1
[2026-04-08 20:10:43] [34mINFO[0m [/home/yassineaa/AromaUI/src/core/aroma_node.c:99] __create_node: Created node ID: 7, type: 2
[2026-04-08 20:10:43] [34mINFO[0m [/home/yassineaa/AromaUI/src/core/aroma_node.c:121] __add_child_node: Added child node ID: 7 to parent ID: 1
[2026-04-08 20:10:43] [34mINFO[0m [/home/yassineaa/AromaUI/src/core/aroma_node.c:99] __create_node: Created node ID: 8, type: 2
[2026-04-08 20:10:43] [34mINFO[0m [/home/yassineaa/AromaUI/src/core/aroma_node.c:121] __add_child_node: Added child node ID: 8 to parent ID: 1
[2026-04-08 20:10:43] [34mINFO[0m [/home/yassineaa/AromaUI/src/core/aroma_node.c:99] __create_node: Created node ID: 9, type: 2
[2026-04-08 20:10:43] [34mINFO[0m [/home/yassineaa/AromaUI/src/core/aroma_node.c:121] __add_child_node: Added child node ID: 9 to parent ID: 1
[2026-04-08 20:10:43] [34mINFO[0m [/home/yassineaa/AromaUI/src/core/aroma_node.c:99] __create_node: Created node ID: 10, type: 2
[2026-04-08 20:10:43] [34mINFO[0m [/home/yassineaa/AromaUI/src/core/aroma_node.c:121] __add_child_node: Added child node ID: 10 to parent ID: 1
[2026-04-08 20:10:43] [34mINFO[0m [/home/yassineaa/AromaUI/src/core/aroma_node.c:99] __create_node: Created node ID: 11, type: 1
[2026-04-08 20:10:43] [34mINFO[0m [/home/yassineaa/AromaUI/src/core/aroma_node.c:121] __add_child_node: Added child node ID: 11 to parent ID: 1
[2026-04-08 20:10:43] [34mINFO[0m [/home/yassineaa/AromaUI/src/core/aroma_node.c:99] __create_node: Created node ID: 12, type: 2
[2026-04-08 20:10:43] [34mINFO[0m [/home/yassineaa/AromaUI/src/core/aroma_node.c:121] __add_child_node: Added child node ID: 12 to parent ID: 11
[2026-04-08 20:10:43] [34mINFO[0m [/home/yassineaa/AromaUI/src/core/aroma_node.c:99] __create_node: Created node ID: 13, type: 2
[2026-04-08 20:10:43] [34mINFO[0m [/home/yassineaa/AromaUI/src/core/aroma_node.c:121] __add_child_node: Added child node ID: 13 to parent ID: 11
[2026-04-08 20:10:43] [34mINFO[0m [/home/yassineaa/AromaUI/src/core/aroma_node.c:99] __create_node: Created node ID: 14, type: 1
[2026-04-08 20:10:43] [34mINFO[0m [/home/yassineaa/AromaUI/src/core/aroma_node.c:121] __add_child_node: Added child node ID: 14 to parent ID: 1
[2026-04-08 20:10:43] [34mINFO[0m [/home/yassineaa/AromaUI/src/core/aroma_node.c:99] __create_node: Created node ID: 15, type: 1
[2026-04-08 20:10:43] [34mINFO[0m [/home/yassineaa/AromaUI/src/core/aroma_node.c:121] __add_child_node: Added child node ID: 15 to parent ID: 14
[2026-04-08 20:10:43] [34mINFO[0m [/home/yassineaa/AromaUI/src/core/aroma_node.c:99] __create_node: Created node ID: 16, type: 1
[2026-04-08 20:10:43] [34mINFO[0m [/home/yassineaa/AromaUI/src/core/aroma_node.c:121] __add_child_node: Added child node ID: 16 to parent ID: 14
[2026-04-08 20:10:43] [34mINFO[0m [/home/yassineaa/AromaUI/src/core/aroma_node.c:99] __create_node: Created node ID: 17, type: 1
[2026-04-08 20:10:43] [34mINFO[0m [/home/yassineaa/AromaUI/src/core/aroma_node.c:121] __add_child_node: Added child node ID: 17 to parent ID: 16
[2026-04-08 20:10:43] [34mINFO[0m [/home/yassineaa/AromaUI/src/core/aroma_node.c:99] __create_node: Created node ID: 18, type: 1
[2026-04-08 20:10:43] [34mINFO[0m [/home/yassineaa/AromaUI/src/core/aroma_node.c:121] __add_child_node: Added child node ID: 18 to parent ID: 16
[2026-04-08 20:10:43] [34mINFO[0m [/home/yassineaa/AromaUI/src/core/aroma_node.c:99] __create_node: Created node ID: 19, type: 1
[2026-04-08 20:10:43] [34mINFO[0m [/home/yassineaa/AromaUI/src/core/aroma_node.c:121] __add_child_node: Added child node ID: 19 to parent ID: 18
[2026-04-08 20:10:43] [34mINFO[0m [/home/yassineaa/AromaUI/src/backends/graphics/aroma_graphics_gles3.c:768] load_image: Attempting to load image: ../test.png
[2026-04-08 20:10:43] [31mERROR[0m [/home/yassineaa/AromaUI/src/backends/graphics/aroma_graphics_gles3.c:773] load_image: Image file not found or inaccessible: ../test.png
[2026-04-08 20:10:43] [33mWARNING[0m [/home/yassineaa/AromaUI/src/widgets/aroma_image.c:133] aroma_image_create: Failed to load image: ../test.png
[2026-04-08 20:10:43] [34mINFO[0m [/home/yassineaa/AromaUI/src/core/aroma_node.c:99] __create_node: Created node ID: 20, type: 2
[2026-04-08 20:10:43] [34mINFO[0m [/home/yassineaa/AromaUI/src/core/aroma_node.c:121] __add_child_node: Added child node ID: 20 to parent ID: 18
[2026-04-08 20:10:43] [34mINFO[0m [/home/yassineaa/AromaUI/src/widgets/aroma_image.c:146] aroma_image_create: Created image widget at (0, 0) size 280x70, texture ID: 0
[2026-04-08 20:10:43] [34mINFO[0m [/home/yassineaa/AromaUI/src/backends/graphics/aroma_graphics_gles3.c:768] load_image: Attempting to load image: ../car.png
[2026-04-08 20:10:43] [31mERROR[0m [/home/yassineaa/AromaUI/src/backends/graphics/aroma_graphics_gles3.c:773] load_image: Image file not found or inaccessible: ../car.png
[2026-04-08 20:10:43] [33mWARNING[0m [/home/yassineaa/AromaUI/src/widgets/aroma_image.c:133] aroma_image_create: Failed to load image: ../car.png
[2026-04-08 20:10:43] [34mINFO[0m [/home/yassineaa/AromaUI/src/core/aroma_node.c:99] __create_node: Created node ID: 21, type: 2
[2026-04-08 20:10:43] [34mINFO[0m [/home/yassineaa/AromaUI/src/core/aroma_node.c:121] __add_child_node: Added child node ID: 21 to parent ID: 15
[2026-04-08 20:10:43] [34mINFO[0m [/home/yassineaa/AromaUI/src/widgets/aroma_image.c:146] aroma_image_create: Created image widget at (40, 20) size 316x151, texture ID: 0
[2026-04-08 20:10:43] [34mINFO[0m [/home/yassineaa/AromaUI/src/core/aroma_node.c:99] __create_node: Created node ID: 22, type: 2
[2026-04-08 20:10:43] [34mINFO[0m [/home/yassineaa/AromaUI/src/core/aroma_node.c:121] __add_child_node: Added child node ID: 22 to parent ID: 15
[2026-04-08 20:10:43] [34mINFO[0m [/home/yassineaa/AromaUI/src/core/aroma_node.c:99] __create_node: Created node ID: 23, type: 2
[2026-04-08 20:10:43] [34mINFO[0m [/home/yassineaa/AromaUI/src/core/aroma_node.c:121] __add_child_node: Added child node ID: 23 to parent ID: 15
[2026-04-08 20:10:43] [34mINFO[0m [/home/yassineaa/AromaUI/src/core/aroma_node.c:99] __create_node: Created node ID: 24, type: 2
[2026-04-08 20:10:43] [34mINFO[0m [/home/yassineaa/AromaUI/src/core/aroma_node.c:121] __add_child_node: Added child node ID: 24 to parent ID: 15
[2026-04-08 20:10:43] [34mINFO[0m [/home/yassineaa/AromaUI/src/core/aroma_node.c:99] __create_node: Created node ID: 25, type: 2
[2026-04-08 20:10:43] [34mINFO[0m [/home/yassineaa/AromaUI/src/core/aroma_node.c:121] __add_child_node: Added child node ID: 25 to parent ID: 15
[2026-04-08 20:10:43] [34mINFO[0m [/home/yassineaa/AromaUI/src/core/aroma_node.c:99] __create_node: Created node ID: 26, type: 2
[2026-04-08 20:10:43] [34mINFO[0m [/home/yassineaa/AromaUI/src/core/aroma_node.c:121] __add_child_node: Added child node ID: 26 to parent ID: 15
[2026-04-08 20:10:43] [34mINFO[0m [/home/yassineaa/AromaUI/src/core/aroma_node.c:99] __create_node: Created node ID: 27, type: 2
[2026-04-08 20:10:43] [34mINFO[0m [/home/yassineaa/AromaUI/src/core/aroma_node.c:121] __add_child_node: Added child node ID: 27 to parent ID: 15
[2026-04-08 20:10:43] [34mINFO[0m [/home/yassineaa/AromaUI/src/core/aroma_node.c:99] __create_node: Created node ID: 28, type: 2
[2026-04-08 20:10:43] [34mINFO[0m [/home/yassineaa/AromaUI/src/core/aroma_node.c:121] __add_child_node: Added child node ID: 28 to parent ID: 15
[2026-04-08 20:10:43] [34mINFO[0m [/home/yassineaa/AromaUI/src/core/aroma_node.c:99] __create_node: Created node ID: 29, type: 2
[2026-04-08 20:10:43] [34mINFO[0m [/home/yassineaa/AromaUI/src/core/aroma_node.c:121] __add_child_node: Added child node ID: 29 to parent ID: 15
[2026-04-08 20:10:43] [34mINFO[0m [/home/yassineaa/AromaUI/src/core/aroma_node.c:99] __create_node: Created node ID: 30, type: 2
[2026-04-08 20:10:43] [34mINFO[0m [/home/yassineaa/AromaUI/src/core/aroma_node.c:121] __add_child_node: Added child node ID: 30 to parent ID: 15
[2026-04-08 20:10:43] [34mINFO[0m [/home/yassineaa/AromaUI/src/core/aroma_node.c:99] __create_node: Created node ID: 31, type: 2
[2026-04-08 20:10:43] [34mINFO[0m [/home/yassineaa/AromaUI/src/core/aroma_node.c:121] __add_child_node: Added child node ID: 31 to parent ID: 15
[2026-04-08 20:10:43] [34mINFO[0m [/home/yassineaa/AromaUI/src/core/aroma_node.c:99] __create_node: Created node ID: 32, type: 2
[2026-04-08 20:10:43] [34mINFO[0m [/home/yassineaa/AromaUI/src/core/aroma_node.c:121] __add_child_node: Added child node ID: 32 to parent ID: 15
[2026-04-08 20:10:43] [34mINFO[0m [/home/yassineaa/AromaUI/src/core/aroma_node.c:99] __create_node: Created node ID: 33, type: 2
[2026-04-08 20:10:43] [34mINFO[0m [/home/yassineaa/AromaUI/src/core/aroma_node.c:121] __add_child_node: Added child node ID: 33 to parent ID: 15
[2026-04-08 20:10:43] [34mINFO[0m [/home/yassineaa/AromaUI/src/core/aroma_node.c:99] __create_node: Created node ID: 34, type: 2
[2026-04-08 20:10:43] [34mINFO[0m [/home/yassineaa/AromaUI/src/core/aroma_node.c:121] __add_child_node: Added child node ID: 34 to parent ID: 15
[2026-04-08 20:10:43] [34mINFO[0m [/home/yassineaa/AromaUI/src/core/aroma_node.c:99] __create_node: Created node ID: 35, type: 2
[2026-04-08 20:10:43] [34mINFO[0m [/home/yassineaa/AromaUI/src/core/aroma_node.c:121] __add_child_node: Added child node ID: 35 to parent ID: 15
[2026-04-08 20:10:43] [34mINFO[0m [/home/yassineaa/AromaUI/src/core/aroma_node.c:99] __create_node: Created node ID: 36, type: 1
[2026-04-08 20:10:43] [34mINFO[0m [/home/yassineaa/AromaUI/src/core/aroma_node.c:121] __add_child_node: Added child node ID: 36 to parent ID: 15
[2026-04-08 20:10:43] [34mINFO[0m [/home/yassineaa/AromaUI/src/core/aroma_node.c:99] __create_node: Created node ID: 37, type: 2
[2026-04-08 20:10:43] [34mINFO[0m [/home/yassineaa/AromaUI/src/core/aroma_node.c:121] __add_child_node: Added child node ID: 37 to parent ID: 36
[2026-04-08 20:10:43] [34mINFO[0m [/home/yassineaa/AromaUI/src/core/aroma_node.c:99] __create_node: Created node ID: 38, type: 2
[2026-04-08 20:10:43] [34mINFO[0m [/home/yassineaa/AromaUI/src/core/aroma_node.c:121] __add_child_node: Added child node ID: 38 to parent ID: 36
[2026-04-08 20:10:43] [34mINFO[0m [/home/yassineaa/AromaUI/src/core/aroma_node.c:99] __create_node: Created node ID: 39, type: 2
[2026-04-08 20:10:43] [34mINFO[0m [/home/yassineaa/AromaUI/src/core/aroma_node.c:121] __add_child_node: Added child node ID: 39 to parent ID: 36
[2026-04-08 20:10:43] [34mINFO[0m [/home/yassineaa/AromaUI/src/core/aroma_node.c:99] __create_node: Created node ID: 40, type: 2
[2026-04-08 20:10:43] [34mINFO[0m [/home/yassineaa/AromaUI/src/core/aroma_node.c:121] __add_child_node: Added child node ID: 40 to parent ID: 36
[2026-04-08 20:10:43] [34mINFO[0m [/home/yassineaa/AromaUI/src/core/aroma_node.c:99] __create_node: Created node ID: 41, type: 2
[2026-04-08 20:10:43] [34mINFO[0m [/home/yassineaa/AromaUI/src/core/aroma_node.c:121] __add_child_node: Added child node ID: 41 to parent ID: 36
[2026-04-08 20:10:43] [34mINFO[0m [/home/yassineaa/AromaUI/src/core/aroma_node.c:99] __create_node: Created node ID: 42, type: 1
[2026-04-08 20:10:43] [34mINFO[0m [/home/yassineaa/AromaUI/src/core/aroma_node.c:121] __add_child_node: Added child node ID: 42 to parent ID: 15
[2026-04-08 20:10:43] [34mINFO[0m [/home/yassineaa/AromaUI/src/core/aroma_node.c:99] __create_node: Created node ID: 43, type: 2
[2026-04-08 20:10:43] [34mINFO[0m [/home/yassineaa/AromaUI/src/core/aroma_node.c:121] __add_child_node: Added child node ID: 43 to parent ID: 42
[2026-04-08 20:10:43] [34mINFO[0m [/home/yassineaa/AromaUI/src/core/aroma_node.c:99] __create_node: Created node ID: 44, type: 2
[2026-04-08 20:10:43] [34mINFO[0m [/home/yassineaa/AromaUI/src/core/aroma_node.c:121] __add_child_node: Added child node ID: 44 to parent ID: 42
[2026-04-08 20:10:43] [34mINFO[0m [/home/yassineaa/AromaUI/src/core/aroma_node.c:99] __create_node: Created node ID: 45, type: 2
[2026-04-08 20:10:43] [34mINFO[0m [/home/yassineaa/AromaUI/src/core/aroma_node.c:121] __add_child_node: Added child node ID: 45 to parent ID: 42
[2026-04-08 20:10:43] [34mINFO[0m [/home/yassineaa/AromaUI/src/core/aroma_node.c:99] __create_node: Created node ID: 46, type: 1
[2026-04-08 20:10:43] [34mINFO[0m [/home/yassineaa/AromaUI/src/core/aroma_node.c:121] __add_child_node: Added child node ID: 46 to parent ID: 42
[2026-04-08 20:10:43] [34mINFO[0m [/home/yassineaa/AromaUI/src/core/aroma_node.c:99] __create_node: Created node ID: 47, type: 2
[2026-04-08 20:10:43] [34mINFO[0m [/home/yassineaa/AromaUI/src/core/aroma_node.c:121] __add_child_node: Added child node ID: 47 to parent ID: 42
[2026-04-08 20:10:43] [34mINFO[0m [/home/yassineaa/AromaUI/src/core/aroma_node.c:99] __create_node: Created node ID: 48, type: 2
[2026-04-08 20:10:43] [34mINFO[0m [/home/yassineaa/AromaUI/src/core/aroma_node.c:121] __add_child_node: Added child node ID: 48 to parent ID: 17
[2026-04-08 20:10:43] [34mINFO[0m [/home/yassineaa/AromaUI/src/core/aroma_node.c:99] __create_node: Created node ID: 49, type: 2
[2026-04-08 20:10:43] [34mINFO[0m [/home/yassineaa/AromaUI/src/core/aroma_node.c:121] __add_child_node: Added child node ID: 49 to parent ID: 17
[2026-04-08 20:10:43] [34mINFO[0m [/home/yassineaa/AromaUI/src/core/aroma_node.c:99] __create_node: Created node ID: 50, type: 2
[2026-04-08 20:10:43] [34mINFO[0m [/home/yassineaa/AromaUI/src/core/aroma_node.c:121] __add_child_node: Added child node ID: 50 to parent ID: 17
[2026-04-08 20:10:43] [34mINFO[0m [/home/yassineaa/AromaUI/src/core/aroma_node.c:99] __create_node: Created node ID: 51, type: 2
[2026-04-08 20:10:43] [34mINFO[0m [/home/yassineaa/AromaUI/src/core/aroma_node.c:121] __add_child_node: Added child node ID: 51 to parent ID: 17
[2026-04-08 20:10:43] [34mINFO[0m [/home/yassineaa/AromaUI/src/core/aroma_node.c:99] __create_node: Created node ID: 52, type: 1
[2026-04-08 20:10:43] [34mINFO[0m [/home/yassineaa/AromaUI/src/core/aroma_node.c:121] __add_child_node: Added child node ID: 52 to parent ID: 17
[2026-04-08 20:10:43] [34mINFO[0m [/home/yassineaa/AromaUI/src/backends/graphics/aroma_graphics_gles3.c:768] load_image: Attempting to load image: ../air-conditioner.png
[2026-04-08 20:10:43] [31mERROR[0m [/home/yassineaa/AromaUI/src/backends/graphics/aroma_graphics_gles3.c:773] load_image: Image file not found or inaccessible: ../air-conditioner.png
[2026-04-08 20:10:43] [33mWARNING[0m [/home/yassineaa/AromaUI/src/widgets/aroma_image.c:133] aroma_image_create: Failed to load image: ../air-conditioner.png
[2026-04-08 20:10:43] [34mINFO[0m [/home/yassineaa/AromaUI/src/core/aroma_node.c:99] __create_node: Created node ID: 53, type: 2
[2026-04-08 20:10:43] [34mINFO[0m [/home/yassineaa/AromaUI/src/core/aroma_node.c:121] __add_child_node: Added child node ID: 53 to parent ID: 17
[2026-04-08 20:10:43] [34mINFO[0m [/home/yassineaa/AromaUI/src/widgets/aroma_image.c:146] aroma_image_create: Created image widget at (170, 215) size 48x48, texture ID: 0
[2026-04-08 20:10:43] [34mINFO[0m [/home/yassineaa/AromaUI/src/backends/graphics/aroma_graphics_gles3.c:768] load_image: Attempting to load image: ../under.png
[2026-04-08 20:10:43] [31mERROR[0m [/home/yassineaa/AromaUI/src/backends/graphics/aroma_graphics_gles3.c:773] load_image: Image file not found or inaccessible: ../under.png
[2026-04-08 20:10:43] [33mWARNING[0m [/home/yassineaa/AromaUI/src/widgets/aroma_image.c:133] aroma_image_create: Failed to load image: ../under.png
[2026-04-08 20:10:43] [34mINFO[0m [/home/yassineaa/AromaUI/src/core/aroma_node.c:99] __create_node: Created node ID: 54, type: 2
[2026-04-08 20:10:43] [34mINFO[0m [/home/yassineaa/AromaUI/src/core/aroma_node.c:121] __add_child_node: Added child node ID: 54 to parent ID: 17
[2026-04-08 20:10:43] [34mINFO[0m [/home/yassineaa/AromaUI/src/widgets/aroma_image.c:146] aroma_image_create: Created image widget at (270, 215) size 48x48, texture ID: 0
[2026-04-08 20:10:43] [34mINFO[0m [/home/yassineaa/AromaUI/src/backends/graphics/aroma_graphics_gles3.c:768] load_image: Attempting to load image: ../both.png
[2026-04-08 20:10:43] [31mERROR[0m [/home/yassineaa/AromaUI/src/backends/graphics/aroma_graphics_gles3.c:773] load_image: Image file not found or inaccessible: ../both.png
[2026-04-08 20:10:43] [33mWARNING[0m [/home/yassineaa/AromaUI/src/widgets/aroma_image.c:133] aroma_image_create: Failed to load image: ../both.png
[2026-04-08 20:10:43] [34mINFO[0m [/home/yassineaa/AromaUI/src/core/aroma_node.c:99] __create_node: Created node ID: 55, type: 2
[2026-04-08 20:10:43] [34mINFO[0m [/home/yassineaa/AromaUI/src/core/aroma_node.c:121] __add_child_node: Added child node ID: 55 to parent ID: 17
[2026-04-08 20:10:43] [34mINFO[0m [/home/yassineaa/AromaUI/src/widgets/aroma_image.c:146] aroma_image_create: Created image widget at (370, 215) size 48x48, texture ID: 0
[2026-04-08 20:10:43] [34mINFO[0m [/home/yassineaa/AromaUI/src/core/aroma_node.c:99] __create_node: Created node ID: 56, type: 2
[2026-04-08 20:10:43] [34mINFO[0m [/home/yassineaa/AromaUI/src/core/aroma_node.c:121] __add_child_node: Added child node ID: 56 to parent ID: 19
[2026-04-08 20:10:43] [34mINFO[0m [/home/yassineaa/AromaUI/src/backends/graphics/aroma_graphics_gles3.c:768] load_image: Attempting to load image: ../brake_indicator.png
[2026-04-08 20:10:43] [31mERROR[0m [/home/yassineaa/AromaUI/src/backends/graphics/aroma_graphics_gles3.c:773] load_image: Image file not found or inaccessible: ../brake_indicator.png
[2026-04-08 20:10:43] [33mWARNING[0m [/home/yassineaa/AromaUI/src/widgets/aroma_image.c:133] aroma_image_create: Failed to load image: ../brake_indicator.png
[2026-04-08 20:10:43] [34mINFO[0m [/home/yassineaa/AromaUI/src/core/aroma_node.c:99] __create_node: Created node ID: 57, type: 2
[2026-04-08 20:10:43] [34mINFO[0m [/home/yassineaa/AromaUI/src/core/aroma_node.c:121] __add_child_node: Added child node ID: 57 to parent ID: 19
[2026-04-08 20:10:43] [34mINFO[0m [/home/yassineaa/AromaUI/src/widgets/aroma_image.c:146] aroma_image_create: Created image widget at (20, 60) size 32x32, texture ID: 0
[2026-04-08 20:10:43] [34mINFO[0m [/home/yassineaa/AromaUI/src/backends/graphics/aroma_graphics_gles3.c:768] load_image: Attempting to load image: ../abs_indicator.png
[2026-04-08 20:10:43] [31mERROR[0m [/home/yassineaa/AromaUI/src/backends/graphics/aroma_graphics_gles3.c:773] load_image: Image file not found or inaccessible: ../abs_indicator.png
[2026-04-08 20:10:43] [33mWARNING[0m [/home/yassineaa/AromaUI/src/widgets/aroma_image.c:133] aroma_image_create: Failed to load image: ../abs_indicator.png
[2026-04-08 20:10:43] [34mINFO[0m [/home/yassineaa/AromaUI/src/core/aroma_node.c:99] __create_node: Created node ID: 58, type: 2
[2026-04-08 20:10:43] [34mINFO[0m [/home/yassineaa/AromaUI/src/core/aroma_node.c:121] __add_child_node: Added child node ID: 58 to parent ID: 19
[2026-04-08 20:10:43] [34mINFO[0m [/home/yassineaa/AromaUI/src/widgets/aroma_image.c:146] aroma_image_create: Created image widget at (70, 60) size 32x32, texture ID: 0
[2026-04-08 20:10:43] [34mINFO[0m [/home/yassineaa/AromaUI/src/core/aroma_node.c:99] __create_node: Created node ID: 59, type: 1
[2026-04-08 20:10:43] [34mINFO[0m [/home/yassineaa/AromaUI/src/core/aroma_node.c:121] __add_child_node: Added child node ID: 59 to parent ID: 19
[2026-04-08 20:10:43] [34mINFO[0m [/home/yassineaa/AromaUI/src/backends/graphics/aroma_graphics_gles3.c:768] load_image: Attempting to load image: ../high_beams.png
[2026-04-08 20:10:43] [31mERROR[0m [/home/yassineaa/AromaUI/src/backends/graphics/aroma_graphics_gles3.c:773] load_image: Image file not found or inaccessible: ../high_beams.png
[2026-04-08 20:10:43] [33mWARNING[0m [/home/yassineaa/AromaUI/src/widgets/aroma_image.c:133] aroma_image_create: Failed to load image: ../high_beams.png
[2026-04-08 20:10:43] [34mINFO[0m [/home/yassineaa/AromaUI/src/core/aroma_node.c:99] __create_node: Created node ID: 60, type: 2
[2026-04-08 20:10:43] [34mINFO[0m [/home/yassineaa/AromaUI/src/core/aroma_node.c:121] __add_child_node: Added child node ID: 60 to parent ID: 19
[2026-04-08 20:10:43] [34mINFO[0m [/home/yassineaa/AromaUI/src/widgets/aroma_image.c:146] aroma_image_create: Created image widget at (120, 60) size 32x32, texture ID: 0
[2026-04-08 20:10:43] [34mINFO[0m [/home/yassineaa/AromaUI/src/backends/graphics/aroma_graphics_gles3.c:768] load_image: Attempting to load image: ../low_beams.png
[2026-04-08 20:10:43] [31mERROR[0m [/home/yassineaa/AromaUI/src/backends/graphics/aroma_graphics_gles3.c:773] load_image: Image file not found or inaccessible: ../low_beams.png
[2026-04-08 20:10:43] [33mWARNING[0m [/home/yassineaa/AromaUI/src/widgets/aroma_image.c:133] aroma_image_create: Failed to load image: ../low_beams.png
[2026-04-08 20:10:43] [34mINFO[0m [/home/yassineaa/AromaUI/src/core/aroma_node.c:99] __create_node: Created node ID: 61, type: 2
[2026-04-08 20:10:43] [34mINFO[0m [/home/yassineaa/AromaUI/src/core/aroma_node.c:121] __add_child_node: Added child node ID: 61 to parent ID: 19
[2026-04-08 20:10:43] [34mINFO[0m [/home/yassineaa/AromaUI/src/widgets/aroma_image.c:146] aroma_image_create: Created image widget at (170, 60) size 32x32, texture ID: 0
[2026-04-08 20:10:43] [34mINFO[0m [/home/yassineaa/AromaUI/src/backends/graphics/aroma_graphics_gles3.c:768] load_image: Attempting to load image: ../seatbelt.png
[2026-04-08 20:10:43] [31mERROR[0m [/home/yassineaa/AromaUI/src/backends/graphics/aroma_graphics_gles3.c:773] load_image: Image file not found or inaccessible: ../seatbelt.png
[2026-04-08 20:10:43] [33mWARNING[0m [/home/yassineaa/AromaUI/src/widgets/aroma_image.c:133] aroma_image_create: Failed to load image: ../seatbelt.png
[2026-04-08 20:10:43] [34mINFO[0m [/home/yassineaa/AromaUI/src/core/aroma_node.c:99] __create_node: Created node ID: 62, type: 2
[2026-04-08 20:10:43] [34mINFO[0m [/home/yassineaa/AromaUI/src/core/aroma_node.c:121] __add_child_node: Added child node ID: 62 to parent ID: 19
[2026-04-08 20:10:43] [34mINFO[0m [/home/yassineaa/AromaUI/src/widgets/aroma_image.c:146] aroma_image_create: Created image widget at (220, 60) size 32x32, texture ID: 0
[2026-04-08 20:10:43] [34mINFO[0m [/home/yassineaa/AromaUI/src/backends/graphics/aroma_graphics_gles3.c:768] load_image: Attempting to load image: ../battery_indicator.png
[2026-04-08 20:10:43] [31mERROR[0m [/home/yassineaa/AromaUI/src/backends/graphics/aroma_graphics_gles3.c:773] load_image: Image file not found or inaccessible: ../battery_indicator.png
[2026-04-08 20:10:43] [33mWARNING[0m [/home/yassineaa/AromaUI/src/widgets/aroma_image.c:133] aroma_image_create: Failed to load image: ../battery_indicator.png
[2026-04-08 20:10:43] [34mINFO[0m [/home/yassineaa/AromaUI/src/core/aroma_node.c:99] __create_node: Created node ID: 63, type: 2
[2026-04-08 20:10:43] [34mINFO[0m [/home/yassineaa/AromaUI/src/core/aroma_node.c:121] __add_child_node: Added child node ID: 63 to parent ID: 19
[2026-04-08 20:10:43] [34mINFO[0m [/home/yassineaa/AromaUI/src/widgets/aroma_image.c:146] aroma_image_create: Created image widget at (20, 120) size 32x32, texture ID: 0
[2026-04-08 20:10:43] [34mINFO[0m [/home/yassineaa/AromaUI/src/backends/graphics/aroma_graphics_gles3.c:768] load_image: Attempting to load image: ../temperature.png
[2026-04-08 20:10:43] [31mERROR[0m [/home/yassineaa/AromaUI/src/backends/graphics/aroma_graphics_gles3.c:773] load_image: Image file not found or inaccessible: ../temperature.png
[2026-04-08 20:10:43] [33mWARNING[0m [/home/yassineaa/AromaUI/src/widgets/aroma_image.c:133] aroma_image_create: Failed to load image: ../temperature.png
[2026-04-08 20:10:43] [34mINFO[0m [/home/yassineaa/AromaUI/src/core/aroma_node.c:99] __create_node: Created node ID: 64, type: 2
[2026-04-08 20:10:43] [34mINFO[0m [/home/yassineaa/AromaUI/src/core/aroma_node.c:121] __add_child_node: Added child node ID: 64 to parent ID: 19
[2026-04-08 20:10:43] [34mINFO[0m [/home/yassineaa/AromaUI/src/widgets/aroma_image.c:146] aroma_image_create: Created image widget at (70, 120) size 32x32, texture ID: 0
[2026-04-08 20:10:43] [34mINFO[0m [/home/yassineaa/AromaUI/src/core/aroma_node.c:99] __create_node: Created node ID: 65, type: 1
[2026-04-08 20:10:43] [34mINFO[0m [/home/yassineaa/AromaUI/src/core/aroma_node.c:121] __add_child_node: Added child node ID: 65 to parent ID: 1
[2026-04-08 20:10:43] [34mINFO[0m [/home/yassineaa/AromaUI/src/core/aroma_node.c:99] __create_node: Created node ID: 66, type: 2
[2026-04-08 20:10:43] [34mINFO[0m [/home/yassineaa/AromaUI/src/core/aroma_node.c:121] __add_child_node: Added child node ID: 66 to parent ID: 65
[2026-04-08 20:10:43] [34mINFO[0m [/home/yassineaa/AromaUI/src/core/aroma_node.c:99] __create_node: Created node ID: 67, type: 1
[2026-04-08 20:10:43] [34mINFO[0m [/home/yassineaa/AromaUI/src/core/aroma_node.c:121] __add_child_node: Added child node ID: 67 to parent ID: 65
[2026-04-08 20:10:43] [34mINFO[0m [/home/yassineaa/AromaUI/src/core/aroma_node.c:99] __create_node: Created node ID: 68, type: 2
[2026-04-08 20:10:43] [34mINFO[0m [/home/yassineaa/AromaUI/src/core/aroma_node.c:121] __add_child_node: Added child node ID: 68 to parent ID: 67
[2026-04-08 20:10:43] [34mINFO[0m [/home/yassineaa/AromaUI/src/core/aroma_node.c:99] __create_node: Created node ID: 69, type: 1
[2026-04-08 20:10:43] [34mINFO[0m [/home/yassineaa/AromaUI/src/core/aroma_node.c:121] __add_child_node: Added child node ID: 69 to parent ID: 65
[2026-04-08 20:10:43] [34mINFO[0m [/home/yassineaa/AromaUI/src/core/aroma_node.c:99] __create_node: Created node ID: 70, type: 2
[2026-04-08 20:10:43] [34mINFO[0m [/home/yassineaa/AromaUI/src/core/aroma_node.c:121] __add_child_node: Added child node ID: 70 to parent ID: 69
[2026-04-08 20:10:43] [34mINFO[0m [/home/yassineaa/AromaUI/src/core/aroma_node.c:99] __create_node: Created node ID: 71, type: 1
[2026-04-08 20:10:43] [34mINFO[0m [/home/yassineaa/AromaUI/src/core/aroma_node.c:121] __add_child_node: Added child node ID: 71 to parent ID: 65
[2026-04-08 20:10:43] [34mINFO[0m [/home/yassineaa/AromaUI/src/core/aroma_node.c:99] __create_node: Created node ID: 72, type: 2
[2026-04-08 20:10:43] [34mINFO[0m [/home/yassineaa/AromaUI/src/core/aroma_node.c:121] __add_child_node: Added child node ID: 72 to parent ID: 71
[2026-04-08 20:10:43] [34mINFO[0m [/home/yassineaa/AromaUI/src/core/aroma_node.c:99] __create_node: Created node ID: 73, type: 1
[2026-04-08 20:10:43] [34mINFO[0m [/home/yassineaa/AromaUI/src/core/aroma_node.c:121] __add_child_node: Added child node ID: 73 to parent ID: 65
[2026-04-08 20:10:43] [34mINFO[0m [/home/yassineaa/AromaUI/src/core/aroma_node.c:99] __create_node: Created node ID: 74, type: 2
[2026-04-08 20:10:43] [34mINFO[0m [/home/yassineaa/AromaUI/src/core/aroma_node.c:121] __add_child_node: Added child node ID: 74 to parent ID: 73
[2026-04-08 20:10:43] [34mINFO[0m [/home/yassineaa/AromaUI/src/core/aroma_node.c:99] __create_node: Created node ID: 75, type: 1
[2026-04-08 20:10:43] [34mINFO[0m [/home/yassineaa/AromaUI/src/core/aroma_node.c:121] __add_child_node: Added child node ID: 75 to parent ID: 65
[2026-04-08 20:10:43] [34mINFO[0m [/home/yassineaa/AromaUI/src/core/aroma_node.c:99] __create_node: Created node ID: 76, type: 2
[2026-04-08 20:10:43] [34mINFO[0m [/home/yassineaa/AromaUI/src/core/aroma_node.c:121] __add_child_node: Added child node ID: 76 to parent ID: 75
[2026-04-08 20:10:43] [34mINFO[0m [/home/yassineaa/AromaUI/src/core/aroma_node.c:99] __create_node: Created node ID: 77, type: 1
[2026-04-08 20:10:43] [34mINFO[0m [/home/yassineaa/AromaUI/src/core/aroma_node.c:121] __add_child_node: Added child node ID: 77 to parent ID: 65
[2026-04-08 20:10:43] [34mINFO[0m [/home/yassineaa/AromaUI/src/core/aroma_node.c:99] __create_node: Created node ID: 78, type: 2
[2026-04-08 20:10:43] [34mINFO[0m [/home/yassineaa/AromaUI/src/core/aroma_node.c:121] __add_child_node: Added child node ID: 78 to parent ID: 77
[2026-04-08 20:10:43] [34mINFO[0m [/home/yassineaa/AromaUI/src/core/aroma_node.c:99] __create_node: Created node ID: 79, type: 1
[2026-04-08 20:10:43] [34mINFO[0m [/home/yassineaa/AromaUI/src/core/aroma_node.c:121] __add_child_node: Added child node ID: 79 to parent ID: 65
[2026-04-08 20:10:43] [34mINFO[0m [/home/yassineaa/AromaUI/src/core/aroma_node.c:99] __create_node: Created node ID: 80, type: 2
[2026-04-08 20:10:43] [34mINFO[0m [/home/yassineaa/AromaUI/src/core/aroma_node.c:121] __add_child_node: Added child node ID: 80 to parent ID: 79
[2026-04-08 20:10:43] [34mINFO[0m [/home/yassineaa/AromaUI/src/core/aroma_node.c:99] __create_node: Created node ID: 81, type: 1
[2026-04-08 20:10:43] [34mINFO[0m [/home/yassineaa/AromaUI/src/core/aroma_node.c:121] __add_child_node: Added child node ID: 81 to parent ID: 1
[2026-04-08 20:10:43] [34mINFO[0m [/home/yassineaa/AromaUI/src/core/aroma_node.c:99] __create_node: Created node ID: 82, type: 1
[2026-04-08 20:10:43] [34mINFO[0m [/home/yassineaa/AromaUI/src/core/aroma_node.c:121] __add_child_node: Added child node ID: 82 to parent ID: 81
[2026-04-08 20:10:43] [34mINFO[0m [/home/yassineaa/AromaUI/src/core/aroma_node.c:99] __create_node: Created node ID: 83, type: 1
[2026-04-08 20:10:43] [34mINFO[0m [/home/yassineaa/AromaUI/src/core/aroma_node.c:121] __add_child_node: Added child node ID: 83 to parent ID: 82
[2026-04-08 20:10:43] [34mINFO[0m [/home/yassineaa/AromaUI/src/core/aroma_node.c:99] __create_node: Created node ID: 84, type: 2
[2026-04-08 20:10:43] [34mINFO[0m [/home/yassineaa/AromaUI/src/core/aroma_node.c:121] __add_child_node: Added child node ID: 84 to parent ID: 83
[2026-04-08 20:10:43] [34mINFO[0m [/home/yassineaa/AromaUI/src/core/aroma_node.c:99] __create_node: Created node ID: 85, type: 2
[2026-04-08 20:10:43] [34mINFO[0m [/home/yassineaa/AromaUI/src/core/aroma_node.c:121] __add_child_node: Added child node ID: 85 to parent ID: 83
[2026-04-08 20:10:43] [34mINFO[0m [/home/yassineaa/AromaUI/src/core/aroma_node.c:99] __create_node: Created node ID: 86, type: 1
[2026-04-08 20:10:43] [34mINFO[0m [/home/yassineaa/AromaUI/src/core/aroma_node.c:121] __add_child_node: Added child node ID: 86 to parent ID: 83
[2026-04-08 20:10:43] [34mINFO[0m [/home/yassineaa/AromaUI/src/core/aroma_node.c:99] __create_node: Created node ID: 87, type: 2
[2026-04-08 20:10:43] [34mINFO[0m [/home/yassineaa/AromaUI/src/core/aroma_node.c:121] __add_child_node: Added child node ID: 87 to parent ID: 86
[2026-04-08 20:10:43] [34mINFO[0m [/home/yassineaa/AromaUI/src/widgets/aroma_button.c:130] aroma_button_create: Button created: label='1', x=0, y=0, w=80, h=80
[2026-04-08 20:10:43] [34mINFO[0m [/home/yassineaa/AromaUI/src/widgets/aroma_button.c:157] aroma_button_set_on_click: Button click callback registered
[2026-04-08 20:10:43] [34mINFO[0m [/home/yassineaa/AromaUI/src/backends/graphics/utils/aroma_gles3_text.c:100] gles3_text_renderer_load_font: Loaded initial glyphs: 95

[2026-04-08 20:10:43] [34mINFO[0m [/home/yassineaa/AromaUI/src/backends/graphics/aroma_graphics_gles3.c:192] get_or_load_font_renderer: Loaded new font for window 0 (total: 3)
[2026-04-08 20:10:43] [34mINFO[0m [/home/yassineaa/AromaUI/src/core/aroma_node.c:99] __create_node: Created node ID: 88, type: 2
[2026-04-08 20:10:43] [34mINFO[0m [/home/yassineaa/AromaUI/src/core/aroma_node.c:121] __add_child_node: Added child node ID: 88 to parent ID: 86
[2026-04-08 20:10:43] [34mINFO[0m [/home/yassineaa/AromaUI/src/widgets/aroma_button.c:130] aroma_button_create: Button created: label='2', x=0, y=0, w=80, h=80
[2026-04-08 20:10:43] [34mINFO[0m [/home/yassineaa/AromaUI/src/widgets/aroma_button.c:157] aroma_button_set_on_click: Button click callback registered
[2026-04-08 20:10:43] [34mINFO[0m [/home/yassineaa/AromaUI/src/core/aroma_node.c:99] __create_node: Created node ID: 89, type: 2
[2026-04-08 20:10:43] [34mINFO[0m [/home/yassineaa/AromaUI/src/core/aroma_node.c:121] __add_child_node: Added child node ID: 89 to parent ID: 86
[2026-04-08 20:10:43] [34mINFO[0m [/home/yassineaa/AromaUI/src/widgets/aroma_button.c:130] aroma_button_create: Button created: label='3', x=0, y=0, w=80, h=80
[2026-04-08 20:10:43] [34mINFO[0m [/home/yassineaa/AromaUI/src/widgets/aroma_button.c:157] aroma_button_set_on_click: Button click callback registered
[2026-04-08 20:10:43] [34mINFO[0m [/home/yassineaa/AromaUI/src/core/aroma_node.c:99] __create_node: Created node ID: 90, type: 2
[2026-04-08 20:10:43] [34mINFO[0m [/home/yassineaa/AromaUI/src/core/aroma_node.c:121] __add_child_node: Added child node ID: 90 to parent ID: 86
[2026-04-08 20:10:43] [34mINFO[0m [/home/yassineaa/AromaUI/src/widgets/aroma_button.c:130] aroma_button_create: Button created: label='4', x=0, y=0, w=80, h=80
[2026-04-08 20:10:43] [34mINFO[0m [/home/yassineaa/AromaUI/src/widgets/aroma_button.c:157] aroma_button_set_on_click: Button click callback registered
[2026-04-08 20:10:43] [34mINFO[0m [/home/yassineaa/AromaUI/src/core/aroma_node.c:99] __create_node: Created node ID: 91, type: 2
[2026-04-08 20:10:43] [34mINFO[0m [/home/yassineaa/AromaUI/src/core/aroma_node.c:121] __add_child_node: Added child node ID: 91 to parent ID: 86
[2026-04-08 20:10:43] [34mINFO[0m [/home/yassineaa/AromaUI/src/widgets/aroma_button.c:130] aroma_button_create: Button created: label='5', x=0, y=0, w=80, h=80
[2026-04-08 20:10:43] [34mINFO[0m [/home/yassineaa/AromaUI/src/widgets/aroma_button.c:157] aroma_button_set_on_click: Button click callback registered
[2026-04-08 20:10:43] [34mINFO[0m [/home/yassineaa/AromaUI/src/core/aroma_node.c:99] __create_node: Created node ID: 92, type: 2
[2026-04-08 20:10:43] [34mINFO[0m [/home/yassineaa/AromaUI/src/core/aroma_node.c:121] __add_child_node: Added child node ID: 92 to parent ID: 86
[2026-04-08 20:10:43] [34mINFO[0m [/home/yassineaa/AromaUI/src/widgets/aroma_button.c:130] aroma_button_create: Button created: label='6', x=0, y=0, w=80, h=80
[2026-04-08 20:10:43] [34mINFO[0m [/home/yassineaa/AromaUI/src/widgets/aroma_button.c:157] aroma_button_set_on_click: Button click callback registered
[2026-04-08 20:10:43] [34mINFO[0m [/home/yassineaa/AromaUI/src/core/aroma_node.c:99] __create_node: Created node ID: 93, type: 2
[2026-04-08 20:10:43] [34mINFO[0m [/home/yassineaa/AromaUI/src/core/aroma_node.c:121] __add_child_node: Added child node ID: 93 to parent ID: 86
[2026-04-08 20:10:43] [34mINFO[0m [/home/yassineaa/AromaUI/src/widgets/aroma_button.c:130] aroma_button_create: Button created: label='7', x=0, y=0, w=80, h=80
[2026-04-08 20:10:43] [34mINFO[0m [/home/yassineaa/AromaUI/src/widgets/aroma_button.c:157] aroma_button_set_on_click: Button click callback registered
[2026-04-08 20:10:43] [34mINFO[0m [/home/yassineaa/AromaUI/src/core/aroma_node.c:99] __create_node: Created node ID: 94, type: 2
[2026-04-08 20:10:43] [34mINFO[0m [/home/yassineaa/AromaUI/src/core/aroma_node.c:121] __add_child_node: Added child node ID: 94 to parent ID: 86
[2026-04-08 20:10:43] [34mINFO[0m [/home/yassineaa/AromaUI/src/widgets/aroma_button.c:130] aroma_button_create: Button created: label='8', x=0, y=0, w=80, h=80
[2026-04-08 20:10:43] [34mINFO[0m [/home/yassineaa/AromaUI/src/widgets/aroma_button.c:157] aroma_button_set_on_click: Button click callback registered
[2026-04-08 20:10:43] [34mINFO[0m [/home/yassineaa/AromaUI/src/core/aroma_node.c:99] __create_node: Created node ID: 95, type: 2
[2026-04-08 20:10:43] [34mINFO[0m [/home/yassineaa/AromaUI/src/core/aroma_node.c:121] __add_child_node: Added child node ID: 95 to parent ID: 86
[2026-04-08 20:10:43] [34mINFO[0m [/home/yassineaa/AromaUI/src/widgets/aroma_button.c:130] aroma_button_create: Button created: label='9', x=0, y=0, w=80, h=80
[2026-04-08 20:10:43] [34mINFO[0m [/home/yassineaa/AromaUI/src/widgets/aroma_button.c:157] aroma_button_set_on_click: Button click callback registered
[2026-04-08 20:10:43] [34mINFO[0m [/home/yassineaa/AromaUI/src/core/aroma_node.c:99] __create_node: Created node ID: 96, type: 2
[2026-04-08 20:10:43] [34mINFO[0m [/home/yassineaa/AromaUI/src/core/aroma_node.c:121] __add_child_node: Added child node ID: 96 to parent ID: 86
[2026-04-08 20:10:43] [34mINFO[0m [/home/yassineaa/AromaUI/src/widgets/aroma_button.c:130] aroma_button_create: Button created: label='*', x=0, y=0, w=80, h=80
[2026-04-08 20:10:43] [34mINFO[0m [/home/yassineaa/AromaUI/src/widgets/aroma_button.c:157] aroma_button_set_on_click: Button click callback registered
[2026-04-08 20:10:43] [34mINFO[0m [/home/yassineaa/AromaUI/src/core/aroma_node.c:99] __create_node: Created node ID: 97, type: 2
[2026-04-08 20:10:43] [34mINFO[0m [/home/yassineaa/AromaUI/src/core/aroma_node.c:121] __add_child_node: Added child node ID: 97 to parent ID: 86
[2026-04-08 20:10:43] [34mINFO[0m [/home/yassineaa/AromaUI/src/widgets/aroma_button.c:130] aroma_button_create: Button created: label='0', x=0, y=0, w=80, h=80
[2026-04-08 20:10:43] [34mINFO[0m [/home/yassineaa/AromaUI/src/widgets/aroma_button.c:157] aroma_button_set_on_click: Button click callback registered
[2026-04-08 20:10:43] [34mINFO[0m [/home/yassineaa/AromaUI/src/core/aroma_node.c:99] __create_node: Created node ID: 98, type: 2
[2026-04-08 20:10:43] [34mINFO[0m [/home/yassineaa/AromaUI/src/core/aroma_node.c:121] __add_child_node: Added child node ID: 98 to parent ID: 86
[2026-04-08 20:10:43] [34mINFO[0m [/home/yassineaa/AromaUI/src/widgets/aroma_button.c:130] aroma_button_create: Button created: label='#', x=0, y=0, w=80, h=80
[2026-04-08 20:10:43] [34mINFO[0m [/home/yassineaa/AromaUI/src/widgets/aroma_button.c:157] aroma_button_set_on_click: Button click callback registered
[2026-04-08 20:10:43] [34mINFO[0m [/home/yassineaa/AromaUI/src/core/aroma_node.c:99] __create_node: Created node ID: 99, type: 1
[2026-04-08 20:10:43] [34mINFO[0m [/home/yassineaa/AromaUI/src/core/aroma_node.c:121] __add_child_node: Added child node ID: 99 to parent ID: 83
[2026-04-08 20:10:43] [34mINFO[0m [/home/yassineaa/AromaUI/src/core/aroma_node.c:99] __create_node: Created node ID: 100, type: 2
[2026-04-08 20:10:43] [34mINFO[0m [/home/yassineaa/AromaUI/src/core/aroma_node.c:121] __add_child_node: Added child node ID: 100 to parent ID: 99
[2026-04-08 20:10:43] [34mINFO[0m [/home/yassineaa/AromaUI/src/core/aroma_node.c:99] __create_node: Created node ID: 101, type: 2
[2026-04-08 20:10:43] [34mINFO[0m [/home/yassineaa/AromaUI/src/core/aroma_node.c:121] __add_child_node: Added child node ID: 101 to parent ID: 99
[2026-04-08 20:10:43] [34mINFO[0m [/home/yassineaa/AromaUI/src/core/aroma_node.c:99] __create_node: Created node ID: 102, type: 2
[2026-04-08 20:10:43] [34mINFO[0m [/home/yassineaa/AromaUI/src/core/aroma_node.c:121] __add_child_node: Added child node ID: 102 to parent ID: 99
[2026-04-08 20:10:43] [34mINFO[0m [/home/yassineaa/AromaUI/src/core/aroma_node.c:99] __create_node: Created node ID: 103, type: 1
[2026-04-08 20:10:43] [34mINFO[0m [/home/yassineaa/AromaUI/src/core/aroma_node.c:121] __add_child_node: Added child node ID: 103 to parent ID: 82
[2026-04-08 20:10:43] [34mINFO[0m [/home/yassineaa/AromaUI/src/core/aroma_node.c:99] __create_node: Created node ID: 104, type: 1
[2026-04-08 20:10:43] [34mINFO[0m [/home/yassineaa/AromaUI/src/core/aroma_node.c:121] __add_child_node: Added child node ID: 104 to parent ID: 1
[2026-04-08 20:10:43] [34mINFO[0m [/home/yassineaa/AromaUI/src/core/aroma_node.c:99] __create_node: Created node ID: 105, type: 1
[2026-04-08 20:10:43] [34mINFO[0m [/home/yassineaa/AromaUI/src/core/aroma_node.c:121] __add_child_node: Added child node ID: 105 to parent ID: 104
[2026-04-08 20:10:43] [34mINFO[0m [/home/yassineaa/AromaUI/src/core/aroma_node.c:99] __create_node: Created node ID: 106, type: 1
[2026-04-08 20:10:43] [34mINFO[0m [/home/yassineaa/AromaUI/src/core/aroma_node.c:121] __add_child_node: Added child node ID: 106 to parent ID: 105
[2026-04-08 20:10:43] [34mINFO[0m [/home/yassineaa/AromaUI/src/core/aroma_node.c:99] __create_node: Created node ID: 107, type: 1
[2026-04-08 20:10:43] [34mINFO[0m [/home/yassineaa/AromaUI/src/core/aroma_node.c:121] __add_child_node: Added child node ID: 107 to parent ID: 106
[2026-04-08 20:10:43] [34mINFO[0m [/home/yassineaa/AromaUI/src/core/aroma_node.c:99] __create_node: Created node ID: 108, type: 2
[2026-04-08 20:10:43] [34mINFO[0m [/home/yassineaa/AromaUI/src/core/aroma_node.c:121] __add_child_node: Added child node ID: 108 to parent ID: 107
[2026-04-08 20:10:43] [34mINFO[0m [/home/yassineaa/AromaUI/src/core/aroma_node.c:99] __create_node: Created node ID: 109, type: 2
[2026-04-08 20:10:43] [34mINFO[0m [/home/yassineaa/AromaUI/src/core/aroma_node.c:121] __add_child_node: Added child node ID: 109 to parent ID: 107
[2026-04-08 20:10:43] [34mINFO[0m [/home/yassineaa/AromaUI/src/core/aroma_node.c:99] __create_node: Created node ID: 110, type: 2
[2026-04-08 20:10:43] [34mINFO[0m [/home/yassineaa/AromaUI/src/core/aroma_node.c:121] __add_child_node: Added child node ID: 110 to parent ID: 106
[2026-04-08 20:10:43] [34mINFO[0m [/home/yassineaa/AromaUI/src/widgets/aroma_button.c:130] aroma_button_create: Button created: label='Devices', x=0, y=0, w=100, h=40
[2026-04-08 20:10:43] [34mINFO[0m [/home/yassineaa/AromaUI/src/widgets/aroma_button.c:157] aroma_button_set_on_click: Button click callback registered
[2026-04-08 20:10:43] [34mINFO[0m [/home/yassineaa/AromaUI/src/core/aroma_node.c:99] __create_node: Created node ID: 111, type: 1
[2026-04-08 20:10:43] [34mINFO[0m [/home/yassineaa/AromaUI/src/core/aroma_node.c:121] __add_child_node: Added child node ID: 111 to parent ID: 105
[2026-04-08 20:10:43] [34mINFO[0m [/home/yassineaa/AromaUI/src/core/aroma_node.c:99] __create_node: Created node ID: 112, type: 1
[2026-04-08 20:10:43] [34mINFO[0m [/home/yassineaa/AromaUI/src/core/aroma_node.c:121] __add_child_node: Added child node ID: 112 to parent ID: 111
[2026-04-08 20:10:43] [34mINFO[0m [/home/yassineaa/AromaUI/src/core/aroma_node.c:99] __create_node: Created node ID: 113, type: 1
[2026-04-08 20:10:43] [34mINFO[0m [/home/yassineaa/AromaUI/src/core/aroma_node.c:121] __add_child_node: Added child node ID: 113 to parent ID: 111
[2026-04-08 20:10:43] [34mINFO[0m [/home/yassineaa/AromaUI/src/core/aroma_node.c:99] __create_node: Created node ID: 114, type: 2
[2026-04-08 20:10:43] [34mINFO[0m [/home/yassineaa/AromaUI/src/core/aroma_node.c:121] __add_child_node: Added child node ID: 114 to parent ID: 113
[2026-04-08 20:10:43] [34mINFO[0m [/home/yassineaa/AromaUI/src/core/aroma_node.c:99] __create_node: Created node ID: 115, type: 2
[2026-04-08 20:10:43] [34mINFO[0m [/home/yassineaa/AromaUI/src/core/aroma_node.c:121] __add_child_node: Added child node ID: 115 to parent ID: 113
[2026-04-08 20:10:43] [34mINFO[0m [/home/yassineaa/AromaUI/src/core/aroma_node.c:99] __create_node: Created node ID: 116, type: 1
[2026-04-08 20:10:43] [34mINFO[0m [/home/yassineaa/AromaUI/src/core/aroma_node.c:121] __add_child_node: Added child node ID: 116 to parent ID: 105
[2026-04-08 20:10:43] [34mINFO[0m [/home/yassineaa/AromaUI/src/core/aroma_node.c:99] __create_node: Created node ID: 117, type: 1
[2026-04-08 20:10:43] [34mINFO[0m [/home/yassineaa/AromaUI/src/core/aroma_node.c:121] __add_child_node: Added child node ID: 117 to parent ID: 116
[2026-04-08 20:10:43] [34mINFO[0m [/home/yassineaa/AromaUI/src/core/aroma_node.c:99] __create_node: Created node ID: 118, type: 2
[2026-04-08 20:10:43] [34mINFO[0m [/home/yassineaa/AromaUI/src/core/aroma_node.c:121] __add_child_node: Added child node ID: 118 to parent ID: 117
[2026-04-08 20:10:43] [34mINFO[0m [/home/yassineaa/AromaUI/src/core/aroma_node.c:99] __create_node: Created node ID: 119, type: 2
[2026-04-08 20:10:43] [34mINFO[0m [/home/yassineaa/AromaUI/src/core/aroma_node.c:121] __add_child_node: Added child node ID: 119 to parent ID: 117
[2026-04-08 20:10:43] [34mINFO[0m [/home/yassineaa/AromaUI/src/core/aroma_node.c:99] __create_node: Created node ID: 120, type: 2
[2026-04-08 20:10:43] [34mINFO[0m [/home/yassineaa/AromaUI/src/core/aroma_node.c:121] __add_child_node: Added child node ID: 120 to parent ID: 117
[2026-04-08 20:10:43] [34mINFO[0m [/home/yassineaa/AromaUI/src/core/aroma_node.c:99] __create_node: Created node ID: 121, type: 1
[2026-04-08 20:10:43] [34mINFO[0m [/home/yassineaa/AromaUI/src/core/aroma_node.c:121] __add_child_node: Added child node ID: 121 to parent ID: 116
[2026-04-08 20:10:43] [34mINFO[0m [/home/yassineaa/AromaUI/src/core/aroma_node.c:99] __create_node: Created node ID: 122, type: 1
[2026-04-08 20:10:43] [34mINFO[0m [/home/yassineaa/AromaUI/src/core/aroma_node.c:121] __add_child_node: Added child node ID: 122 to parent ID: 121
[2026-04-08 20:10:43] [34mINFO[0m [/home/yassineaa/AromaUI/src/core/aroma_node.c:99] __create_node: Created node ID: 123, type: 2
[2026-04-08 20:10:43] [34mINFO[0m [/home/yassineaa/AromaUI/src/core/aroma_node.c:121] __add_child_node: Added child node ID: 123 to parent ID: 122
[2026-04-08 20:10:43] [34mINFO[0m [/home/yassineaa/AromaUI/src/core/aroma_node.c:99] __create_node: Created node ID: 124, type: 1
[2026-04-08 20:10:43] [34mINFO[0m [/home/yassineaa/AromaUI/src/core/aroma_node.c:121] __add_child_node: Added child node ID: 124 to parent ID: 121
[2026-04-08 20:10:43] [34mINFO[0m [/home/yassineaa/AromaUI/src/core/aroma_node.c:99] __create_node: Created node ID: 125, type: 2
[2026-04-08 20:10:43] [34mINFO[0m [/home/yassineaa/AromaUI/src/core/aroma_node.c:121] __add_child_node: Added child node ID: 125 to parent ID: 124
[2026-04-08 20:10:43] [34mINFO[0m [/home/yassineaa/AromaUI/src/core/aroma_node.c:99] __create_node: Created node ID: 126, type: 2
[2026-04-08 20:10:43] [34mINFO[0m [/home/yassineaa/AromaUI/src/core/aroma_node.c:121] __add_child_node: Added child node ID: 126 to parent ID: 124
[2026-04-08 20:10:43] [34mINFO[0m [/home/yassineaa/AromaUI/src/core/aroma_node.c:99] __create_node: Created node ID: 127, type: 2
[2026-04-08 20:10:43] [34mINFO[0m [/home/yassineaa/AromaUI/src/core/aroma_node.c:121] __add_child_node: Added child node ID: 127 to parent ID: 124
[2026-04-08 20:10:43] [34mINFO[0m [/home/yassineaa/AromaUI/src/core/aroma_node.c:99] __create_node: Created node ID: 128, type: 1
[2026-04-08 20:10:43] [34mINFO[0m [/home/yassineaa/AromaUI/src/core/aroma_node.c:121] __add_child_node: Added child node ID: 128 to parent ID: 121
[2026-04-08 20:10:43] [34mINFO[0m [/home/yassineaa/AromaUI/src/core/aroma_node.c:99] __create_node: Created node ID: 129, type: 2
[2026-04-08 20:10:43] [34mINFO[0m [/home/yassineaa/AromaUI/src/core/aroma_node.c:121] __add_child_node: Added child node ID: 129 to parent ID: 128
[2026-04-08 20:10:43] [34mINFO[0m [/home/yassineaa/AromaUI/src/core/aroma_node.c:99] __create_node: Created node ID: 130, type: 2
[2026-04-08 20:10:43] [34mINFO[0m [/home/yassineaa/AromaUI/src/core/aroma_node.c:121] __add_child_node: Added child node ID: 130 to parent ID: 128
[2026-04-08 20:10:43] [34mINFO[0m [/home/yassineaa/AromaUI/src/core/aroma_node.c:99] __create_node: Created node ID: 131, type: 2
[2026-04-08 20:10:43] [34mINFO[0m [/home/yassineaa/AromaUI/src/core/aroma_node.c:121] __add_child_node: Added child node ID: 131 to parent ID: 1
[2026-04-08 20:10:43] [34mINFO[0m [/home/yassineaa/AromaUI/src/core/aroma_node.c:99] __create_node: Created node ID: 132, type: 1
[2026-04-08 20:10:43] [34mINFO[0m [/home/yassineaa/AromaUI/src/core/aroma_node.c:121] __add_child_node: Added child node ID: 132 to parent ID: 1
[2026-04-08 20:10:43] [34mINFO[0m [/home/yassineaa/AromaUI/src/widgets/aroma_map.c:1160] aroma_map_create: Initializing aroma map with 16 async download threads
[2026-04-08 20:10:43] [34mINFO[0m [/home/yassineaa/AromaUI/src/core/aroma_node.c:99] __create_node: Created node ID: 133, type: 2
[2026-04-08 20:10:43] [34mINFO[0m [/home/yassineaa/AromaUI/src/core/aroma_node.c:121] __add_child_node: Added child node ID: 133 to parent ID: 132
[2026-04-08 20:10:43] [34mINFO[0m [/home/yassineaa/AromaUI/src/core/aroma_node.c:99] __create_node: Created node ID: 134, type: 1
[2026-04-08 20:10:43] [34mINFO[0m [/home/yassineaa/AromaUI/src/core/aroma_node.c:121] __add_child_node: Added child node ID: 134 to parent ID: 132
[2026-04-08 20:10:43] [34mINFO[0m [/home/yassineaa/AromaUI/src/core/aroma_node.c:99] __create_node: Created node ID: 135, type: 2
[2026-04-08 20:10:43] [34mINFO[0m [/home/yassineaa/AromaUI/src/core/aroma_node.c:121] __add_child_node: Added child node ID: 135 to parent ID: 132
[2026-04-08 20:10:43] [34mINFO[0m [/home/yassineaa/AromaUI/src/core/aroma_node.c:99] __create_node: Created node ID: 136, type: 2
[2026-04-08 20:10:43] [34mINFO[0m [/home/yassineaa/AromaUI/src/core/aroma_node.c:121] __add_child_node: Added child node ID: 136 to parent ID: 134
[2026-04-08 20:10:43] [34mINFO[0m [/home/yassineaa/AromaUI/src/core/aroma_node.c:99] __create_node: Created node ID: 137, type: 2
[2026-04-08 20:10:43] [34mINFO[0m [/home/yassineaa/AromaUI/src/core/aroma_node.c:121] __add_child_node: Added child node ID: 137 to parent ID: 134
[2026-04-08 20:10:43] [34mINFO[0m [/home/yassineaa/AromaUI/src/core/aroma_node.c:99] __create_node: Created node ID: 138, type: 1
[2026-04-08 20:10:43] [34mINFO[0m [/home/yassineaa/AromaUI/src/core/aroma_node.c:121] __add_child_node: Added child node ID: 138 to parent ID: 134
[2026-04-08 20:10:43] [34mINFO[0m [/home/yassineaa/AromaUI/src/core/aroma_node.c:99] __create_node: Created node ID: 139, type: 2
[2026-04-08 20:10:43] [34mINFO[0m [/home/yassineaa/AromaUI/src/core/aroma_node.c:121] __add_child_node: Added child node ID: 139 to parent ID: 138
[2026-04-08 20:10:43] [34mINFO[0m [/home/yassineaa/AromaUI/src/core/aroma_node.c:99] __create_node: Created node ID: 140, type: 2
[2026-04-08 20:10:43] [34mINFO[0m [/home/yassineaa/AromaUI/src/core/aroma_node.c:121] __add_child_node: Added child node ID: 140 to parent ID: 132
[2026-04-08 20:10:43] [34mINFO[0m [/home/yassineaa/AromaUI/src/core/aroma_node.c:99] __create_node: Created node ID: 141, type: 2
[2026-04-08 20:10:43] [34mINFO[0m [/home/yassineaa/AromaUI/src/core/aroma_node.c:121] __add_child_node: Added child node ID: 141 to parent ID: 132
[2026-04-08 20:10:43] [34mINFO[0m [/home/yassineaa/AromaUI/src/widgets/aroma_button.c:201] aroma_button_set_colors: Button colors updated
[2026-04-08 20:10:43] [34mINFO[0m [/home/yassineaa/AromaUI/src/widgets/aroma_button.c:201] aroma_button_set_colors: Button colors updated
[2026-04-08 20:10:43] [34mINFO[0m [/home/yassineaa/AromaUI/src/core/aroma_node.c:99] __create_node: Created node ID: 142, type: 1
[2026-04-08 20:10:43] [34mINFO[0m [/home/yassineaa/AromaUI/src/core/aroma_node.c:121] __add_child_node: Added child node ID: 142 to parent ID: 1
[2026-04-08 20:10:43] [34mINFO[0m [/home/yassineaa/AromaUI/src/core/aroma_node.c:99] __create_node: Created node ID: 143, type: 2
[2026-04-08 20:10:43] [34mINFO[0m [/home/yassineaa/AromaUI/src/core/aroma_node.c:121] __add_child_node: Added child node ID: 143 to parent ID: 142
[2026-04-08 20:10:43] [34mINFO[0m [/home/yassineaa/AromaUI/src/core/aroma_node.c:99] __create_node: Created node ID: 144, type: 2
[2026-04-08 20:10:43] [34mINFO[0m [/home/yassineaa/AromaUI/src/core/aroma_node.c:121] __add_child_node: Added child node ID: 144 to parent ID: 142
[2026-04-08 20:10:43] [34mINFO[0m [/home/yassineaa/AromaUI/src/core/aroma_node.c:99] __create_node: Created node ID: 145, type: 2
[2026-04-08 20:10:43] [34mINFO[0m [/home/yassineaa/AromaUI/src/core/aroma_node.c:121] __add_child_node: Added child node ID: 145 to parent ID: 1
[2026-04-08 20:10:43] [34mINFO[0m [/home/yassineaa/AromaUI/src/core/aroma_node.c:99] __create_node: Created node ID: 146, type: 2
[2026-04-08 20:10:43] [34mINFO[0m [/home/yassineaa/AromaUI/src/core/aroma_node.c:121] __add_child_node: Added child node ID: 146 to parent ID: 1
[2026-04-08 20:10:43] [34mINFO[0m [/home/yassineaa/AromaUI/src/core/aroma_node.c:99] __create_node: Created node ID: 147, type: 1
[2026-04-08 20:10:43] [34mINFO[0m [/home/yassineaa/AromaUI/src/core/aroma_node.c:121] __add_child_node: Added child node ID: 147 to parent ID: 146
[2026-04-08 20:10:43] [34mINFO[0m [/home/yassineaa/AromaUI/src/core/aroma_node.c:99] __create_node: Created node ID: 148, type: 2
[2026-04-08 20:10:43] [34mINFO[0m [/home/yassineaa/AromaUI/src/core/aroma_node.c:121] __add_child_node: Added child node ID: 148 to parent ID: 147
[2026-04-08 20:10:43] [34mINFO[0m [/home/yassineaa/AromaUI/src/core/aroma_node.c:99] __create_node: Created node ID: 149, type: 1
[2026-04-08 20:10:43] [34mINFO[0m [/home/yassineaa/AromaUI/src/core/aroma_node.c:121] __add_child_node: Added child node ID: 149 to parent ID: 147
[2026-04-08 20:10:43] [34mINFO[0m [/home/yassineaa/AromaUI/src/core/aroma_node.c:99] __create_node: Created node ID: 150, type: 2
[2026-04-08 20:10:43] [34mINFO[0m [/home/yassineaa/AromaUI/src/core/aroma_node.c:121] __add_child_node: Added child node ID: 150 to parent ID: 149
[2026-04-08 20:10:43] [34mINFO[0m [/home/yassineaa/AromaUI/src/core/aroma_node.c:99] __create_node: Created node ID: 151, type: 2
[2026-04-08 20:10:43] [34mINFO[0m [/home/yassineaa/AromaUI/src/core/aroma_node.c:121] __add_child_node: Added child node ID: 151 to parent ID: 147
[2026-04-08 20:10:43] [34mINFO[0m [/home/yassineaa/AromaUI/src/core/aroma_node.c:99] __create_node: Created node ID: 152, type: 2
[2026-04-08 20:10:43] [34mINFO[0m [/home/yassineaa/AromaUI/src/core/aroma_node.c:121] __add_child_node: Added child node ID: 152 to parent ID: 147
[2026-04-08 20:10:43] [34mINFO[0m [/home/yassineaa/AromaUI/src/widgets/aroma_button.c:130] aroma_button_create: Button created: label='Cancel', x=480, y=1120, w=150, h=50
[2026-04-08 20:10:43] [34mINFO[0m [/home/yassineaa/AromaUI/src/widgets/aroma_button.c:157] aroma_button_set_on_click: Button click callback registered
[2026-04-08 20:10:43] [34mINFO[0m [/home/yassineaa/AromaUI/src/core/aroma_node.c:99] __create_node: Created node ID: 153, type: 2
[2026-04-08 20:10:43] [34mINFO[0m [/home/yassineaa/AromaUI/src/core/aroma_node.c:121] __add_child_node: Added child node ID: 153 to parent ID: 147
[2026-04-08 20:10:43] [34mINFO[0m [/home/yassineaa/AromaUI/src/widgets/aroma_button.c:130] aroma_button_create: Button created: label='Connect', x=650, y=1120, w=150, h=50
[2026-04-08 20:10:43] [34mINFO[0m [/home/yassineaa/AromaUI/src/widgets/aroma_button.c:157] aroma_button_set_on_click: Button click callback registered
[2026-04-08 20:10:43] [34mINFO[0m [/home/yassineaa/AromaUI/src/core/aroma_ui_impl.c:249] aroma_ui_render_impl: Rendering window ID 0
[2026-04-08 20:10:43] [34mINFO[0m [/home/yassineaa/AromaUI/src/widgets/aroma_image.c:82] aroma_image_draw: Skipping image draw - no texture loaded
DEBUG: DRAWING LABEL 'Vehicle Status: All systems normal' AT x=215, y=290 COLOR=00E6E1E5
ERROR (VoskAPI:Model():model.cc:122) Folder '../model' does not contain model files. Make sure you specified the model path properly in Model constructor. If you are not sure about relative path, use absolute path specification.
Failed to load Vosk model
DEBUG: DRAWING LABEL '204' AT x=215, y=400 COLOR=00E6E1E5
DEBUG: DRAWING LABEL 'km' AT x=257, y=410 COLOR=00E6E1E5
DEBUG: DRAWING LABEL 'Remaining' AT x=215, y=430 COLOR=00E6E1E5
DEBUG: DRAWING LABEL '128' AT x=325, y=400 COLOR=00E6E1E5
DEBUG: DRAWING LABEL 'Wh' AT x=367, y=410 COLOR=00E6E1E5
DEBUG: DRAWING LABEL 'Average' AT x=325, y=430 COLOR=00E6E1E5
DEBUG: DRAWING LABEL '35.5' AT x=435, y=400 COLOR=00E6E1E5
DEBUG: DRAWING LABEL 'kWh' AT x=483, y=410 COLOR=00E6E1E5
DEBUG: DRAWING LABEL 'Fuel Capacity' AT x=435, y=430 COLOR=00E6E1E5
DEBUG: DRAWING LABEL 'Speed' AT x=165, y=490 COLOR=00E6E1E5
DEBUG: DRAWING LABEL '88' AT x=165, y=510 COLOR=00E6E1E5
DEBUG: DRAWING LABEL 'km/h' AT x=165, y=630 COLOR=00E6E1E5
DEBUG: DRAWING LABEL 'Gear: Drive' AT x=315, y=510 COLOR=00E6E1E5
DEBUG: DRAWING LABEL 'Adjust AC to your comfort level' AT x=565, y=110 COLOR=00E6E1E5
DEBUG: DRAWING LABEL '23°C' AT x=770, y=150 COLOR=00E6E1E5
[2026-04-08 20:10:43] [34mINFO[0m [/home/yassineaa/AromaUI/src/widgets/aroma_image.c:82] aroma_image_draw: Skipping image draw - no texture loaded
[2026-04-08 20:10:43] [34mINFO[0m [/home/yassineaa/AromaUI/src/widgets/aroma_image.c:82] aroma_image_draw: Skipping image draw - no texture loaded
[2026-04-08 20:10:43] [34mINFO[0m [/home/yassineaa/AromaUI/src/widgets/aroma_image.c:82] aroma_image_draw: Skipping image draw - no texture loaded
DEBUG: DRAWING LABEL 'System Status' AT x=565, y=430 COLOR=00E6E1E5
[2026-04-08 20:10:43] [34mINFO[0m [/home/yassineaa/AromaUI/src/widgets/aroma_image.c:82] aroma_image_draw: Skipping image draw - no texture loaded
[2026-04-08 20:10:43] [34mINFO[0m [/home/yassineaa/AromaUI/src/widgets/aroma_image.c:82] aroma_image_draw: Skipping image draw - no texture loaded
[2026-04-08 20:10:43] [34mINFO[0m [/home/yassineaa/AromaUI/src/widgets/aroma_image.c:82] aroma_image_draw: Skipping image draw - no texture loaded
[2026-04-08 20:10:43] [34mINFO[0m [/home/yassineaa/AromaUI/src/widgets/aroma_image.c:82] aroma_image_draw: Skipping image draw - no texture loaded
[2026-04-08 20:10:43] [34mINFO[0m [/home/yassineaa/AromaUI/src/widgets/aroma_image.c:82] aroma_image_draw: Skipping image draw - no texture loaded
[2026-04-08 20:10:43] [34mINFO[0m [/home/yassineaa/AromaUI/src/widgets/aroma_image.c:82] aroma_image_draw: Skipping image draw - no texture loaded
[2026-04-08 20:10:43] [34mINFO[0m [/home/yassineaa/AromaUI/src/widgets/aroma_image.c:82] aroma_image_draw: Skipping image draw - no texture loaded
[2026-04-08 20:10:43] [34mINFO[0m [/home/yassineaa/AromaUI/src/widgets/aroma_image.c:82] aroma_image_draw: Skipping image draw - no texture loaded
DEBUG: DRAWING LABEL '  ' AT x=360, y=-60 COLOR=00E6E1E5
DEBUG: DRAWING LABEL '12:45 PM' AT x=50, y=30 COLOR=00E6E1E5
DEBUG: DRAWING LABEL 'San Francisco, 68°F' AT x=150, y=30 COLOR=00E6E1E5
DEBUG: DRAWING LABEL 'P' AT x=345, y=548 COLOR=00E6E1E5
DEBUG: DRAWING LABEL 'R' AT x=386, y=548 COLOR=00E6E1E5
DEBUG: DRAWING LABEL 'N' AT x=427, y=548 COLOR=00E6E1E5
DEBUG: DRAWING LABEL 'D' AT x=468, y=548 COLOR=00E6E1E5
[2026-04-08 20:10:43] [34mINFO[0m [/home/yassineaa/AromaUI/src/backends/graphics/utils/aroma_gles3_text.c:100] gles3_text_renderer_load_font: Loaded initial glyphs: 95

[2026-04-08 20:10:43] [34mINFO[0m [/home/yassineaa/AromaUI/src/backends/graphics/aroma_graphics_gles3.c:192] get_or_load_font_renderer: Loaded new font for window 0 (total: 4)
[2026-04-08 20:10:43] [34mINFO[0m [/home/yassineaa/AromaUI/src/backends/graphics/utils/aroma_gles3_text.c:100] gles3_text_renderer_load_font: Loaded initial glyphs: 95

[2026-04-08 20:10:43] [34mINFO[0m [/home/yassineaa/AromaUI/src/backends/graphics/aroma_graphics_gles3.c:192] get_or_load_font_renderer: Loaded new font for window 0 (total: 5)
[2026-04-08 20:10:43] [34mINFO[0m [/home/yassineaa/AromaUI/src/backends/graphics/utils/aroma_gles3_text.c:100] gles3_text_renderer_load_font: Loaded initial glyphs: 95

[2026-04-08 20:10:43] [34mINFO[0m [/home/yassineaa/AromaUI/src/backends/graphics/aroma_graphics_gles3.c:192] get_or_load_font_renderer: Loaded new font for window 0 (total: 6)
[2026-04-08 20:10:43] [34mINFO[0m [/home/yassineaa/AromaUI/src/backends/graphics/utils/aroma_gles3_text.c:100] gles3_text_renderer_load_font: Loaded initial glyphs: 95

[2026-04-08 20:10:43] [34mINFO[0m [/home/yassineaa/AromaUI/src/backends/graphics/aroma_graphics_gles3.c:192] get_or_load_font_renderer: Loaded new font for window 0 (total: 7)
[2026-04-08 20:10:43] [34mINFO[0m [/home/yassineaa/AromaUI/src/widgets/aroma_map.c:441] __map_event_handler: MAP EVENT 16 (Drag: 0, x: 999 y: 0 rx: 0 ry: 0 rw: 1280 rh: 720)
DEBUG: DRAWING LABEL 'Your Library' AT x=345, y=123 COLOR=00E6E1E5
DEBUG: DRAWING LABEL 'Playing from iPhone' AT x=345, y=141 COLOR=00E6E1E5
DEBUG: DRAWING LABEL 'Blinding Lights' AT x=850, y=331 COLOR=00E6E1E5
DEBUG: DRAWING LABEL 'The Weeknd' AT x=850, y=363 COLOR=00E6E1E5
DEBUG: DRAWING LABEL '1:23' AT x=345, y=556 COLOR=00E6E1E5
DEBUG: DRAWING LABEL '3:45' AT x=1281, y=556 COLOR=00E6E1E5
DEBUG: DRAWING LABEL '  ' AT x=360, y=-60 COLOR=00E6E1E5
DEBUG: DRAWING LABEL '12:45 PM' AT x=50, y=30 COLOR=00E6E1E5
DEBUG: DRAWING LABEL 'San Francisco, 68°F' AT x=150, y=30 COLOR=00E6E1E5
[2026-04-08 20:11:02] [34mINFO[0m [/home/yassineaa/AromaUI/src/backends/graphics/utils/aroma_gles3_text.c:100] gles3_text_renderer_load_font: Loaded initial glyphs: 95

[2026-04-08 20:11:02] [34mINFO[0m [/home/yassineaa/AromaUI/src/backends/graphics/aroma_graphics_gles3.c:192] get_or_load_font_renderer: Loaded new font for window 0 (total: 8)
DEBUG: DRAWING LABEL 'Your Library' AT x=308, y=123 COLOR=00E6E1E5
DEBUG: DRAWING LABEL 'Playing from iPhone' AT x=308, y=141 COLOR=00E6E1E5
DEBUG: DRAWING LABEL 'Blinding Lights' AT x=813, y=331 COLOR=00E6E1E5
DEBUG: DRAWING LABEL 'The Weeknd' AT x=813, y=363 COLOR=00E6E1E5
DEBUG: DRAWING LABEL '1:23' AT x=308, y=556 COLOR=00E6E1E5
DEBUG: DRAWING LABEL '3:45' AT x=1244, y=556 COLOR=00E6E1E5
DEBUG: DRAWING LABEL '  ' AT x=360, y=-60 COLOR=00E6E1E5
DEBUG: DRAWING LABEL '12:45 PM' AT x=50, y=30 COLOR=00E6E1E5
DEBUG: DRAWING LABEL 'San Francisco, 68°F' AT x=150, y=30 COLOR=00E6E1E5
DEBUG: DRAWING LABEL 'Your Library' AT x=287, y=123 COLOR=00E6E1E5
DEBUG: DRAWING LABEL 'Playing from iPhone' AT x=287, y=141 COLOR=00E6E1E5
DEBUG: DRAWING LABEL 'Blinding Lights' AT x=792, y=331 COLOR=00E6E1E5
DEBUG: DRAWING LABEL 'The Weeknd' AT x=792, y=363 COLOR=00E6E1E5
DEBUG: DRAWING LABEL '1:23' AT x=287, y=556 COLOR=00E6E1E5
DEBUG: DRAWING LABEL '3:45' AT x=1223, y=556 COLOR=00E6E1E5
DEBUG: DRAWING LABEL '  ' AT x=360, y=-60 COLOR=00E6E1E5
DEBUG: DRAWING LABEL '12:45 PM' AT x=50, y=30 COLOR=00E6E1E5
DEBUG: DRAWING LABEL 'San Francisco, 68°F' AT x=150, y=30 COLOR=00E6E1E5
DEBUG: DRAWING LABEL 'Your Library' AT x=267, y=123 COLOR=00E6E1E5
DEBUG: DRAWING LABEL 'Playing from iPhone' AT x=267, y=141 COLOR=00E6E1E5
DEBUG: DRAWING LABEL 'Blinding Lights' AT x=772, y=331 COLOR=00E6E1E5
DEBUG: DRAWING LABEL 'The Weeknd' AT x=772, y=363 COLOR=00E6E1E5
DEBUG: DRAWING LABEL '1:23' AT x=267, y=556 COLOR=00E6E1E5
DEBUG: DRAWING LABEL '3:45' AT x=1203, y=556 COLOR=00E6E1E5
DEBUG: DRAWING LABEL '  ' AT x=360, y=-60 COLOR=00E6E1E5
DEBUG: DRAWING LABEL '12:45 PM' AT x=50, y=30 COLOR=00E6E1E5
DEBUG: DRAWING LABEL 'San Francisco, 68°F' AT x=150, y=30 COLOR=00E6E1E5
DEBUG: DRAWING LABEL 'Your Library' AT x=249, y=123 COLOR=00E6E1E5
DEBUG: DRAWING LABEL 'Playing from iPhone' AT x=249, y=141 COLOR=00E6E1E5
DEBUG: DRAWING LABEL 'Blinding Lights' AT x=754, y=331 COLOR=00E6E1E5
DEBUG: DRAWING LABEL 'The Weeknd' AT x=754, y=363 COLOR=00E6E1E5
DEBUG: DRAWING LABEL '1:23' AT x=249, y=556 COLOR=00E6E1E5
DEBUG: DRAWING LABEL '3:45' AT x=1185, y=556 COLOR=00E6E1E5
DEBUG: DRAWING LABEL '  ' AT x=360, y=-60 COLOR=00E6E1E5
DEBUG: DRAWING LABEL '12:45 PM' AT x=50, y=30 COLOR=00E6E1E5
DEBUG: DRAWING LABEL 'San Francisco, 68°F' AT x=150, y=30 COLOR=00E6E1E5
DEBUG: DRAWING LABEL 'Your Library' AT x=232, y=123 COLOR=00E6E1E5
DEBUG: DRAWING LABEL 'Playing from iPhone' AT x=232, y=141 COLOR=00E6E1E5
DEBUG: DRAWING LABEL 'Blinding Lights' AT x=737, y=331 COLOR=00E6E1E5
DEBUG: DRAWING LABEL 'The Weeknd' AT x=737, y=363 COLOR=00E6E1E5
DEBUG: DRAWING LABEL '1:23' AT x=232, y=556 COLOR=00E6E1E5
DEBUG: DRAWING LABEL '3:45' AT x=1168, y=556 COLOR=00E6E1E5
DEBUG: DRAWING LABEL '  ' AT x=360, y=-60 COLOR=00E6E1E5
DEBUG: DRAWING LABEL '12:45 PM' AT x=50, y=30 COLOR=00E6E1E5
DEBUG: DRAWING LABEL 'San Francisco, 68°F' AT x=150, y=30 COLOR=00E6E1E5
DEBUG: DRAWING LABEL 'Your Library' AT x=217, y=123 COLOR=00E6E1E5
DEBUG: DRAWING LABEL 'Playing from iPhone' AT x=217, y=141 COLOR=00E6E1E5
DEBUG: DRAWING LABEL 'Blinding Lights' AT x=722, y=331 COLOR=00E6E1E5
DEBUG: DRAWING LABEL 'The Weeknd' AT x=722, y=363 COLOR=00E6E1E5
DEBUG: DRAWING LABEL '1:23' AT x=217, y=556 COLOR=00E6E1E5
DEBUG: DRAWING LABEL '3:45' AT x=1153, y=556 COLOR=00E6E1E5
DEBUG: DRAWING LABEL '  ' AT x=360, y=-60 COLOR=00E6E1E5
DEBUG: DRAWING LABEL '12:45 PM' AT x=50, y=30 COLOR=00E6E1E5
DEBUG: DRAWING LABEL 'San Francisco, 68°F' AT x=150, y=30 COLOR=00E6E1E5
DEBUG: DRAWING LABEL 'Your Library' AT x=203, y=123 COLOR=00E6E1E5
DEBUG: DRAWING LABEL 'Playing from iPhone' AT x=203, y=141 COLOR=00E6E1E5
DEBUG: DRAWING LABEL 'Blinding Lights' AT x=708, y=331 COLOR=00E6E1E5
DEBUG: DRAWING LABEL 'The Weeknd' AT x=708, y=363 COLOR=00E6E1E5
DEBUG: DRAWING LABEL '1:23' AT x=203, y=556 COLOR=00E6E1E5
DEBUG: DRAWING LABEL '3:45' AT x=1139, y=556 COLOR=00E6E1E5
DEBUG: DRAWING LABEL '  ' AT x=360, y=-60 COLOR=00E6E1E5
DEBUG: DRAWING LABEL '12:45 PM' AT x=50, y=30 COLOR=00E6E1E5
DEBUG: DRAWING LABEL 'San Francisco, 68°F' AT x=150, y=30 COLOR=00E6E1E5
DEBUG: DRAWING LABEL 'Your Library' AT x=192, y=123 COLOR=00E6E1E5
DEBUG: DRAWING LABEL 'Playing from iPhone' AT x=192, y=141 COLOR=00E6E1E5
DEBUG: DRAWING LABEL 'Blinding Lights' AT x=697, y=331 COLOR=00E6E1E5
DEBUG: DRAWING LABEL 'The Weeknd' AT x=697, y=363 COLOR=00E6E1E5
DEBUG: DRAWING LABEL '1:23' AT x=192, y=556 COLOR=00E6E1E5
DEBUG: DRAWING LABEL '3:45' AT x=1128, y=556 COLOR=00E6E1E5
DEBUG: DRAWING LABEL '  ' AT x=360, y=-60 COLOR=00E6E1E5
DEBUG: DRAWING LABEL '12:45 PM' AT x=50, y=30 COLOR=00E6E1E5
DEBUG: DRAWING LABEL 'San Francisco, 68°F' AT x=150, y=30 COLOR=00E6E1E5
DEBUG: DRAWING LABEL 'Your Library' AT x=182, y=123 COLOR=00E6E1E5
DEBUG: DRAWING LABEL 'Playing from iPhone' AT x=182, y=141 COLOR=00E6E1E5
DEBUG: DRAWING LABEL 'Blinding Lights' AT x=687, y=331 COLOR=00E6E1E5
DEBUG: DRAWING LABEL 'The Weeknd' AT x=687, y=363 COLOR=00E6E1E5
DEBUG: DRAWING LABEL '1:23' AT x=182, y=556 COLOR=00E6E1E5
DEBUG: DRAWING LABEL '3:45' AT x=1118, y=556 COLOR=00E6E1E5
DEBUG: DRAWING LABEL '  ' AT x=360, y=-60 COLOR=00E6E1E5
DEBUG: DRAWING LABEL '12:45 PM' AT x=50, y=30 COLOR=00E6E1E5
DEBUG: DRAWING LABEL 'San Francisco, 68°F' AT x=150, y=30 COLOR=00E6E1E5
DEBUG: DRAWING LABEL 'Your Library' AT x=174, y=123 COLOR=00E6E1E5
DEBUG: DRAWING LABEL 'Playing from iPhone' AT x=174, y=141 COLOR=00E6E1E5
DEBUG: DRAWING LABEL 'Blinding Lights' AT x=679, y=331 COLOR=00E6E1E5
DEBUG: DRAWING LABEL 'The Weeknd' AT x=679, y=363 COLOR=00E6E1E5
DEBUG: DRAWING LABEL '1:23' AT x=174, y=556 COLOR=00E6E1E5
DEBUG: DRAWING LABEL '3:45' AT x=1110, y=556 COLOR=00E6E1E5
DEBUG: DRAWING LABEL '  ' AT x=360, y=-60 COLOR=00E6E1E5
DEBUG: DRAWING LABEL '12:45 PM' AT x=50, y=30 COLOR=00E6E1E5
DEBUG: DRAWING LABEL 'San Francisco, 68°F' AT x=150, y=30 COLOR=00E6E1E5
DEBUG: DRAWING LABEL 'Your Library' AT x=167, y=123 COLOR=00E6E1E5
DEBUG: DRAWING LABEL 'Playing from iPhone' AT x=167, y=141 COLOR=00E6E1E5
DEBUG: DRAWING LABEL 'Blinding Lights' AT x=672, y=331 COLOR=00E6E1E5
DEBUG: DRAWING LABEL 'The Weeknd' AT x=672, y=363 COLOR=00E6E1E5
DEBUG: DRAWING LABEL '1:23' AT x=167, y=556 COLOR=00E6E1E5
DEBUG: DRAWING LABEL '3:45' AT x=1103, y=556 COLOR=00E6E1E5
DEBUG: DRAWING LABEL '  ' AT x=360, y=-60 COLOR=00E6E1E5
DEBUG: DRAWING LABEL '12:45 PM' AT x=50, y=30 COLOR=00E6E1E5
DEBUG: DRAWING LABEL 'San Francisco, 68°F' AT x=150, y=30 COLOR=00E6E1E5
DEBUG: DRAWING LABEL 'Your Library' AT x=162, y=123 COLOR=00E6E1E5
DEBUG: DRAWING LABEL 'Playing from iPhone' AT x=162, y=141 COLOR=00E6E1E5
DEBUG: DRAWING LABEL 'Blinding Lights' AT x=667, y=331 COLOR=00E6E1E5
DEBUG: DRAWING LABEL 'The Weeknd' AT x=667, y=363 COLOR=00E6E1E5
DEBUG: DRAWING LABEL '1:23' AT x=162, y=556 COLOR=00E6E1E5
DEBUG: DRAWING LABEL '3:45' AT x=1098, y=556 COLOR=00E6E1E5
DEBUG: DRAWING LABEL '  ' AT x=360, y=-60 COLOR=00E6E1E5
DEBUG: DRAWING LABEL '12:45 PM' AT x=50, y=30 COLOR=00E6E1E5
DEBUG: DRAWING LABEL 'San Francisco, 68°F' AT x=150, y=30 COLOR=00E6E1E5
DEBUG: DRAWING LABEL 'Your Library' AT x=157, y=123 COLOR=00E6E1E5
DEBUG: DRAWING LABEL 'Playing from iPhone' AT x=157, y=141 COLOR=00E6E1E5
DEBUG: DRAWING LABEL 'Blinding Lights' AT x=662, y=331 COLOR=00E6E1E5
DEBUG: DRAWING LABEL 'The Weeknd' AT x=662, y=363 COLOR=00E6E1E5
DEBUG: DRAWING LABEL '1:23' AT x=157, y=556 COLOR=00E6E1E5
DEBUG: DRAWING LABEL '3:45' AT x=1093, y=556 COLOR=00E6E1E5
DEBUG: DRAWING LABEL '  ' AT x=360, y=-60 COLOR=00E6E1E5
DEBUG: DRAWING LABEL '12:45 PM' AT x=50, y=30 COLOR=00E6E1E5
DEBUG: DRAWING LABEL 'San Francisco, 68°F' AT x=150, y=30 COLOR=00E6E1E5
DEBUG: DRAWING LABEL 'Your Library' AT x=153, y=123 COLOR=00E6E1E5
DEBUG: DRAWING LABEL 'Playing from iPhone' AT x=153, y=141 COLOR=00E6E1E5
DEBUG: DRAWING LABEL 'Blinding Lights' AT x=658, y=331 COLOR=00E6E1E5
DEBUG: DRAWING LABEL 'The Weeknd' AT x=658, y=363 COLOR=00E6E1E5
DEBUG: DRAWING LABEL '1:23' AT x=153, y=556 COLOR=00E6E1E5
DEBUG: DRAWING LABEL '3:45' AT x=1089, y=556 COLOR=00E6E1E5
DEBUG: DRAWING LABEL '  ' AT x=360, y=-60 COLOR=00E6E1E5
DEBUG: DRAWING LABEL '12:45 PM' AT x=50, y=30 COLOR=00E6E1E5
DEBUG: DRAWING LABEL 'San Francisco, 68°F' AT x=150, y=30 COLOR=00E6E1E5
DEBUG: DRAWING LABEL 'Your Library' AT x=150, y=123 COLOR=00E6E1E5
DEBUG: DRAWING LABEL 'Playing from iPhone' AT x=150, y=141 COLOR=00E6E1E5
DEBUG: DRAWING LABEL 'Blinding Lights' AT x=655, y=331 COLOR=00E6E1E5
DEBUG: DRAWING LABEL 'The Weeknd' AT x=655, y=363 COLOR=00E6E1E5
DEBUG: DRAWING LABEL '1:23' AT x=150, y=556 COLOR=00E6E1E5
DEBUG: DRAWING LABEL '3:45' AT x=1086, y=556 COLOR=00E6E1E5
DEBUG: DRAWING LABEL '  ' AT x=360, y=-60 COLOR=00E6E1E5
DEBUG: DRAWING LABEL '12:45 PM' AT x=50, y=30 COLOR=00E6E1E5
DEBUG: DRAWING LABEL 'San Francisco, 68°F' AT x=150, y=30 COLOR=00E6E1E5
DEBUG: DRAWING LABEL 'Your Library' AT x=148, y=123 COLOR=00E6E1E5
DEBUG: DRAWING LABEL 'Playing from iPhone' AT x=148, y=141 COLOR=00E6E1E5
DEBUG: DRAWING LABEL 'Blinding Lights' AT x=653, y=331 COLOR=00E6E1E5
DEBUG: DRAWING LABEL 'The Weeknd' AT x=653, y=363 COLOR=00E6E1E5
DEBUG: DRAWING LABEL '1:23' AT x=148, y=556 COLOR=00E6E1E5
DEBUG: DRAWING LABEL '3:45' AT x=1084, y=556 COLOR=00E6E1E5
DEBUG: DRAWING LABEL '  ' AT x=360, y=-60 COLOR=00E6E1E5
DEBUG: DRAWING LABEL '12:45 PM' AT x=50, y=30 COLOR=00E6E1E5
DEBUG: DRAWING LABEL 'San Francisco, 68°F' AT x=150, y=30 COLOR=00E6E1E5
DEBUG: DRAWING LABEL 'Your Library' AT x=147, y=123 COLOR=00E6E1E5
DEBUG: DRAWING LABEL 'Playing from iPhone' AT x=147, y=141 COLOR=00E6E1E5
DEBUG: DRAWING LABEL 'Blinding Lights' AT x=652, y=331 COLOR=00E6E1E5
DEBUG: DRAWING LABEL 'The Weeknd' AT x=652, y=363 COLOR=00E6E1E5
DEBUG: DRAWING LABEL '1:23' AT x=147, y=556 COLOR=00E6E1E5
DEBUG: DRAWING LABEL '3:45' AT x=1083, y=556 COLOR=00E6E1E5
DEBUG: DRAWING LABEL '  ' AT x=360, y=-60 COLOR=00E6E1E5
DEBUG: DRAWING LABEL '12:45 PM' AT x=50, y=30 COLOR=00E6E1E5
DEBUG: DRAWING LABEL 'San Francisco, 68°F' AT x=150, y=30 COLOR=00E6E1E5
DEBUG: DRAWING LABEL 'Your Library' AT x=145, y=123 COLOR=00E6E1E5
DEBUG: DRAWING LABEL 'Playing from iPhone' AT x=145, y=141 COLOR=00E6E1E5
DEBUG: DRAWING LABEL 'Blinding Lights' AT x=650, y=331 COLOR=00E6E1E5
DEBUG: DRAWING LABEL 'The Weeknd' AT x=650, y=363 COLOR=00E6E1E5
DEBUG: DRAWING LABEL '1:23' AT x=145, y=556 COLOR=00E6E1E5
DEBUG: DRAWING LABEL '3:45' AT x=1081, y=556 COLOR=00E6E1E5
DEBUG: DRAWING LABEL '  ' AT x=360, y=-60 COLOR=00E6E1E5
DEBUG: DRAWING LABEL '12:45 PM' AT x=50, y=30 COLOR=00E6E1E5
DEBUG: DRAWING LABEL 'San Francisco, 68°F' AT x=150, y=30 COLOR=00E6E1E5
DEBUG: DRAWING LABEL 'Your Library' AT x=145, y=123 COLOR=00E6E1E5
DEBUG: DRAWING LABEL 'Playing from iPhone' AT x=145, y=141 COLOR=00E6E1E5
DEBUG: DRAWING LABEL 'Blinding Lights' AT x=650, y=331 COLOR=00E6E1E5
DEBUG: DRAWING LABEL 'The Weeknd' AT x=650, y=363 COLOR=00E6E1E5
DEBUG: DRAWING LABEL '1:23' AT x=145, y=556 COLOR=00E6E1E5
DEBUG: DRAWING LABEL '3:45' AT x=1081, y=556 COLOR=00E6E1E5
DEBUG: DRAWING LABEL '  ' AT x=360, y=-60 COLOR=00E6E1E5
DEBUG: DRAWING LABEL '12:45 PM' AT x=50, y=30 COLOR=00E6E1E5
DEBUG: DRAWING LABEL 'San Francisco, 68°F' AT x=150, y=30 COLOR=00E6E1E5
DEBUG: DRAWING LABEL 'Your Library' AT x=145, y=123 COLOR=00E6E1E5
DEBUG: DRAWING LABEL 'Playing from iPhone' AT x=145, y=141 COLOR=00E6E1E5
DEBUG: DRAWING LABEL 'Blinding Lights' AT x=650, y=331 COLOR=00E6E1E5
DEBUG: DRAWING LABEL 'The Weeknd' AT x=650, y=363 COLOR=00E6E1E5
DEBUG: DRAWING LABEL '1:23' AT x=145, y=556 COLOR=00E6E1E5
DEBUG: DRAWING LABEL '3:45' AT x=1081, y=556 COLOR=00E6E1E5
DEBUG: DRAWING LABEL '  ' AT x=360, y=-60 COLOR=00E6E1E5
DEBUG: DRAWING LABEL '12:45 PM' AT x=50, y=30 COLOR=00E6E1E5
DEBUG: DRAWING LABEL 'San Francisco, 68°F' AT x=150, y=30 COLOR=00E6E1E5
DEBUG: DRAWING LABEL 'Your Library' AT x=145, y=123 COLOR=00E6E1E5
DEBUG: DRAWING LABEL 'Playing from iPhone' AT x=145, y=141 COLOR=00E6E1E5
DEBUG: DRAWING LABEL 'Blinding Lights' AT x=650, y=331 COLOR=00E6E1E5
DEBUG: DRAWING LABEL 'The Weeknd' AT x=650, y=363 COLOR=00E6E1E5
DEBUG: DRAWING LABEL '1:23' AT x=145, y=556 COLOR=00E6E1E5
DEBUG: DRAWING LABEL '3:45' AT x=1081, y=556 COLOR=00E6E1E5
DEBUG: DRAWING LABEL '  ' AT x=360, y=-60 COLOR=00E6E1E5
DEBUG: DRAWING LABEL '12:45 PM' AT x=50, y=30 COLOR=00E6E1E5
DEBUG: DRAWING LABEL 'San Francisco, 68°F' AT x=150, y=30 COLOR=00E6E1E5
DEBUG: DRAWING LABEL 'Your Library' AT x=145, y=123 COLOR=00E6E1E5
DEBUG: DRAWING LABEL 'Playing from iPhone' AT x=145, y=141 COLOR=00E6E1E5
DEBUG: DRAWING LABEL 'Blinding Lights' AT x=650, y=331 COLOR=00E6E1E5
DEBUG: DRAWING LABEL 'The Weeknd' AT x=650, y=363 COLOR=00E6E1E5
DEBUG: DRAWING LABEL '1:23' AT x=145, y=556 COLOR=00E6E1E5
DEBUG: DRAWING LABEL '3:45' AT x=1081, y=556 COLOR=00E6E1E5
DEBUG: DRAWING LABEL '  ' AT x=360, y=-60 COLOR=00E6E1E5
DEBUG: DRAWING LABEL '12:45 PM' AT x=50, y=30 COLOR=00E6E1E5
DEBUG: DRAWING LABEL 'San Francisco, 68°F' AT x=150, y=30 COLOR=00E6E1E5
[2026-04-08 20:11:04] [34mINFO[0m [/home/yassineaa/AromaUI/src/core/aroma_ui_impl.c:249] aroma_ui_render_impl: Rendering window ID 0
DEBUG: DRAWING LABEL 'Your Library' AT x=145, y=123 COLOR=00E6E1E5
DEBUG: DRAWING LABEL 'Playing from iPhone' AT x=145, y=141 COLOR=00E6E1E5
DEBUG: DRAWING LABEL 'Blinding Lights' AT x=650, y=331 COLOR=00E6E1E5
DEBUG: DRAWING LABEL 'The Weeknd' AT x=650, y=363 COLOR=00E6E1E5
DEBUG: DRAWING LABEL '1:23' AT x=145, y=556 COLOR=00E6E1E5
DEBUG: DRAWING LABEL '3:45' AT x=1081, y=556 COLOR=00E6E1E5
DEBUG: DRAWING LABEL '  ' AT x=360, y=-60 COLOR=00E6E1E5
DEBUG: DRAWING LABEL '12:45 PM' AT x=50, y=30 COLOR=00E6E1E5
DEBUG: DRAWING LABEL 'San Francisco, 68°F' AT x=150, y=30 COLOR=00E6E1E5
[2026-04-08 20:11:05] [34mINFO[0m [/home/yassineaa/AromaUI/src/core/aroma_ui_impl.c:249] aroma_ui_render_impl: Rendering window ID 0
DEBUG: DRAWING LABEL 'Your Library' AT x=145, y=123 COLOR=00E6E1E5
DEBUG: DRAWING LABEL 'Playing from iPhone' AT x=145, y=141 COLOR=00E6E1E5
DEBUG: DRAWING LABEL 'Blinding Lights' AT x=650, y=331 COLOR=00E6E1E5
DEBUG: DRAWING LABEL 'The Weeknd' AT x=650, y=363 COLOR=00E6E1E5
DEBUG: DRAWING LABEL '1:23' AT x=145, y=556 COLOR=00E6E1E5
DEBUG: DRAWING LABEL '3:45' AT x=1081, y=556 COLOR=00E6E1E5
DEBUG: DRAWING LABEL '  ' AT x=360, y=-60 COLOR=00E6E1E5
DEBUG: DRAWING LABEL '12:45 PM' AT x=50, y=30 COLOR=00E6E1E5
DEBUG: DRAWING LABEL 'San Francisco, 68°F' AT x=150, y=30 COLOR=00E6E1E5
[2026-04-08 20:11:05] [34mINFO[0m [/home/yassineaa/AromaUI/src/core/aroma_ui_impl.c:249] aroma_ui_render_impl: Rendering window ID 0
DEBUG: DRAWING LABEL 'Your Library' AT x=145, y=123 COLOR=00E6E1E5
DEBUG: DRAWING LABEL 'Playing from iPhone' AT x=145, y=141 COLOR=00E6E1E5
DEBUG: DRAWING LABEL 'Blinding Lights' AT x=650, y=331 COLOR=00E6E1E5
DEBUG: DRAWING LABEL 'The Weeknd' AT x=650, y=363 COLOR=00E6E1E5
DEBUG: DRAWING LABEL '1:23' AT x=145, y=556 COLOR=00E6E1E5
DEBUG: DRAWING LABEL '3:45' AT x=1081, y=556 COLOR=00E6E1E5
DEBUG: DRAWING LABEL '  ' AT x=360, y=-60 COLOR=00E6E1E5
DEBUG: DRAWING LABEL '12:45 PM' AT x=50, y=30 COLOR=00E6E1E5
DEBUG: DRAWING LABEL 'San Francisco, 68°F' AT x=150, y=30 COLOR=00E6E1E5
[2026-04-08 20:11:05] [34mINFO[0m [/home/yassineaa/AromaUI/src/core/aroma_ui_impl.c:249] aroma_ui_render_impl: Rendering window ID 0
DEBUG: DRAWING LABEL 'Your Library' AT x=145, y=123 COLOR=00E6E1E5
DEBUG: DRAWING LABEL 'Playing from iPhone' AT x=145, y=141 COLOR=00E6E1E5
DEBUG: DRAWING LABEL 'Blinding Lights' AT x=650, y=331 COLOR=00E6E1E5
DEBUG: DRAWING LABEL 'The Weeknd' AT x=650, y=363 COLOR=00E6E1E5
DEBUG: DRAWING LABEL '1:23' AT x=145, y=556 COLOR=00E6E1E5
DEBUG: DRAWING LABEL '3:45' AT x=1081, y=556 COLOR=00E6E1E5
DEBUG: DRAWING LABEL '  ' AT x=360, y=-60 COLOR=00E6E1E5
DEBUG: DRAWING LABEL '12:45 PM' AT x=50, y=30 COLOR=00E6E1E5
DEBUG: DRAWING LABEL 'San Francisco, 68°F' AT x=150, y=30 COLOR=00E6E1E5
[2026-04-08 20:11:05] [34mINFO[0m [/home/yassineaa/AromaUI/src/core/aroma_ui_impl.c:249] aroma_ui_render_impl: Rendering window ID 0
DEBUG: DRAWING LABEL 'Your Library' AT x=145, y=123 COLOR=00E6E1E5
DEBUG: DRAWING LABEL 'Playing from iPhone' AT x=145, y=141 COLOR=00E6E1E5
DEBUG: DRAWING LABEL 'Blinding Lights' AT x=650, y=331 COLOR=00E6E1E5
DEBUG: DRAWING LABEL 'The Weeknd' AT x=650, y=363 COLOR=00E6E1E5
DEBUG: DRAWING LABEL '1:23' AT x=145, y=556 COLOR=00E6E1E5
DEBUG: DRAWING LABEL '3:45' AT x=1081, y=556 COLOR=00E6E1E5
DEBUG: DRAWING LABEL '  ' AT x=360, y=-60 COLOR=00E6E1E5
DEBUG: DRAWING LABEL '12:45 PM' AT x=50, y=30 COLOR=00E6E1E5
DEBUG: DRAWING LABEL 'San Francisco, 68°F' AT x=150, y=30 COLOR=00E6E1E5
[2026-04-08 20:11:05] [34mINFO[0m [/home/yassineaa/AromaUI/src/core/aroma_ui_impl.c:249] aroma_ui_render_impl: Rendering window ID 0
DEBUG: DRAWING LABEL 'Your Library' AT x=145, y=123 COLOR=00E6E1E5
DEBUG: DRAWING LABEL 'Playing from iPhone' AT x=145, y=141 COLOR=00E6E1E5
DEBUG: DRAWING LABEL 'Blinding Lights' AT x=650, y=331 COLOR=00E6E1E5
DEBUG: DRAWING LABEL 'The Weeknd' AT x=650, y=363 COLOR=00E6E1E5
DEBUG: DRAWING LABEL '1:23' AT x=145, y=556 COLOR=00E6E1E5
DEBUG: DRAWING LABEL '3:45' AT x=1081, y=556 COLOR=00E6E1E5
DEBUG: DRAWING LABEL '  ' AT x=360, y=-60 COLOR=00E6E1E5
DEBUG: DRAWING LABEL '12:45 PM' AT x=50, y=30 COLOR=00E6E1E5
DEBUG: DRAWING LABEL 'San Francisco, 68°F' AT x=150, y=30 COLOR=00E6E1E5
[2026-04-08 20:11:05] [34mINFO[0m [/home/yassineaa/AromaUI/src/core/aroma_ui_impl.c:249] aroma_ui_render_impl: Rendering window ID 0
DEBUG: DRAWING LABEL 'Your Library' AT x=145, y=123 COLOR=00E6E1E5
DEBUG: DRAWING LABEL 'Playing from iPhone' AT x=145, y=141 COLOR=00E6E1E5
DEBUG: DRAWING LABEL 'Blinding Lights' AT x=650, y=331 COLOR=00E6E1E5
DEBUG: DRAWING LABEL 'The Weeknd' AT x=650, y=363 COLOR=00E6E1E5
DEBUG: DRAWING LABEL '1:23' AT x=145, y=556 COLOR=00E6E1E5
DEBUG: DRAWING LABEL '3:45' AT x=1081, y=556 COLOR=00E6E1E5
DEBUG: DRAWING LABEL '  ' AT x=360, y=-60 COLOR=00E6E1E5
DEBUG: DRAWING LABEL '12:45 PM' AT x=50, y=30 COLOR=00E6E1E5
DEBUG: DRAWING LABEL 'San Francisco, 68°F' AT x=150, y=30 COLOR=00E6E1E5
[2026-04-08 20:11:05] [34mINFO[0m [/home/yassineaa/AromaUI/src/core/aroma_ui_impl.c:249] aroma_ui_render_impl: Rendering window ID 0
DEBUG: DRAWING LABEL 'Your Library' AT x=145, y=123 COLOR=00E6E1E5
DEBUG: DRAWING LABEL 'Playing from iPhone' AT x=145, y=141 COLOR=00E6E1E5
DEBUG: DRAWING LABEL 'Blinding Lights' AT x=650, y=331 COLOR=00E6E1E5
DEBUG: DRAWING LABEL 'The Weeknd' AT x=650, y=363 COLOR=00E6E1E5
DEBUG: DRAWING LABEL '1:23' AT x=145, y=556 COLOR=00E6E1E5
DEBUG: DRAWING LABEL '3:45' AT x=1081, y=556 COLOR=00E6E1E5
DEBUG: DRAWING LABEL '  ' AT x=360, y=-60 COLOR=00E6E1E5
DEBUG: DRAWING LABEL '12:45 PM' AT x=50, y=30 COLOR=00E6E1E5
DEBUG: DRAWING LABEL 'San Francisco, 68°F' AT x=150, y=30 COLOR=00E6E1E5
[2026-04-08 20:11:05] [34mINFO[0m [/home/yassineaa/AromaUI/src/core/aroma_ui_impl.c:249] aroma_ui_render_impl: Rendering window ID 0
DEBUG: DRAWING LABEL 'Your Library' AT x=145, y=123 COLOR=00E6E1E5
DEBUG: DRAWING LABEL 'Playing from iPhone' AT x=145, y=141 COLOR=00E6E1E5
DEBUG: DRAWING LABEL 'Blinding Lights' AT x=650, y=331 COLOR=00E6E1E5
DEBUG: DRAWING LABEL 'The Weeknd' AT x=650, y=363 COLOR=00E6E1E5
DEBUG: DRAWING LABEL '1:23' AT x=145, y=556 COLOR=00E6E1E5
DEBUG: DRAWING LABEL '3:45' AT x=1081, y=556 COLOR=00E6E1E5
DEBUG: DRAWING LABEL '  ' AT x=360, y=-60 COLOR=00E6E1E5
DEBUG: DRAWING LABEL '12:45 PM' AT x=50, y=30 COLOR=00E6E1E5
DEBUG: DRAWING LABEL 'San Francisco, 68°F' AT x=150, y=30 COLOR=00E6E1E5
[2026-04-08 20:11:06] [34mINFO[0m [/home/yassineaa/AromaUI/src/core/aroma_ui_impl.c:249] aroma_ui_render_impl: Rendering window ID 0
DEBUG: DRAWING LABEL 'Your Library' AT x=145, y=123 COLOR=00E6E1E5
DEBUG: DRAWING LABEL 'Playing from iPhone' AT x=145, y=141 COLOR=00E6E1E5
DEBUG: DRAWING LABEL 'Blinding Lights' AT x=650, y=331 COLOR=00E6E1E5
DEBUG: DRAWING LABEL 'The Weeknd' AT x=650, y=363 COLOR=00E6E1E5
DEBUG: DRAWING LABEL '1:23' AT x=145, y=556 COLOR=00E6E1E5
DEBUG: DRAWING LABEL '3:45' AT x=1081, y=556 COLOR=00E6E1E5
DEBUG: DRAWING LABEL '  ' AT x=360, y=-60 COLOR=00E6E1E5
DEBUG: DRAWING LABEL '12:45 PM' AT x=50, y=30 COLOR=00E6E1E5
DEBUG: DRAWING LABEL 'San Francisco, 68°F' AT x=150, y=30 COLOR=00E6E1E5
[2026-04-08 20:11:06] [34mINFO[0m [/home/yassineaa/AromaUI/src/widgets/aroma_button.c:315] aroma_button_handle_mouse_event: Button clicked: Devices
DEBUG: SHOWING SHEET. child count = 1
DEBUG: CONTAINER child count = 5, is_hidden=0
SHEET ANIM CB CALLED: 800.000000
Anim target_y: 800.000000 | sheet->container_y: 800 | first_child_y: 820
DEBUG: DRAWING LABEL 'Your Library' AT x=145, y=123 COLOR=00E6E1E5
DEBUG: DRAWING LABEL 'Playing from iPhone' AT x=145, y=141 COLOR=00E6E1E5
DEBUG: DRAWING LABEL 'Blinding Lights' AT x=650, y=331 COLOR=00E6E1E5
DEBUG: DRAWING LABEL 'The Weeknd' AT x=650, y=363 COLOR=00E6E1E5
DEBUG: DRAWING LABEL '1:23' AT x=145, y=556 COLOR=00E6E1E5
DEBUG: DRAWING LABEL '3:45' AT x=1081, y=556 COLOR=00E6E1E5
DEBUG: DRAWING LABEL '  ' AT x=360, y=-60 COLOR=00E6E1E5
DEBUG: DRAWING LABEL '12:45 PM' AT x=50, y=30 COLOR=00E6E1E5
DEBUG: DRAWING LABEL 'San Francisco, 68°F' AT x=150, y=30 COLOR=00E6E1E5
SHEET ANIM CB CALLED: 728.711731
Anim target_y: 728.711731 | sheet->container_y: 728 | first_child_y: 748
DEBUG: DRAWING LABEL 'Your Library' AT x=145, y=123 COLOR=00E6E1E5
DEBUG: DRAWING LABEL 'Playing from iPhone' AT x=145, y=141 COLOR=00E6E1E5
DEBUG: DRAWING LABEL 'Blinding Lights' AT x=650, y=331 COLOR=00E6E1E5
DEBUG: DRAWING LABEL 'The Weeknd' AT x=650, y=363 COLOR=00E6E1E5
DEBUG: DRAWING LABEL '1:23' AT x=145, y=556 COLOR=00E6E1E5
DEBUG: DRAWING LABEL '3:45' AT x=1081, y=556 COLOR=00E6E1E5
DEBUG: DRAWING LABEL '  ' AT x=360, y=-60 COLOR=00E6E1E5
DEBUG: DRAWING LABEL '12:45 PM' AT x=50, y=30 COLOR=00E6E1E5
DEBUG: DRAWING LABEL 'San Francisco, 68°F' AT x=150, y=30 COLOR=00E6E1E5
SHEET ANIM CB CALLED: 666.440430
Anim target_y: 666.440430 | sheet->container_y: 666 | first_child_y: 686
DEBUG: DRAWING LABEL 'Your Library' AT x=145, y=123 COLOR=00E6E1E5
DEBUG: DRAWING LABEL 'Playing from iPhone' AT x=145, y=141 COLOR=00E6E1E5
DEBUG: DRAWING LABEL 'Blinding Lights' AT x=650, y=331 COLOR=00E6E1E5
DEBUG: DRAWING LABEL 'The Weeknd' AT x=650, y=363 COLOR=00E6E1E5
DEBUG: DRAWING LABEL '1:23' AT x=145, y=556 COLOR=00E6E1E5
DEBUG: DRAWING LABEL '3:45' AT x=1081, y=556 COLOR=00E6E1E5
DEBUG: DRAWING LABEL '  ' AT x=360, y=-60 COLOR=00E6E1E5
DEBUG: DRAWING LABEL '12:45 PM' AT x=50, y=30 COLOR=00E6E1E5
DEBUG: DRAWING LABEL 'San Francisco, 68°F' AT x=150, y=30 COLOR=00E6E1E5
SHEET ANIM CB CALLED: 612.576416
Anim target_y: 612.576416 | sheet->container_y: 612 | first_child_y: 632
DEBUG: DRAWING LABEL 'Your Library' AT x=145, y=123 COLOR=00E6E1E5
DEBUG: DRAWING LABEL 'Playing from iPhone' AT x=145, y=141 COLOR=00E6E1E5
DEBUG: DRAWING LABEL 'Blinding Lights' AT x=650, y=331 COLOR=00E6E1E5
DEBUG: DRAWING LABEL 'The Weeknd' AT x=650, y=363 COLOR=00E6E1E5
DEBUG: DRAWING LABEL '1:23' AT x=145, y=556 COLOR=00E6E1E5
DEBUG: DRAWING LABEL '3:45' AT x=1081, y=556 COLOR=00E6E1E5
DEBUG: DRAWING LABEL '  ' AT x=360, y=-60 COLOR=00E6E1E5
DEBUG: DRAWING LABEL '12:45 PM' AT x=50, y=30 COLOR=00E6E1E5
DEBUG: DRAWING LABEL 'San Francisco, 68°F' AT x=150, y=30 COLOR=00E6E1E5
SHEET ANIM CB CALLED: 566.510010
Anim target_y: 566.510010 | sheet->container_y: 566 | first_child_y: 586
DEBUG: DRAWING LABEL 'Your Library' AT x=145, y=123 COLOR=00E6E1E5
DEBUG: DRAWING LABEL 'Playing from iPhone' AT x=145, y=141 COLOR=00E6E1E5
DEBUG: DRAWING LABEL 'Blinding Lights' AT x=650, y=331 COLOR=00E6E1E5
DEBUG: DRAWING LABEL 'The Weeknd' AT x=650, y=363 COLOR=00E6E1E5
DEBUG: DRAWING LABEL '1:23' AT x=145, y=556 COLOR=00E6E1E5
DEBUG: DRAWING LABEL '3:45' AT x=1081, y=556 COLOR=00E6E1E5
DEBUG: DRAWING LABEL '  ' AT x=360, y=-60 COLOR=00E6E1E5
DEBUG: DRAWING LABEL '12:45 PM' AT x=50, y=30 COLOR=00E6E1E5
DEBUG: DRAWING LABEL 'San Francisco, 68°F' AT x=150, y=30 COLOR=00E6E1E5
SHEET ANIM CB CALLED: 527.631470
Anim target_y: 527.631470 | sheet->container_y: 527 | first_child_y: 547
DEBUG: DRAWING LABEL 'Your Library' AT x=145, y=123 COLOR=00E6E1E5
DEBUG: DRAWING LABEL 'Playing from iPhone' AT x=145, y=141 COLOR=00E6E1E5
DEBUG: DRAWING LABEL 'Blinding Lights' AT x=650, y=331 COLOR=00E6E1E5
DEBUG: DRAWING LABEL 'The Weeknd' AT x=650, y=363 COLOR=00E6E1E5
DEBUG: DRAWING LABEL '1:23' AT x=145, y=556 COLOR=00E6E1E5
DEBUG: DRAWING LABEL '3:45' AT x=1081, y=556 COLOR=00E6E1E5
DEBUG: DRAWING LABEL '  ' AT x=360, y=-60 COLOR=00E6E1E5
DEBUG: DRAWING LABEL '12:45 PM' AT x=50, y=30 COLOR=00E6E1E5
DEBUG: DRAWING LABEL 'San Francisco, 68°F' AT x=150, y=30 COLOR=00E6E1E5
SHEET ANIM CB CALLED: 493.801849
Anim target_y: 493.801849 | sheet->container_y: 493 | first_child_y: 513
DEBUG: DRAWING LABEL 'Your Library' AT x=145, y=123 COLOR=00E6E1E5
DEBUG: DRAWING LABEL 'Playing from iPhone' AT x=145, y=141 COLOR=00E6E1E5
DEBUG: DRAWING LABEL 'Blinding Lights' AT x=650, y=331 COLOR=00E6E1E5
DEBUG: DRAWING LABEL 'The Weeknd' AT x=650, y=363 COLOR=00E6E1E5
DEBUG: DRAWING LABEL '1:23' AT x=145, y=556 COLOR=00E6E1E5
DEBUG: DRAWING LABEL '3:45' AT x=1081, y=556 COLOR=00E6E1E5
DEBUG: DRAWING LABEL '  ' AT x=360, y=-60 COLOR=00E6E1E5
DEBUG: DRAWING LABEL '12:45 PM' AT x=50, y=30 COLOR=00E6E1E5
DEBUG: DRAWING LABEL 'San Francisco, 68°F' AT x=150, y=30 COLOR=00E6E1E5
SHEET ANIM CB CALLED: 465.347290
Anim target_y: 465.347290 | sheet->container_y: 465 | first_child_y: 485
DEBUG: DRAWING LABEL 'Your Library' AT x=145, y=123 COLOR=00E6E1E5
DEBUG: DRAWING LABEL 'Playing from iPhone' AT x=145, y=141 COLOR=00E6E1E5
DEBUG: DRAWING LABEL 'Blinding Lights' AT x=650, y=331 COLOR=00E6E1E5
DEBUG: DRAWING LABEL 'The Weeknd' AT x=650, y=363 COLOR=00E6E1E5
DEBUG: DRAWING LABEL '1:23' AT x=145, y=556 COLOR=00E6E1E5
DEBUG: DRAWING LABEL '3:45' AT x=1081, y=556 COLOR=00E6E1E5
DEBUG: DRAWING LABEL '  ' AT x=360, y=-60 COLOR=00E6E1E5
DEBUG: DRAWING LABEL '12:45 PM' AT x=50, y=30 COLOR=00E6E1E5
DEBUG: DRAWING LABEL 'San Francisco, 68°F' AT x=150, y=30 COLOR=00E6E1E5
SHEET ANIM CB CALLED: 445.164825
Anim target_y: 445.164825 | sheet->container_y: 445 | first_child_y: 465
DEBUG: DRAWING LABEL 'Your Library' AT x=145, y=123 COLOR=00E6E1E5
DEBUG: DRAWING LABEL 'Playing from iPhone' AT x=145, y=141 COLOR=00E6E1E5
DEBUG: DRAWING LABEL 'Blinding Lights' AT x=650, y=331 COLOR=00E6E1E5
DEBUG: DRAWING LABEL 'The Weeknd' AT x=650, y=363 COLOR=00E6E1E5
DEBUG: DRAWING LABEL '1:23' AT x=145, y=556 COLOR=00E6E1E5
DEBUG: DRAWING LABEL '3:45' AT x=1081, y=556 COLOR=00E6E1E5
DEBUG: DRAWING LABEL '  ' AT x=360, y=-60 COLOR=00E6E1E5
DEBUG: DRAWING LABEL '12:45 PM' AT x=50, y=30 COLOR=00E6E1E5
DEBUG: DRAWING LABEL 'San Francisco, 68°F' AT x=150, y=30 COLOR=00E6E1E5
SHEET ANIM CB CALLED: 429.635193
Anim target_y: 429.635193 | sheet->container_y: 429 | first_child_y: 449
DEBUG: DRAWING LABEL 'Your Library' AT x=145, y=123 COLOR=00E6E1E5
DEBUG: DRAWING LABEL 'Playing from iPhone' AT x=145, y=141 COLOR=00E6E1E5
DEBUG: DRAWING LABEL 'Blinding Lights' AT x=650, y=331 COLOR=00E6E1E5
DEBUG: DRAWING LABEL 'The Weeknd' AT x=650, y=363 COLOR=00E6E1E5
DEBUG: DRAWING LABEL '1:23' AT x=145, y=556 COLOR=00E6E1E5
DEBUG: DRAWING LABEL '3:45' AT x=1081, y=556 COLOR=00E6E1E5
DEBUG: DRAWING LABEL '  ' AT x=360, y=-60 COLOR=00E6E1E5
DEBUG: DRAWING LABEL '12:45 PM' AT x=50, y=30 COLOR=00E6E1E5
DEBUG: DRAWING LABEL 'San Francisco, 68°F' AT x=150, y=30 COLOR=00E6E1E5
SHEET ANIM CB CALLED: 417.644684
Anim target_y: 417.644684 | sheet->container_y: 417 | first_child_y: 437
DEBUG: DRAWING LABEL 'Your Library' AT x=145, y=123 COLOR=00E6E1E5
DEBUG: DRAWING LABEL 'Playing from iPhone' AT x=145, y=141 COLOR=00E6E1E5
DEBUG: DRAWING LABEL 'Blinding Lights' AT x=650, y=331 COLOR=00E6E1E5
DEBUG: DRAWING LABEL 'The Weeknd' AT x=650, y=363 COLOR=00E6E1E5
DEBUG: DRAWING LABEL '1:23' AT x=145, y=556 COLOR=00E6E1E5
DEBUG: DRAWING LABEL '3:45' AT x=1081, y=556 COLOR=00E6E1E5
DEBUG: DRAWING LABEL '  ' AT x=360, y=-60 COLOR=00E6E1E5
DEBUG: DRAWING LABEL '12:45 PM' AT x=50, y=30 COLOR=00E6E1E5
DEBUG: DRAWING LABEL 'San Francisco, 68°F' AT x=150, y=30 COLOR=00E6E1E5
SHEET ANIM CB CALLED: 409.098145
Anim target_y: 409.098145 | sheet->container_y: 409 | first_child_y: 429
DEBUG: DRAWING LABEL 'Your Library' AT x=145, y=123 COLOR=00E6E1E5
DEBUG: DRAWING LABEL 'Playing from iPhone' AT x=145, y=141 COLOR=00E6E1E5
DEBUG: DRAWING LABEL 'Blinding Lights' AT x=650, y=331 COLOR=00E6E1E5
DEBUG: DRAWING LABEL 'The Weeknd' AT x=650, y=363 COLOR=00E6E1E5
DEBUG: DRAWING LABEL '1:23' AT x=145, y=556 COLOR=00E6E1E5
DEBUG: DRAWING LABEL '3:45' AT x=1081, y=556 COLOR=00E6E1E5
DEBUG: DRAWING LABEL '  ' AT x=360, y=-60 COLOR=00E6E1E5
DEBUG: DRAWING LABEL '12:45 PM' AT x=50, y=30 COLOR=00E6E1E5
DEBUG: DRAWING LABEL 'San Francisco, 68°F' AT x=150, y=30 COLOR=00E6E1E5
SHEET ANIM CB CALLED: 404.259216
Anim target_y: 404.259216 | sheet->container_y: 404 | first_child_y: 424
DEBUG: DRAWING LABEL 'Your Library' AT x=145, y=123 COLOR=00E6E1E5
DEBUG: DRAWING LABEL 'Playing from iPhone' AT x=145, y=141 COLOR=00E6E1E5
DEBUG: DRAWING LABEL 'Blinding Lights' AT x=650, y=331 COLOR=00E6E1E5
DEBUG: DRAWING LABEL 'The Weeknd' AT x=650, y=363 COLOR=00E6E1E5
DEBUG: DRAWING LABEL '1:23' AT x=145, y=556 COLOR=00E6E1E5
DEBUG: DRAWING LABEL '3:45' AT x=1081, y=556 COLOR=00E6E1E5
DEBUG: DRAWING LABEL '  ' AT x=360, y=-60 COLOR=00E6E1E5
DEBUG: DRAWING LABEL '12:45 PM' AT x=50, y=30 COLOR=00E6E1E5
DEBUG: DRAWING LABEL 'San Francisco, 68°F' AT x=150, y=30 COLOR=00E6E1E5
SHEET ANIM CB CALLED: 401.442017
Anim target_y: 401.442017 | sheet->container_y: 401 | first_child_y: 421
DEBUG: DRAWING LABEL 'Your Library' AT x=145, y=123 COLOR=00E6E1E5
DEBUG: DRAWING LABEL 'Playing from iPhone' AT x=145, y=141 COLOR=00E6E1E5
DEBUG: DRAWING LABEL 'Blinding Lights' AT x=650, y=331 COLOR=00E6E1E5
DEBUG: DRAWING LABEL 'The Weeknd' AT x=650, y=363 COLOR=00E6E1E5
DEBUG: DRAWING LABEL '1:23' AT x=145, y=556 COLOR=00E6E1E5
DEBUG: DRAWING LABEL '3:45' AT x=1081, y=556 COLOR=00E6E1E5
DEBUG: DRAWING LABEL '  ' AT x=360, y=-60 COLOR=00E6E1E5
DEBUG: DRAWING LABEL '12:45 PM' AT x=50, y=30 COLOR=00E6E1E5
DEBUG: DRAWING LABEL 'San Francisco, 68°F' AT x=150, y=30 COLOR=00E6E1E5
SHEET ANIM CB CALLED: 400.325195
Anim target_y: 400.325195 | sheet->container_y: 400 | first_child_y: 420
DEBUG: DRAWING LABEL 'Your Library' AT x=145, y=123 COLOR=00E6E1E5
DEBUG: DRAWING LABEL 'Playing from iPhone' AT x=145, y=141 COLOR=00E6E1E5
DEBUG: DRAWING LABEL 'Blinding Lights' AT x=650, y=331 COLOR=00E6E1E5
DEBUG: DRAWING LABEL 'The Weeknd' AT x=650, y=363 COLOR=00E6E1E5
DEBUG: DRAWING LABEL '1:23' AT x=145, y=556 COLOR=00E6E1E5
DEBUG: DRAWING LABEL '3:45' AT x=1081, y=556 COLOR=00E6E1E5
DEBUG: DRAWING LABEL '  ' AT x=360, y=-60 COLOR=00E6E1E5
DEBUG: DRAWING LABEL '12:45 PM' AT x=50, y=30 COLOR=00E6E1E5
DEBUG: DRAWING LABEL 'San Francisco, 68°F' AT x=150, y=30 COLOR=00E6E1E5
SHEET ANIM CB CALLED: 400.010803
Anim target_y: 400.010803 | sheet->container_y: 400 | first_child_y: 420
DEBUG: DRAWING LABEL 'Your Library' AT x=145, y=123 COLOR=00E6E1E5
DEBUG: DRAWING LABEL 'Playing from iPhone' AT x=145, y=141 COLOR=00E6E1E5
DEBUG: DRAWING LABEL 'Blinding Lights' AT x=650, y=331 COLOR=00E6E1E5
DEBUG: DRAWING LABEL 'The Weeknd' AT x=650, y=363 COLOR=00E6E1E5
DEBUG: DRAWING LABEL '1:23' AT x=145, y=556 COLOR=00E6E1E5
DEBUG: DRAWING LABEL '3:45' AT x=1081, y=556 COLOR=00E6E1E5
DEBUG: DRAWING LABEL '  ' AT x=360, y=-60 COLOR=00E6E1E5
DEBUG: DRAWING LABEL '12:45 PM' AT x=50, y=30 COLOR=00E6E1E5
DEBUG: DRAWING LABEL 'San Francisco, 68°F' AT x=150, y=30 COLOR=00E6E1E5
SHEET ANIM CB CALLED: 400.000000
Anim target_y: 400.000000 | sheet->container_y: 400 | first_child_y: 420
DEBUG: DRAWING LABEL 'Your Library' AT x=145, y=123 COLOR=00E6E1E5
DEBUG: DRAWING LABEL 'Playing from iPhone' AT x=145, y=141 COLOR=00E6E1E5
DEBUG: DRAWING LABEL 'Blinding Lights' AT x=650, y=331 COLOR=00E6E1E5
DEBUG: DRAWING LABEL 'The Weeknd' AT x=650, y=363 COLOR=00E6E1E5
DEBUG: DRAWING LABEL '1:23' AT x=145, y=556 COLOR=00E6E1E5
DEBUG: DRAWING LABEL '3:45' AT x=1081, y=556 COLOR=00E6E1E5
DEBUG: DRAWING LABEL '  ' AT x=360, y=-60 COLOR=00E6E1E5
DEBUG: DRAWING LABEL '12:45 PM' AT x=50, y=30 COLOR=00E6E1E5
DEBUG: DRAWING LABEL 'San Francisco, 68°F' AT x=150, y=30 COLOR=00E6E1E5
SHEET ANIM CB CALLED: 407.000000
Anim target_y: 407.000000 | sheet->container_y: 407 | first_child_y: 427
[2026-04-08 20:11:07] [34mINFO[0m [/home/yassineaa/AromaUI/src/core/aroma_ui_impl.c:249] aroma_ui_render_impl: Rendering window ID 0
DEBUG: DRAWING LABEL 'Your Library' AT x=145, y=123 COLOR=00E6E1E5
DEBUG: DRAWING LABEL 'Playing from iPhone' AT x=145, y=141 COLOR=00E6E1E5
DEBUG: DRAWING LABEL 'Blinding Lights' AT x=650, y=331 COLOR=00E6E1E5
DEBUG: DRAWING LABEL 'The Weeknd' AT x=650, y=363 COLOR=00E6E1E5
DEBUG: DRAWING LABEL '1:23' AT x=145, y=556 COLOR=00E6E1E5
DEBUG: DRAWING LABEL '3:45' AT x=1081, y=556 COLOR=00E6E1E5
DEBUG: DRAWING LABEL '  ' AT x=360, y=-60 COLOR=00E6E1E5
DEBUG: DRAWING LABEL '12:45 PM' AT x=50, y=30 COLOR=00E6E1E5
DEBUG: DRAWING LABEL 'San Francisco, 68°F' AT x=150, y=30 COLOR=00E6E1E5
SHEET ANIM CB CALLED: 415.000000
Anim target_y: 415.000000 | sheet->container_y: 415 | first_child_y: 435
SHEET ANIM CB CALLED: 425.000000
Anim target_y: 425.000000 | sheet->container_y: 425 | first_child_y: 445
SHEET ANIM CB CALLED: 435.000000
Anim target_y: 435.000000 | sheet->container_y: 435 | first_child_y: 455
[2026-04-08 20:11:07] [34mINFO[0m [/home/yassineaa/AromaUI/src/core/aroma_ui_impl.c:249] aroma_ui_render_impl: Rendering window ID 0
DEBUG: DRAWING LABEL 'Your Library' AT x=145, y=123 COLOR=00E6E1E5
DEBUG: DRAWING LABEL 'Playing from iPhone' AT x=145, y=141 COLOR=00E6E1E5
DEBUG: DRAWING LABEL 'Blinding Lights' AT x=650, y=331 COLOR=00E6E1E5
DEBUG: DRAWING LABEL 'The Weeknd' AT x=650, y=363 COLOR=00E6E1E5
DEBUG: DRAWING LABEL '1:23' AT x=145, y=556 COLOR=00E6E1E5
DEBUG: DRAWING LABEL '3:45' AT x=1081, y=556 COLOR=00E6E1E5
DEBUG: DRAWING LABEL '  ' AT x=360, y=-60 COLOR=00E6E1E5
DEBUG: DRAWING LABEL '12:45 PM' AT x=50, y=30 COLOR=00E6E1E5
DEBUG: DRAWING LABEL 'San Francisco, 68°F' AT x=150, y=30 COLOR=00E6E1E5
SHEET ANIM CB CALLED: 447.000000
Anim target_y: 447.000000 | sheet->container_y: 447 | first_child_y: 467
SHEET ANIM CB CALLED: 459.000000
Anim target_y: 459.000000 | sheet->container_y: 459 | first_child_y: 479
SHEET ANIM CB CALLED: 470.000000
Anim target_y: 470.000000 | sheet->container_y: 470 | first_child_y: 490
[2026-04-08 20:11:07] [34mINFO[0m [/home/yassineaa/AromaUI/src/core/aroma_ui_impl.c:249] aroma_ui_render_impl: Rendering window ID 0
DEBUG: DRAWING LABEL 'Your Library' AT x=145, y=123 COLOR=00E6E1E5
DEBUG: DRAWING LABEL 'Playing from iPhone' AT x=145, y=141 COLOR=00E6E1E5
DEBUG: DRAWING LABEL 'Blinding Lights' AT x=650, y=331 COLOR=00E6E1E5
DEBUG: DRAWING LABEL 'The Weeknd' AT x=650, y=363 COLOR=00E6E1E5
DEBUG: DRAWING LABEL '1:23' AT x=145, y=556 COLOR=00E6E1E5
DEBUG: DRAWING LABEL '3:45' AT x=1081, y=556 COLOR=00E6E1E5
DEBUG: DRAWING LABEL '  ' AT x=360, y=-60 COLOR=00E6E1E5
DEBUG: DRAWING LABEL '12:45 PM' AT x=50, y=30 COLOR=00E6E1E5
DEBUG: DRAWING LABEL 'San Francisco, 68°F' AT x=150, y=30 COLOR=00E6E1E5
SHEET ANIM CB CALLED: 480.000000
Anim target_y: 480.000000 | sheet->container_y: 480 | first_child_y: 500
SHEET ANIM CB CALLED: 490.000000
Anim target_y: 490.000000 | sheet->container_y: 490 | first_child_y: 510
SHEET ANIM CB CALLED: 500.000000
Anim target_y: 500.000000 | sheet->container_y: 500 | first_child_y: 520
[2026-04-08 20:11:07] [34mINFO[0m [/home/yassineaa/AromaUI/src/core/aroma_ui_impl.c:249] aroma_ui_render_impl: Rendering window ID 0
DEBUG: DRAWING LABEL 'Your Library' AT x=145, y=123 COLOR=00E6E1E5
DEBUG: DRAWING LABEL 'Playing from iPhone' AT x=145, y=141 COLOR=00E6E1E5
DEBUG: DRAWING LABEL 'Blinding Lights' AT x=650, y=331 COLOR=00E6E1E5
DEBUG: DRAWING LABEL 'The Weeknd' AT x=650, y=363 COLOR=00E6E1E5
DEBUG: DRAWING LABEL '1:23' AT x=145, y=556 COLOR=00E6E1E5
DEBUG: DRAWING LABEL '3:45' AT x=1081, y=556 COLOR=00E6E1E5
DEBUG: DRAWING LABEL '  ' AT x=360, y=-60 COLOR=00E6E1E5
DEBUG: DRAWING LABEL '12:45 PM' AT x=50, y=30 COLOR=00E6E1E5
DEBUG: DRAWING LABEL 'San Francisco, 68°F' AT x=150, y=30 COLOR=00E6E1E5
SHEET ANIM CB CALLED: 510.000000
Anim target_y: 510.000000 | sheet->container_y: 510 | first_child_y: 530
SHEET ANIM CB CALLED: 519.000000
Anim target_y: 519.000000 | sheet->container_y: 519 | first_child_y: 539
[2026-04-08 20:11:07] [34mINFO[0m [/home/yassineaa/AromaUI/src/core/aroma_ui_impl.c:249] aroma_ui_render_impl: Rendering window ID 0
DEBUG: DRAWING LABEL 'Your Library' AT x=145, y=123 COLOR=00E6E1E5
DEBUG: DRAWING LABEL 'Playing from iPhone' AT x=145, y=141 COLOR=00E6E1E5
DEBUG: DRAWING LABEL 'Blinding Lights' AT x=650, y=331 COLOR=00E6E1E5
DEBUG: DRAWING LABEL 'The Weeknd' AT x=650, y=363 COLOR=00E6E1E5
DEBUG: DRAWING LABEL '1:23' AT x=145, y=556 COLOR=00E6E1E5
DEBUG: DRAWING LABEL '3:45' AT x=1081, y=556 COLOR=00E6E1E5
DEBUG: DRAWING LABEL '  ' AT x=360, y=-60 COLOR=00E6E1E5
DEBUG: DRAWING LABEL '12:45 PM' AT x=50, y=30 COLOR=00E6E1E5
DEBUG: DRAWING LABEL 'San Francisco, 68°F' AT x=150, y=30 COLOR=00E6E1E5
SHEET ANIM CB CALLED: 527.000000
Anim target_y: 527.000000 | sheet->container_y: 527 | first_child_y: 547
SHEET ANIM CB CALLED: 534.000000
Anim target_y: 534.000000 | sheet->container_y: 534 | first_child_y: 554
SHEET ANIM CB CALLED: 541.000000
Anim target_y: 541.000000 | sheet->container_y: 541 | first_child_y: 561
[2026-04-08 20:11:07] [34mINFO[0m [/home/yassineaa/AromaUI/src/core/aroma_ui_impl.c:249] aroma_ui_render_impl: Rendering window ID 0
DEBUG: DRAWING LABEL 'Your Library' AT x=145, y=123 COLOR=00E6E1E5
DEBUG: DRAWING LABEL 'Playing from iPhone' AT x=145, y=141 COLOR=00E6E1E5
DEBUG: DRAWING LABEL 'Blinding Lights' AT x=650, y=331 COLOR=00E6E1E5
DEBUG: DRAWING LABEL 'The Weeknd' AT x=650, y=363 COLOR=00E6E1E5
DEBUG: DRAWING LABEL '1:23' AT x=145, y=556 COLOR=00E6E1E5
DEBUG: DRAWING LABEL '3:45' AT x=1081, y=556 COLOR=00E6E1E5
DEBUG: DRAWING LABEL '  ' AT x=360, y=-60 COLOR=00E6E1E5
DEBUG: DRAWING LABEL '12:45 PM' AT x=50, y=30 COLOR=00E6E1E5
DEBUG: DRAWING LABEL 'San Francisco, 68°F' AT x=150, y=30 COLOR=00E6E1E5
SHEET ANIM CB CALLED: 548.000000
Anim target_y: 548.000000 | sheet->container_y: 548 | first_child_y: 568
SHEET ANIM CB CALLED: 555.000000
Anim target_y: 555.000000 | sheet->container_y: 555 | first_child_y: 575
SHEET ANIM CB CALLED: 562.000000
Anim target_y: 562.000000 | sheet->container_y: 562 | first_child_y: 582
[2026-04-08 20:11:07] [34mINFO[0m [/home/yassineaa/AromaUI/src/core/aroma_ui_impl.c:249] aroma_ui_render_impl: Rendering window ID 0
DEBUG: DRAWING LABEL 'Your Library' AT x=145, y=123 COLOR=00E6E1E5
DEBUG: DRAWING LABEL 'Playing from iPhone' AT x=145, y=141 COLOR=00E6E1E5
DEBUG: DRAWING LABEL 'Blinding Lights' AT x=650, y=331 COLOR=00E6E1E5
DEBUG: DRAWING LABEL 'The Weeknd' AT x=650, y=363 COLOR=00E6E1E5
DEBUG: DRAWING LABEL '1:23' AT x=145, y=556 COLOR=00E6E1E5
DEBUG: DRAWING LABEL '3:45' AT x=1081, y=556 COLOR=00E6E1E5
DEBUG: DRAWING LABEL '  ' AT x=360, y=-60 COLOR=00E6E1E5
DEBUG: DRAWING LABEL '12:45 PM' AT x=50, y=30 COLOR=00E6E1E5
DEBUG: DRAWING LABEL 'San Francisco, 68°F' AT x=150, y=30 COLOR=00E6E1E5
SHEET ANIM CB CALLED: 567.000000
Anim target_y: 567.000000 | sheet->container_y: 567 | first_child_y: 587
SHEET ANIM CB CALLED: 573.000000
Anim target_y: 573.000000 | sheet->container_y: 573 | first_child_y: 593
SHEET ANIM CB CALLED: 577.000000
Anim target_y: 577.000000 | sheet->container_y: 577 | first_child_y: 597
[2026-04-08 20:11:07] [34mINFO[0m [/home/yassineaa/AromaUI/src/core/aroma_ui_impl.c:249] aroma_ui_render_impl: Rendering window ID 0
DEBUG: DRAWING LABEL 'Your Library' AT x=145, y=123 COLOR=00E6E1E5
DEBUG: DRAWING LABEL 'Playing from iPhone' AT x=145, y=141 COLOR=00E6E1E5
DEBUG: DRAWING LABEL 'Blinding Lights' AT x=650, y=331 COLOR=00E6E1E5
DEBUG: DRAWING LABEL 'The Weeknd' AT x=650, y=363 COLOR=00E6E1E5
DEBUG: DRAWING LABEL '1:23' AT x=145, y=556 COLOR=00E6E1E5
DEBUG: DRAWING LABEL '3:45' AT x=1081, y=556 COLOR=00E6E1E5
DEBUG: DRAWING LABEL '  ' AT x=360, y=-60 COLOR=00E6E1E5
DEBUG: DRAWING LABEL '12:45 PM' AT x=50, y=30 COLOR=00E6E1E5
DEBUG: DRAWING LABEL 'San Francisco, 68°F' AT x=150, y=30 COLOR=00E6E1E5
SHEET ANIM CB CALLED: 582.000000
Anim target_y: 582.000000 | sheet->container_y: 582 | first_child_y: 602
SHEET ANIM CB CALLED: 587.000000
Anim target_y: 587.000000 | sheet->container_y: 587 | first_child_y: 607
SHEET ANIM CB CALLED: 592.000000
Anim target_y: 592.000000 | sheet->container_y: 592 | first_child_y: 612
[2026-04-08 20:11:07] [34mINFO[0m [/home/yassineaa/AromaUI/src/core/aroma_ui_impl.c:249] aroma_ui_render_impl: Rendering window ID 0
DEBUG: DRAWING LABEL 'Your Library' AT x=145, y=123 COLOR=00E6E1E5
DEBUG: DRAWING LABEL 'Playing from iPhone' AT x=145, y=141 COLOR=00E6E1E5
DEBUG: DRAWING LABEL 'Blinding Lights' AT x=650, y=331 COLOR=00E6E1E5
DEBUG: DRAWING LABEL 'The Weeknd' AT x=650, y=363 COLOR=00E6E1E5
DEBUG: DRAWING LABEL '1:23' AT x=145, y=556 COLOR=00E6E1E5
DEBUG: DRAWING LABEL '3:45' AT x=1081, y=556 COLOR=00E6E1E5
DEBUG: DRAWING LABEL '  ' AT x=360, y=-60 COLOR=00E6E1E5
DEBUG: DRAWING LABEL '12:45 PM' AT x=50, y=30 COLOR=00E6E1E5
DEBUG: DRAWING LABEL 'San Francisco, 68°F' AT x=150, y=30 COLOR=00E6E1E5
SHEET ANIM CB CALLED: 596.000000
Anim target_y: 596.000000 | sheet->container_y: 596 | first_child_y: 616
SHEET ANIM CB CALLED: 600.000000
Anim target_y: 600.000000 | sheet->container_y: 600 | first_child_y: 620
SHEET ANIM CB CALLED: 604.000000
Anim target_y: 604.000000 | sheet->container_y: 604 | first_child_y: 624
[2026-04-08 20:11:07] [34mINFO[0m [/home/yassineaa/AromaUI/src/core/aroma_ui_impl.c:249] aroma_ui_render_impl: Rendering window ID 0
DEBUG: DRAWING LABEL 'Your Library' AT x=145, y=123 COLOR=00E6E1E5
DEBUG: DRAWING LABEL 'Playing from iPhone' AT x=145, y=141 COLOR=00E6E1E5
DEBUG: DRAWING LABEL 'Blinding Lights' AT x=650, y=331 COLOR=00E6E1E5
DEBUG: DRAWING LABEL 'The Weeknd' AT x=650, y=363 COLOR=00E6E1E5
DEBUG: DRAWING LABEL '1:23' AT x=145, y=556 COLOR=00E6E1E5
DEBUG: DRAWING LABEL '3:45' AT x=1081, y=556 COLOR=00E6E1E5
DEBUG: DRAWING LABEL '  ' AT x=360, y=-60 COLOR=00E6E1E5
DEBUG: DRAWING LABEL '12:45 PM' AT x=50, y=30 COLOR=00E6E1E5
DEBUG: DRAWING LABEL 'San Francisco, 68°F' AT x=150, y=30 COLOR=00E6E1E5
SHEET ANIM CB CALLED: 607.000000
Anim target_y: 607.000000 | sheet->container_y: 607 | first_child_y: 627
SHEET ANIM CB CALLED: 611.000000
Anim target_y: 611.000000 | sheet->container_y: 611 | first_child_y: 631
[2026-04-08 20:11:07] [34mINFO[0m [/home/yassineaa/AromaUI/src/core/aroma_ui_impl.c:249] aroma_ui_render_impl: Rendering window ID 0
DEBUG: DRAWING LABEL 'Your Library' AT x=145, y=123 COLOR=00E6E1E5
DEBUG: DRAWING LABEL 'Playing from iPhone' AT x=145, y=141 COLOR=00E6E1E5
DEBUG: DRAWING LABEL 'Blinding Lights' AT x=650, y=331 COLOR=00E6E1E5
DEBUG: DRAWING LABEL 'The Weeknd' AT x=650, y=363 COLOR=00E6E1E5
DEBUG: DRAWING LABEL '1:23' AT x=145, y=556 COLOR=00E6E1E5
DEBUG: DRAWING LABEL '3:45' AT x=1081, y=556 COLOR=00E6E1E5
DEBUG: DRAWING LABEL '  ' AT x=360, y=-60 COLOR=00E6E1E5
DEBUG: DRAWING LABEL '12:45 PM' AT x=50, y=30 COLOR=00E6E1E5
DEBUG: DRAWING LABEL 'San Francisco, 68°F' AT x=150, y=30 COLOR=00E6E1E5
SHEET ANIM CB CALLED: 614.000000
Anim target_y: 614.000000 | sheet->container_y: 614 | first_child_y: 634
SHEET ANIM CB CALLED: 616.000000
Anim target_y: 616.000000 | sheet->container_y: 616 | first_child_y: 636
SHEET ANIM CB CALLED: 618.000000
Anim target_y: 618.000000 | sheet->container_y: 618 | first_child_y: 638
[2026-04-08 20:11:07] [34mINFO[0m [/home/yassineaa/AromaUI/src/core/aroma_ui_impl.c:249] aroma_ui_render_impl: Rendering window ID 0
DEBUG: DRAWING LABEL 'Your Library' AT x=145, y=123 COLOR=00E6E1E5
DEBUG: DRAWING LABEL 'Playing from iPhone' AT x=145, y=141 COLOR=00E6E1E5
DEBUG: DRAWING LABEL 'Blinding Lights' AT x=650, y=331 COLOR=00E6E1E5
DEBUG: DRAWING LABEL 'The Weeknd' AT x=650, y=363 COLOR=00E6E1E5
DEBUG: DRAWING LABEL '1:23' AT x=145, y=556 COLOR=00E6E1E5
DEBUG: DRAWING LABEL '3:45' AT x=1081, y=556 COLOR=00E6E1E5
DEBUG: DRAWING LABEL '  ' AT x=360, y=-60 COLOR=00E6E1E5
DEBUG: DRAWING LABEL '12:45 PM' AT x=50, y=30 COLOR=00E6E1E5
DEBUG: DRAWING LABEL 'San Francisco, 68°F' AT x=150, y=30 COLOR=00E6E1E5
SHEET ANIM CB CALLED: 620.000000
Anim target_y: 620.000000 | sheet->container_y: 620 | first_child_y: 640
SHEET ANIM CB CALLED: 621.000000
Anim target_y: 621.000000 | sheet->container_y: 621 | first_child_y: 641
SHEET ANIM CB CALLED: 623.000000
Anim target_y: 623.000000 | sheet->container_y: 623 | first_child_y: 643
[2026-04-08 20:11:07] [34mINFO[0m [/home/yassineaa/AromaUI/src/core/aroma_ui_impl.c:249] aroma_ui_render_impl: Rendering window ID 0
DEBUG: DRAWING LABEL 'Your Library' AT x=145, y=123 COLOR=00E6E1E5
DEBUG: DRAWING LABEL 'Playing from iPhone' AT x=145, y=141 COLOR=00E6E1E5
DEBUG: DRAWING LABEL 'Blinding Lights' AT x=650, y=331 COLOR=00E6E1E5
DEBUG: DRAWING LABEL 'The Weeknd' AT x=650, y=363 COLOR=00E6E1E5
DEBUG: DRAWING LABEL '1:23' AT x=145, y=556 COLOR=00E6E1E5
DEBUG: DRAWING LABEL '3:45' AT x=1081, y=556 COLOR=00E6E1E5
DEBUG: DRAWING LABEL '  ' AT x=360, y=-60 COLOR=00E6E1E5
DEBUG: DRAWING LABEL '12:45 PM' AT x=50, y=30 COLOR=00E6E1E5
DEBUG: DRAWING LABEL 'San Francisco, 68°F' AT x=150, y=30 COLOR=00E6E1E5
SHEET ANIM CB CALLED: 624.000000
Anim target_y: 624.000000 | sheet->container_y: 624 | first_child_y: 644
SHEET ANIM CB CALLED: 625.000000
Anim target_y: 625.000000 | sheet->container_y: 625 | first_child_y: 645
SHEET ANIM CB CALLED: 626.000000
Anim target_y: 626.000000 | sheet->container_y: 626 | first_child_y: 646
[2026-04-08 20:11:07] [34mINFO[0m [/home/yassineaa/AromaUI/src/core/aroma_ui_impl.c:249] aroma_ui_render_impl: Rendering window ID 0
DEBUG: DRAWING LABEL 'Your Library' AT x=145, y=123 COLOR=00E6E1E5
DEBUG: DRAWING LABEL 'Playing from iPhone' AT x=145, y=141 COLOR=00E6E1E5
DEBUG: DRAWING LABEL 'Blinding Lights' AT x=650, y=331 COLOR=00E6E1E5
DEBUG: DRAWING LABEL 'The Weeknd' AT x=650, y=363 COLOR=00E6E1E5
DEBUG: DRAWING LABEL '1:23' AT x=145, y=556 COLOR=00E6E1E5
DEBUG: DRAWING LABEL '3:45' AT x=1081, y=556 COLOR=00E6E1E5
DEBUG: DRAWING LABEL '  ' AT x=360, y=-60 COLOR=00E6E1E5
DEBUG: DRAWING LABEL '12:45 PM' AT x=50, y=30 COLOR=00E6E1E5
DEBUG: DRAWING LABEL 'San Francisco, 68°F' AT x=150, y=30 COLOR=00E6E1E5
SHEET ANIM CB CALLED: 628.000000
Anim target_y: 628.000000 | sheet->container_y: 628 | first_child_y: 648
SHEET ANIM CB CALLED: 629.000000
Anim target_y: 629.000000 | sheet->container_y: 629 | first_child_y: 649
[2026-04-08 20:11:07] [34mINFO[0m [/home/yassineaa/AromaUI/src/core/aroma_ui_impl.c:249] aroma_ui_render_impl: Rendering window ID 0
DEBUG: DRAWING LABEL 'Your Library' AT x=145, y=123 COLOR=00E6E1E5
DEBUG: DRAWING LABEL 'Playing from iPhone' AT x=145, y=141 COLOR=00E6E1E5
DEBUG: DRAWING LABEL 'Blinding Lights' AT x=650, y=331 COLOR=00E6E1E5
DEBUG: DRAWING LABEL 'The Weeknd' AT x=650, y=363 COLOR=00E6E1E5
DEBUG: DRAWING LABEL '1:23' AT x=145, y=556 COLOR=00E6E1E5
DEBUG: DRAWING LABEL '3:45' AT x=1081, y=556 COLOR=00E6E1E5
DEBUG: DRAWING LABEL '  ' AT x=360, y=-60 COLOR=00E6E1E5
DEBUG: DRAWING LABEL '12:45 PM' AT x=50, y=30 COLOR=00E6E1E5
DEBUG: DRAWING LABEL 'San Francisco, 68°F' AT x=150, y=30 COLOR=00E6E1E5
SHEET ANIM CB CALLED: 630.000000
Anim target_y: 630.000000 | sheet->container_y: 630 | first_child_y: 650
[2026-04-08 20:11:07] [34mINFO[0m [/home/yassineaa/AromaUI/src/core/aroma_ui_impl.c:249] aroma_ui_render_impl: Rendering window ID 0
DEBUG: DRAWING LABEL 'Your Library' AT x=145, y=123 COLOR=00E6E1E5
DEBUG: DRAWING LABEL 'Playing from iPhone' AT x=145, y=141 COLOR=00E6E1E5
DEBUG: DRAWING LABEL 'Blinding Lights' AT x=650, y=331 COLOR=00E6E1E5
DEBUG: DRAWING LABEL 'The Weeknd' AT x=650, y=363 COLOR=00E6E1E5
DEBUG: DRAWING LABEL '1:23' AT x=145, y=556 COLOR=00E6E1E5
DEBUG: DRAWING LABEL '3:45' AT x=1081, y=556 COLOR=00E6E1E5
DEBUG: DRAWING LABEL '  ' AT x=360, y=-60 COLOR=00E6E1E5
DEBUG: DRAWING LABEL '12:45 PM' AT x=50, y=30 COLOR=00E6E1E5
DEBUG: DRAWING LABEL 'San Francisco, 68°F' AT x=150, y=30 COLOR=00E6E1E5
SHEET ANIM CB CALLED: 624.000000
Anim target_y: 624.000000 | sheet->container_y: 624 | first_child_y: 644
SHEET ANIM CB CALLED: 612.000000
Anim target_y: 612.000000 | sheet->container_y: 612 | first_child_y: 632
[2026-04-08 20:11:08] [34mINFO[0m [/home/yassineaa/AromaUI/src/core/aroma_ui_impl.c:249] aroma_ui_render_impl: Rendering window ID 0
DEBUG: DRAWING LABEL 'Your Library' AT x=145, y=123 COLOR=00E6E1E5
DEBUG: DRAWING LABEL 'Playing from iPhone' AT x=145, y=141 COLOR=00E6E1E5
DEBUG: DRAWING LABEL 'Blinding Lights' AT x=650, y=331 COLOR=00E6E1E5
DEBUG: DRAWING LABEL 'The Weeknd' AT x=650, y=363 COLOR=00E6E1E5
DEBUG: DRAWING LABEL '1:23' AT x=145, y=556 COLOR=00E6E1E5
DEBUG: DRAWING LABEL '3:45' AT x=1081, y=556 COLOR=00E6E1E5
DEBUG: DRAWING LABEL '  ' AT x=360, y=-60 COLOR=00E6E1E5
DEBUG: DRAWING LABEL '12:45 PM' AT x=50, y=30 COLOR=00E6E1E5
DEBUG: DRAWING LABEL 'San Francisco, 68°F' AT x=150, y=30 COLOR=00E6E1E5
SHEET ANIM CB CALLED: 586.000000
Anim target_y: 586.000000 | sheet->container_y: 586 | first_child_y: 606
SHEET ANIM CB CALLED: 596.000000
Anim target_y: 596.000000 | sheet->container_y: 596 | first_child_y: 616
SHEET ANIM CB CALLED: 605.000000
Anim target_y: 605.000000 | sheet->container_y: 605 | first_child_y: 625
SHEET ANIM CB CALLED: 611.000000
Anim target_y: 611.000000 | sheet->container_y: 611 | first_child_y: 631
[2026-04-08 20:11:08] [34mINFO[0m [/home/yassineaa/AromaUI/src/core/aroma_ui_impl.c:249] aroma_ui_render_impl: Rendering window ID 0
DEBUG: DRAWING LABEL 'Your Library' AT x=145, y=123 COLOR=00E6E1E5
DEBUG: DRAWING LABEL 'Playing from iPhone' AT x=145, y=141 COLOR=00E6E1E5
DEBUG: DRAWING LABEL 'Blinding Lights' AT x=650, y=331 COLOR=00E6E1E5
DEBUG: DRAWING LABEL 'The Weeknd' AT x=650, y=363 COLOR=00E6E1E5
DEBUG: DRAWING LABEL '1:23' AT x=145, y=556 COLOR=00E6E1E5
DEBUG: DRAWING LABEL '3:45' AT x=1081, y=556 COLOR=00E6E1E5
DEBUG: DRAWING LABEL '  ' AT x=360, y=-60 COLOR=00E6E1E5
DEBUG: DRAWING LABEL '12:45 PM' AT x=50, y=30 COLOR=00E6E1E5
DEBUG: DRAWING LABEL 'San Francisco, 68°F' AT x=150, y=30 COLOR=00E6E1E5
SHEET ANIM CB CALLED: 616.000000
Anim target_y: 616.000000 | sheet->container_y: 616 | first_child_y: 636
SHEET ANIM CB CALLED: 619.000000
Anim target_y: 619.000000 | sheet->container_y: 619 | first_child_y: 639
SHEET ANIM CB CALLED: 622.000000
Anim target_y: 622.000000 | sheet->container_y: 622 | first_child_y: 642
[2026-04-08 20:11:08] [34mINFO[0m [/home/yassineaa/AromaUI/src/core/aroma_ui_impl.c:249] aroma_ui_render_impl: Rendering window ID 0
DEBUG: DRAWING LABEL 'Your Library' AT x=145, y=123 COLOR=00E6E1E5
DEBUG: DRAWING LABEL 'Playing from iPhone' AT x=145, y=141 COLOR=00E6E1E5
DEBUG: DRAWING LABEL 'Blinding Lights' AT x=650, y=331 COLOR=00E6E1E5
DEBUG: DRAWING LABEL 'The Weeknd' AT x=650, y=363 COLOR=00E6E1E5
DEBUG: DRAWING LABEL '1:23' AT x=145, y=556 COLOR=00E6E1E5
DEBUG: DRAWING LABEL '3:45' AT x=1081, y=556 COLOR=00E6E1E5
DEBUG: DRAWING LABEL '  ' AT x=360, y=-60 COLOR=00E6E1E5
DEBUG: DRAWING LABEL '12:45 PM' AT x=50, y=30 COLOR=00E6E1E5
DEBUG: DRAWING LABEL 'San Francisco, 68°F' AT x=150, y=30 COLOR=00E6E1E5
SHEET ANIM CB CALLED: 625.000000
Anim target_y: 625.000000 | sheet->container_y: 625 | first_child_y: 645
SHEET ANIM CB CALLED: 627.000000
Anim target_y: 627.000000 | sheet->container_y: 627 | first_child_y: 647
SHEET ANIM CB CALLED: 630.000000
Anim target_y: 630.000000 | sheet->container_y: 630 | first_child_y: 650
[2026-04-08 20:11:08] [34mINFO[0m [/home/yassineaa/AromaUI/src/core/aroma_ui_impl.c:249] aroma_ui_render_impl: Rendering window ID 0
DEBUG: DRAWING LABEL 'Your Library' AT x=145, y=123 COLOR=00E6E1E5
DEBUG: DRAWING LABEL 'Playing from iPhone' AT x=145, y=141 COLOR=00E6E1E5
DEBUG: DRAWING LABEL 'Blinding Lights' AT x=650, y=331 COLOR=00E6E1E5
DEBUG: DRAWING LABEL 'The Weeknd' AT x=650, y=363 COLOR=00E6E1E5
DEBUG: DRAWING LABEL '1:23' AT x=145, y=556 COLOR=00E6E1E5
DEBUG: DRAWING LABEL '3:45' AT x=1081, y=556 COLOR=00E6E1E5
DEBUG: DRAWING LABEL '  ' AT x=360, y=-60 COLOR=00E6E1E5
DEBUG: DRAWING LABEL '12:45 PM' AT x=50, y=30 COLOR=00E6E1E5
DEBUG: DRAWING LABEL 'San Francisco, 68°F' AT x=150, y=30 COLOR=00E6E1E5
SHEET ANIM CB CALLED: 632.000000
Anim target_y: 632.000000 | sheet->container_y: 632 | first_child_y: 652
SHEET ANIM CB CALLED: 634.000000
Anim target_y: 634.000000 | sheet->container_y: 634 | first_child_y: 654
SHEET ANIM CB CALLED: 636.000000
Anim target_y: 636.000000 | sheet->container_y: 636 | first_child_y: 656
[2026-04-08 20:11:08] [34mINFO[0m [/home/yassineaa/AromaUI/src/core/aroma_ui_impl.c:249] aroma_ui_render_impl: Rendering window ID 0
DEBUG: DRAWING LABEL 'Your Library' AT x=145, y=123 COLOR=00E6E1E5
DEBUG: DRAWING LABEL 'Playing from iPhone' AT x=145, y=141 COLOR=00E6E1E5
DEBUG: DRAWING LABEL 'Blinding Lights' AT x=650, y=331 COLOR=00E6E1E5
DEBUG: DRAWING LABEL 'The Weeknd' AT x=650, y=363 COLOR=00E6E1E5
DEBUG: DRAWING LABEL '1:23' AT x=145, y=556 COLOR=00E6E1E5
DEBUG: DRAWING LABEL '3:45' AT x=1081, y=556 COLOR=00E6E1E5
DEBUG: DRAWING LABEL '  ' AT x=360, y=-60 COLOR=00E6E1E5
DEBUG: DRAWING LABEL '12:45 PM' AT x=50, y=30 COLOR=00E6E1E5
DEBUG: DRAWING LABEL 'San Francisco, 68°F' AT x=150, y=30 COLOR=00E6E1E5
SHEET ANIM CB CALLED: 637.000000
Anim target_y: 637.000000 | sheet->container_y: 637 | first_child_y: 657
SHEET ANIM CB CALLED: 639.000000
Anim target_y: 639.000000 | sheet->container_y: 639 | first_child_y: 659
SHEET ANIM CB CALLED: 640.000000
Anim target_y: 640.000000 | sheet->container_y: 640 | first_child_y: 660
[2026-04-08 20:11:08] [34mINFO[0m [/home/yassineaa/AromaUI/src/core/aroma_ui_impl.c:249] aroma_ui_render_impl: Rendering window ID 0
DEBUG: DRAWING LABEL 'Your Library' AT x=145, y=123 COLOR=00E6E1E5
DEBUG: DRAWING LABEL 'Playing from iPhone' AT x=145, y=141 COLOR=00E6E1E5
DEBUG: DRAWING LABEL 'Blinding Lights' AT x=650, y=331 COLOR=00E6E1E5
DEBUG: DRAWING LABEL 'The Weeknd' AT x=650, y=363 COLOR=00E6E1E5
DEBUG: DRAWING LABEL '1:23' AT x=145, y=556 COLOR=00E6E1E5
DEBUG: DRAWING LABEL '3:45' AT x=1081, y=556 COLOR=00E6E1E5
DEBUG: DRAWING LABEL '  ' AT x=360, y=-60 COLOR=00E6E1E5
DEBUG: DRAWING LABEL '12:45 PM' AT x=50, y=30 COLOR=00E6E1E5
DEBUG: DRAWING LABEL 'San Francisco, 68°F' AT x=150, y=30 COLOR=00E6E1E5
SHEET ANIM CB CALLED: 641.000000
Anim target_y: 641.000000 | sheet->container_y: 641 | first_child_y: 661
SHEET ANIM CB CALLED: 642.000000
Anim target_y: 642.000000 | sheet->container_y: 642 | first_child_y: 662
[2026-04-08 20:11:08] [34mINFO[0m [/home/yassineaa/AromaUI/src/core/aroma_ui_impl.c:249] aroma_ui_render_impl: Rendering window ID 0
DEBUG: DRAWING LABEL 'Your Library' AT x=145, y=123 COLOR=00E6E1E5
DEBUG: DRAWING LABEL 'Playing from iPhone' AT x=145, y=141 COLOR=00E6E1E5
DEBUG: DRAWING LABEL 'Blinding Lights' AT x=650, y=331 COLOR=00E6E1E5
DEBUG: DRAWING LABEL 'The Weeknd' AT x=650, y=363 COLOR=00E6E1E5
DEBUG: DRAWING LABEL '1:23' AT x=145, y=556 COLOR=00E6E1E5
DEBUG: DRAWING LABEL '3:45' AT x=1081, y=556 COLOR=00E6E1E5
DEBUG: DRAWING LABEL '  ' AT x=360, y=-60 COLOR=00E6E1E5
DEBUG: DRAWING LABEL '12:45 PM' AT x=50, y=30 COLOR=00E6E1E5
DEBUG: DRAWING LABEL 'San Francisco, 68°F' AT x=150, y=30 COLOR=00E6E1E5
SHEET ANIM CB CALLED: 641.000000
Anim target_y: 641.000000 | sheet->container_y: 641 | first_child_y: 661
SHEET ANIM CB CALLED: 635.000000
Anim target_y: 635.000000 | sheet->container_y: 635 | first_child_y: 655
SHEET ANIM CB CALLED: 627.000000
Anim target_y: 627.000000 | sheet->container_y: 627 | first_child_y: 647
SHEET ANIM CB CALLED: 619.000000
Anim target_y: 619.000000 | sheet->container_y: 619 | first_child_y: 639
[2026-04-08 20:11:08] [34mINFO[0m [/home/yassineaa/AromaUI/src/core/aroma_ui_impl.c:249] aroma_ui_render_impl: Rendering window ID 0
DEBUG: DRAWING LABEL 'Your Library' AT x=145, y=123 COLOR=00E6E1E5
DEBUG: DRAWING LABEL 'Playing from iPhone' AT x=145, y=141 COLOR=00E6E1E5
DEBUG: DRAWING LABEL 'Blinding Lights' AT x=650, y=331 COLOR=00E6E1E5
DEBUG: DRAWING LABEL 'The Weeknd' AT x=650, y=363 COLOR=00E6E1E5
DEBUG: DRAWING LABEL '1:23' AT x=145, y=556 COLOR=00E6E1E5
DEBUG: DRAWING LABEL '3:45' AT x=1081, y=556 COLOR=00E6E1E5
DEBUG: DRAWING LABEL '  ' AT x=360, y=-60 COLOR=00E6E1E5
DEBUG: DRAWING LABEL '12:45 PM' AT x=50, y=30 COLOR=00E6E1E5
DEBUG: DRAWING LABEL 'San Francisco, 68°F' AT x=150, y=30 COLOR=00E6E1E5
SHEET ANIM CB CALLED: 612.000000
Anim target_y: 612.000000 | sheet->container_y: 612 | first_child_y: 632
SHEET ANIM CB CALLED: 604.000000
Anim target_y: 604.000000 | sheet->container_y: 604 | first_child_y: 624
SHEET ANIM CB CALLED: 596.000000
Anim target_y: 596.000000 | sheet->container_y: 596 | first_child_y: 616
[2026-04-08 20:11:08] [34mINFO[0m [/home/yassineaa/AromaUI/src/core/aroma_ui_impl.c:249] aroma_ui_render_impl: Rendering window ID 0
DEBUG: DRAWING LABEL 'Your Library' AT x=145, y=123 COLOR=00E6E1E5
DEBUG: DRAWING LABEL 'Playing from iPhone' AT x=145, y=141 COLOR=00E6E1E5
DEBUG: DRAWING LABEL 'Blinding Lights' AT x=650, y=331 COLOR=00E6E1E5
DEBUG: DRAWING LABEL 'The Weeknd' AT x=650, y=363 COLOR=00E6E1E5
DEBUG: DRAWING LABEL '1:23' AT x=145, y=556 COLOR=00E6E1E5
DEBUG: DRAWING LABEL '3:45' AT x=1081, y=556 COLOR=00E6E1E5
DEBUG: DRAWING LABEL '  ' AT x=360, y=-60 COLOR=00E6E1E5
DEBUG: DRAWING LABEL '12:45 PM' AT x=50, y=30 COLOR=00E6E1E5
DEBUG: DRAWING LABEL 'San Francisco, 68°F' AT x=150, y=30 COLOR=00E6E1E5
SHEET ANIM CB CALLED: 589.000000
Anim target_y: 589.000000 | sheet->container_y: 589 | first_child_y: 609
SHEET ANIM CB CALLED: 582.000000
Anim target_y: 582.000000 | sheet->container_y: 582 | first_child_y: 602
SHEET ANIM CB CALLED: 576.000000
Anim target_y: 576.000000 | sheet->container_y: 576 | first_child_y: 596
[2026-04-08 20:11:08] [34mINFO[0m [/home/yassineaa/AromaUI/src/core/aroma_ui_impl.c:249] aroma_ui_render_impl: Rendering window ID 0
DEBUG: DRAWING LABEL 'Your Library' AT x=145, y=123 COLOR=00E6E1E5
DEBUG: DRAWING LABEL 'Playing from iPhone' AT x=145, y=141 COLOR=00E6E1E5
DEBUG: DRAWING LABEL 'Blinding Lights' AT x=650, y=331 COLOR=00E6E1E5
DEBUG: DRAWING LABEL 'The Weeknd' AT x=650, y=363 COLOR=00E6E1E5
DEBUG: DRAWING LABEL '1:23' AT x=145, y=556 COLOR=00E6E1E5
DEBUG: DRAWING LABEL '3:45' AT x=1081, y=556 COLOR=00E6E1E5
DEBUG: DRAWING LABEL '  ' AT x=360, y=-60 COLOR=00E6E1E5
DEBUG: DRAWING LABEL '12:45 PM' AT x=50, y=30 COLOR=00E6E1E5
DEBUG: DRAWING LABEL 'San Francisco, 68°F' AT x=150, y=30 COLOR=00E6E1E5
SHEET ANIM CB CALLED: 571.000000
Anim target_y: 571.000000 | sheet->container_y: 571 | first_child_y: 591
SHEET ANIM CB CALLED: 567.000000
Anim target_y: 567.000000 | sheet->container_y: 567 | first_child_y: 587
SHEET ANIM CB CALLED: 563.000000
Anim target_y: 563.000000 | sheet->container_y: 563 | first_child_y: 583
[2026-04-08 20:11:08] [34mINFO[0m [/home/yassineaa/AromaUI/src/core/aroma_ui_impl.c:249] aroma_ui_render_impl: Rendering window ID 0
DEBUG: DRAWING LABEL 'Your Library' AT x=145, y=123 COLOR=00E6E1E5
DEBUG: DRAWING LABEL 'Playing from iPhone' AT x=145, y=141 COLOR=00E6E1E5
DEBUG: DRAWING LABEL 'Blinding Lights' AT x=650, y=331 COLOR=00E6E1E5
DEBUG: DRAWING LABEL 'The Weeknd' AT x=650, y=363 COLOR=00E6E1E5
DEBUG: DRAWING LABEL '1:23' AT x=145, y=556 COLOR=00E6E1E5
DEBUG: DRAWING LABEL '3:45' AT x=1081, y=556 COLOR=00E6E1E5
DEBUG: DRAWING LABEL '  ' AT x=360, y=-60 COLOR=00E6E1E5
DEBUG: DRAWING LABEL '12:45 PM' AT x=50, y=30 COLOR=00E6E1E5
DEBUG: DRAWING LABEL 'San Francisco, 68°F' AT x=150, y=30 COLOR=00E6E1E5
SHEET ANIM CB CALLED: 559.000000
Anim target_y: 559.000000 | sheet->container_y: 559 | first_child_y: 579
SHEET ANIM CB CALLED: 556.000000
Anim target_y: 556.000000 | sheet->container_y: 556 | first_child_y: 576
[2026-04-08 20:11:08] [34mINFO[0m [/home/yassineaa/AromaUI/src/core/aroma_ui_impl.c:249] aroma_ui_render_impl: Rendering window ID 0
DEBUG: DRAWING LABEL 'Your Library' AT x=145, y=123 COLOR=00E6E1E5
DEBUG: DRAWING LABEL 'Playing from iPhone' AT x=145, y=141 COLOR=00E6E1E5
DEBUG: DRAWING LABEL 'Blinding Lights' AT x=650, y=331 COLOR=00E6E1E5
DEBUG: DRAWING LABEL 'The Weeknd' AT x=650, y=363 COLOR=00E6E1E5
DEBUG: DRAWING LABEL '1:23' AT x=145, y=556 COLOR=00E6E1E5
DEBUG: DRAWING LABEL '3:45' AT x=1081, y=556 COLOR=00E6E1E5
DEBUG: DRAWING LABEL '  ' AT x=360, y=-60 COLOR=00E6E1E5
DEBUG: DRAWING LABEL '12:45 PM' AT x=50, y=30 COLOR=00E6E1E5
DEBUG: DRAWING LABEL 'San Francisco, 68°F' AT x=150, y=30 COLOR=00E6E1E5
SHEET ANIM CB CALLED: 554.000000
Anim target_y: 554.000000 | sheet->container_y: 554 | first_child_y: 574
SHEET ANIM CB CALLED: 552.000000
Anim target_y: 552.000000 | sheet->container_y: 552 | first_child_y: 572
SHEET ANIM CB CALLED: 550.000000
Anim target_y: 550.000000 | sheet->container_y: 550 | first_child_y: 570
[2026-04-08 20:11:08] [34mINFO[0m [/home/yassineaa/AromaUI/src/core/aroma_ui_impl.c:249] aroma_ui_render_impl: Rendering window ID 0
DEBUG: DRAWING LABEL 'Your Library' AT x=145, y=123 COLOR=00E6E1E5
DEBUG: DRAWING LABEL 'Playing from iPhone' AT x=145, y=141 COLOR=00E6E1E5
DEBUG: DRAWING LABEL 'Blinding Lights' AT x=650, y=331 COLOR=00E6E1E5
DEBUG: DRAWING LABEL 'The Weeknd' AT x=650, y=363 COLOR=00E6E1E5
DEBUG: DRAWING LABEL '1:23' AT x=145, y=556 COLOR=00E6E1E5
DEBUG: DRAWING LABEL '3:45' AT x=1081, y=556 COLOR=00E6E1E5
DEBUG: DRAWING LABEL '  ' AT x=360, y=-60 COLOR=00E6E1E5
DEBUG: DRAWING LABEL '12:45 PM' AT x=50, y=30 COLOR=00E6E1E5
DEBUG: DRAWING LABEL 'San Francisco, 68°F' AT x=150, y=30 COLOR=00E6E1E5
SHEET ANIM CB CALLED: 549.000000
Anim target_y: 549.000000 | sheet->container_y: 549 | first_child_y: 569
SHEET ANIM CB CALLED: 547.000000
Anim target_y: 547.000000 | sheet->container_y: 547 | first_child_y: 567
SHEET ANIM CB CALLED: 546.000000
Anim target_y: 546.000000 | sheet->container_y: 546 | first_child_y: 566
[2026-04-08 20:11:08] [34mINFO[0m [/home/yassineaa/AromaUI/src/core/aroma_ui_impl.c:249] aroma_ui_render_impl: Rendering window ID 0
DEBUG: DRAWING LABEL 'Your Library' AT x=145, y=123 COLOR=00E6E1E5
DEBUG: DRAWING LABEL 'Playing from iPhone' AT x=145, y=141 COLOR=00E6E1E5
DEBUG: DRAWING LABEL 'Blinding Lights' AT x=650, y=331 COLOR=00E6E1E5
DEBUG: DRAWING LABEL 'The Weeknd' AT x=650, y=363 COLOR=00E6E1E5
DEBUG: DRAWING LABEL '1:23' AT x=145, y=556 COLOR=00E6E1E5
DEBUG: DRAWING LABEL '3:45' AT x=1081, y=556 COLOR=00E6E1E5
DEBUG: DRAWING LABEL '  ' AT x=360, y=-60 COLOR=00E6E1E5
DEBUG: DRAWING LABEL '12:45 PM' AT x=50, y=30 COLOR=00E6E1E5
DEBUG: DRAWING LABEL 'San Francisco, 68°F' AT x=150, y=30 COLOR=00E6E1E5
SHEET ANIM CB CALLED: 547.000000
Anim target_y: 547.000000 | sheet->container_y: 547 | first_child_y: 567
[2026-04-08 20:11:08] [34mINFO[0m [/home/yassineaa/AromaUI/src/core/aroma_ui_impl.c:249] aroma_ui_render_impl: Rendering window ID 0
DEBUG: DRAWING LABEL 'Your Library' AT x=145, y=123 COLOR=00E6E1E5
DEBUG: DRAWING LABEL 'Playing from iPhone' AT x=145, y=141 COLOR=00E6E1E5
DEBUG: DRAWING LABEL 'Blinding Lights' AT x=650, y=331 COLOR=00E6E1E5
DEBUG: DRAWING LABEL 'The Weeknd' AT x=650, y=363 COLOR=00E6E1E5
DEBUG: DRAWING LABEL '1:23' AT x=145, y=556 COLOR=00E6E1E5
DEBUG: DRAWING LABEL '3:45' AT x=1081, y=556 COLOR=00E6E1E5
DEBUG: DRAWING LABEL '  ' AT x=360, y=-60 COLOR=00E6E1E5
DEBUG: DRAWING LABEL '12:45 PM' AT x=50, y=30 COLOR=00E6E1E5
DEBUG: DRAWING LABEL 'San Francisco, 68°F' AT x=150, y=30 COLOR=00E6E1E5
SHEET ANIM CB CALLED: 550.000000
Anim target_y: 550.000000 | sheet->container_y: 550 | first_child_y: 570
SHEET ANIM CB CALLED: 555.000000
Anim target_y: 555.000000 | sheet->container_y: 555 | first_child_y: 575
SHEET ANIM CB CALLED: 560.000000
Anim target_y: 560.000000 | sheet->container_y: 560 | first_child_y: 580
[2026-04-08 20:11:08] [34mINFO[0m [/home/yassineaa/AromaUI/src/core/aroma_ui_impl.c:249] aroma_ui_render_impl: Rendering window ID 0
DEBUG: DRAWING LABEL 'Your Library' AT x=145, y=123 COLOR=00E6E1E5
DEBUG: DRAWING LABEL 'Playing from iPhone' AT x=145, y=141 COLOR=00E6E1E5
DEBUG: DRAWING LABEL 'Blinding Lights' AT x=650, y=331 COLOR=00E6E1E5
DEBUG: DRAWING LABEL 'The Weeknd' AT x=650, y=363 COLOR=00E6E1E5
DEBUG: DRAWING LABEL '1:23' AT x=145, y=556 COLOR=00E6E1E5
DEBUG: DRAWING LABEL '3:45' AT x=1081, y=556 COLOR=00E6E1E5
DEBUG: DRAWING LABEL '  ' AT x=360, y=-60 COLOR=00E6E1E5
DEBUG: DRAWING LABEL '12:45 PM' AT x=50, y=30 COLOR=00E6E1E5
DEBUG: DRAWING LABEL 'San Francisco, 68°F' AT x=150, y=30 COLOR=00E6E1E5
SHEET ANIM CB CALLED: 567.000000
Anim target_y: 567.000000 | sheet->container_y: 567 | first_child_y: 587
SHEET ANIM CB CALLED: 575.000000
Anim target_y: 575.000000 | sheet->container_y: 575 | first_child_y: 595
SHEET ANIM CB CALLED: 583.000000
Anim target_y: 583.000000 | sheet->container_y: 583 | first_child_y: 603
[2026-04-08 20:11:08] [34mINFO[0m [/home/yassineaa/AromaUI/src/core/aroma_ui_impl.c:249] aroma_ui_render_impl: Rendering window ID 0
DEBUG: DRAWING LABEL 'Your Library' AT x=145, y=123 COLOR=00E6E1E5
DEBUG: DRAWING LABEL 'Playing from iPhone' AT x=145, y=141 COLOR=00E6E1E5
DEBUG: DRAWING LABEL 'Blinding Lights' AT x=650, y=331 COLOR=00E6E1E5
DEBUG: DRAWING LABEL 'The Weeknd' AT x=650, y=363 COLOR=00E6E1E5
DEBUG: DRAWING LABEL '1:23' AT x=145, y=556 COLOR=00E6E1E5
DEBUG: DRAWING LABEL '3:45' AT x=1081, y=556 COLOR=00E6E1E5
DEBUG: DRAWING LABEL '  ' AT x=360, y=-60 COLOR=00E6E1E5
DEBUG: DRAWING LABEL '12:45 PM' AT x=50, y=30 COLOR=00E6E1E5
DEBUG: DRAWING LABEL 'San Francisco, 68°F' AT x=150, y=30 COLOR=00E6E1E5
SHEET ANIM CB CALLED: 591.000000
Anim target_y: 591.000000 | sheet->container_y: 591 | first_child_y: 611
SHEET ANIM CB CALLED: 600.000000
Anim target_y: 600.000000 | sheet->container_y: 600 | first_child_y: 620
SHEET ANIM CB CALLED: 609.000000
Anim target_y: 609.000000 | sheet->container_y: 609 | first_child_y: 629
[2026-04-08 20:11:08] [34mINFO[0m [/home/yassineaa/AromaUI/src/core/aroma_ui_impl.c:249] aroma_ui_render_impl: Rendering window ID 0
DEBUG: DRAWING LABEL 'Your Library' AT x=145, y=123 COLOR=00E6E1E5
DEBUG: DRAWING LABEL 'Playing from iPhone' AT x=145, y=141 COLOR=00E6E1E5
DEBUG: DRAWING LABEL 'Blinding Lights' AT x=650, y=331 COLOR=00E6E1E5
DEBUG: DRAWING LABEL 'The Weeknd' AT x=650, y=363 COLOR=00E6E1E5
DEBUG: DRAWING LABEL '1:23' AT x=145, y=556 COLOR=00E6E1E5
DEBUG: DRAWING LABEL '3:45' AT x=1081, y=556 COLOR=00E6E1E5
DEBUG: DRAWING LABEL '  ' AT x=360, y=-60 COLOR=00E6E1E5
DEBUG: DRAWING LABEL '12:45 PM' AT x=50, y=30 COLOR=00E6E1E5
DEBUG: DRAWING LABEL 'San Francisco, 68°F' AT x=150, y=30 COLOR=00E6E1E5
SHEET ANIM CB CALLED: 618.000000
Anim target_y: 618.000000 | sheet->container_y: 618 | first_child_y: 638
SHEET ANIM CB CALLED: 627.000000
Anim target_y: 627.000000 | sheet->container_y: 627 | first_child_y: 647
SHEET ANIM CB CALLED: 636.000000
Anim target_y: 636.000000 | sheet->container_y: 636 | first_child_y: 656
[2026-04-08 20:11:08] [34mINFO[0m [/home/yassineaa/AromaUI/src/core/aroma_ui_impl.c:249] aroma_ui_render_impl: Rendering window ID 0
DEBUG: DRAWING LABEL 'Your Library' AT x=145, y=123 COLOR=00E6E1E5
DEBUG: DRAWING LABEL 'Playing from iPhone' AT x=145, y=141 COLOR=00E6E1E5
DEBUG: DRAWING LABEL 'Blinding Lights' AT x=650, y=331 COLOR=00E6E1E5
DEBUG: DRAWING LABEL 'The Weeknd' AT x=650, y=363 COLOR=00E6E1E5
DEBUG: DRAWING LABEL '1:23' AT x=145, y=556 COLOR=00E6E1E5
DEBUG: DRAWING LABEL '3:45' AT x=1081, y=556 COLOR=00E6E1E5
DEBUG: DRAWING LABEL '  ' AT x=360, y=-60 COLOR=00E6E1E5
DEBUG: DRAWING LABEL '12:45 PM' AT x=50, y=30 COLOR=00E6E1E5
DEBUG: DRAWING LABEL 'San Francisco, 68°F' AT x=150, y=30 COLOR=00E6E1E5
SHEET ANIM CB CALLED: 644.000000
Anim target_y: 644.000000 | sheet->container_y: 644 | first_child_y: 664
SHEET ANIM CB CALLED: 651.000000
Anim target_y: 651.000000 | sheet->container_y: 651 | first_child_y: 671
SHEET ANIM CB CALLED: 657.000000
Anim target_y: 657.000000 | sheet->container_y: 657 | first_child_y: 677
SHEET ANIM CB CALLED: 663.000000
Anim target_y: 663.000000 | sheet->container_y: 663 | first_child_y: 683
[2026-04-08 20:11:08] [34mINFO[0m [/home/yassineaa/AromaUI/src/core/aroma_ui_impl.c:249] aroma_ui_render_impl: Rendering window ID 0
DEBUG: DRAWING LABEL 'Your Library' AT x=145, y=123 COLOR=00E6E1E5
DEBUG: DRAWING LABEL 'Playing from iPhone' AT x=145, y=141 COLOR=00E6E1E5
DEBUG: DRAWING LABEL 'Blinding Lights' AT x=650, y=331 COLOR=00E6E1E5
DEBUG: DRAWING LABEL 'The Weeknd' AT x=650, y=363 COLOR=00E6E1E5
DEBUG: DRAWING LABEL '1:23' AT x=145, y=556 COLOR=00E6E1E5
DEBUG: DRAWING LABEL '3:45' AT x=1081, y=556 COLOR=00E6E1E5
DEBUG: DRAWING LABEL '  ' AT x=360, y=-60 COLOR=00E6E1E5
DEBUG: DRAWING LABEL '12:45 PM' AT x=50, y=30 COLOR=00E6E1E5
DEBUG: DRAWING LABEL 'San Francisco, 68°F' AT x=150, y=30 COLOR=00E6E1E5
SHEET ANIM CB CALLED: 668.000000
Anim target_y: 668.000000 | sheet->container_y: 668 | first_child_y: 688
SHEET ANIM CB CALLED: 672.000000
Anim target_y: 672.000000 | sheet->container_y: 672 | first_child_y: 692
SHEET ANIM CB CALLED: 675.000000
Anim target_y: 675.000000 | sheet->container_y: 675 | first_child_y: 695
[2026-04-08 20:11:08] [34mINFO[0m [/home/yassineaa/AromaUI/src/core/aroma_ui_impl.c:249] aroma_ui_render_impl: Rendering window ID 0
DEBUG: DRAWING LABEL 'Your Library' AT x=145, y=123 COLOR=00E6E1E5
DEBUG: DRAWING LABEL 'Playing from iPhone' AT x=145, y=141 COLOR=00E6E1E5
DEBUG: DRAWING LABEL 'Blinding Lights' AT x=650, y=331 COLOR=00E6E1E5
DEBUG: DRAWING LABEL 'The Weeknd' AT x=650, y=363 COLOR=00E6E1E5
DEBUG: DRAWING LABEL '1:23' AT x=145, y=556 COLOR=00E6E1E5
DEBUG: DRAWING LABEL '3:45' AT x=1081, y=556 COLOR=00E6E1E5
DEBUG: DRAWING LABEL '  ' AT x=360, y=-60 COLOR=00E6E1E5
DEBUG: DRAWING LABEL '12:45 PM' AT x=50, y=30 COLOR=00E6E1E5
DEBUG: DRAWING LABEL 'San Francisco, 68°F' AT x=150, y=30 COLOR=00E6E1E5
SHEET ANIM CB CALLED: 678.000000
Anim target_y: 678.000000 | sheet->container_y: 678 | first_child_y: 698
SHEET ANIM CB CALLED: 681.000000
Anim target_y: 681.000000 | sheet->container_y: 681 | first_child_y: 701
[2026-04-08 20:11:08] [34mINFO[0m [/home/yassineaa/AromaUI/src/core/aroma_ui_impl.c:249] aroma_ui_render_impl: Rendering window ID 0
DEBUG: DRAWING LABEL 'Your Library' AT x=145, y=123 COLOR=00E6E1E5
DEBUG: DRAWING LABEL 'Playing from iPhone' AT x=145, y=141 COLOR=00E6E1E5
DEBUG: DRAWING LABEL 'Blinding Lights' AT x=650, y=331 COLOR=00E6E1E5
DEBUG: DRAWING LABEL 'The Weeknd' AT x=650, y=363 COLOR=00E6E1E5
DEBUG: DRAWING LABEL '1:23' AT x=145, y=556 COLOR=00E6E1E5
DEBUG: DRAWING LABEL '3:45' AT x=1081, y=556 COLOR=00E6E1E5
DEBUG: DRAWING LABEL '  ' AT x=360, y=-60 COLOR=00E6E1E5
DEBUG: DRAWING LABEL '12:45 PM' AT x=50, y=30 COLOR=00E6E1E5
DEBUG: DRAWING LABEL 'San Francisco, 68°F' AT x=150, y=30 COLOR=00E6E1E5
SHEET ANIM CB CALLED: 683.000000
Anim target_y: 683.000000 | sheet->container_y: 683 | first_child_y: 703
SHEET ANIM CB CALLED: 684.000000
Anim target_y: 684.000000 | sheet->container_y: 684 | first_child_y: 704
SHEET ANIM CB CALLED: 686.000000
Anim target_y: 686.000000 | sheet->container_y: 686 | first_child_y: 706
[2026-04-08 20:11:08] [34mINFO[0m [/home/yassineaa/AromaUI/src/core/aroma_ui_impl.c:249] aroma_ui_render_impl: Rendering window ID 0
DEBUG: DRAWING LABEL 'Your Library' AT x=145, y=123 COLOR=00E6E1E5
DEBUG: DRAWING LABEL 'Playing from iPhone' AT x=145, y=141 COLOR=00E6E1E5
DEBUG: DRAWING LABEL 'Blinding Lights' AT x=650, y=331 COLOR=00E6E1E5
DEBUG: DRAWING LABEL 'The Weeknd' AT x=650, y=363 COLOR=00E6E1E5
DEBUG: DRAWING LABEL '1:23' AT x=145, y=556 COLOR=00E6E1E5
DEBUG: DRAWING LABEL '3:45' AT x=1081, y=556 COLOR=00E6E1E5
DEBUG: DRAWING LABEL '  ' AT x=360, y=-60 COLOR=00E6E1E5
DEBUG: DRAWING LABEL '12:45 PM' AT x=50, y=30 COLOR=00E6E1E5
DEBUG: DRAWING LABEL 'San Francisco, 68°F' AT x=150, y=30 COLOR=00E6E1E5
SHEET ANIM CB CALLED: 682.000000
Anim target_y: 682.000000 | sheet->container_y: 682 | first_child_y: 702
SHEET ANIM CB CALLED: 676.000000
Anim target_y: 676.000000 | sheet->container_y: 676 | first_child_y: 696
SHEET ANIM CB CALLED: 667.000000
Anim target_y: 667.000000 | sheet->container_y: 667 | first_child_y: 687
SHEET ANIM CB CALLED: 658.000000
Anim target_y: 658.000000 | sheet->container_y: 658 | first_child_y: 678
[2026-04-08 20:11:08] [34mINFO[0m [/home/yassineaa/AromaUI/src/core/aroma_ui_impl.c:249] aroma_ui_render_impl: Rendering window ID 0
DEBUG: DRAWING LABEL 'Your Library' AT x=145, y=123 COLOR=00E6E1E5
DEBUG: DRAWING LABEL 'Playing from iPhone' AT x=145, y=141 COLOR=00E6E1E5
DEBUG: DRAWING LABEL 'Blinding Lights' AT x=650, y=331 COLOR=00E6E1E5
DEBUG: DRAWING LABEL 'The Weeknd' AT x=650, y=363 COLOR=00E6E1E5
DEBUG: DRAWING LABEL '1:23' AT x=145, y=556 COLOR=00E6E1E5
DEBUG: DRAWING LABEL '3:45' AT x=1081, y=556 COLOR=00E6E1E5
DEBUG: DRAWING LABEL '  ' AT x=360, y=-60 COLOR=00E6E1E5
DEBUG: DRAWING LABEL '12:45 PM' AT x=50, y=30 COLOR=00E6E1E5
DEBUG: DRAWING LABEL 'San Francisco, 68°F' AT x=150, y=30 COLOR=00E6E1E5
SHEET ANIM CB CALLED: 651.000000
Anim target_y: 651.000000 | sheet->container_y: 651 | first_child_y: 671
SHEET ANIM CB CALLED: 644.000000
Anim target_y: 644.000000 | sheet->container_y: 644 | first_child_y: 664
SHEET ANIM CB CALLED: 638.000000
Anim target_y: 638.000000 | sheet->container_y: 638 | first_child_y: 658
[2026-04-08 20:11:08] [34mINFO[0m [/home/yassineaa/AromaUI/src/core/aroma_ui_impl.c:249] aroma_ui_render_impl: Rendering window ID 0
DEBUG: DRAWING LABEL 'Your Library' AT x=145, y=123 COLOR=00E6E1E5
DEBUG: DRAWING LABEL 'Playing from iPhone' AT x=145, y=141 COLOR=00E6E1E5
DEBUG: DRAWING LABEL 'Blinding Lights' AT x=650, y=331 COLOR=00E6E1E5
DEBUG: DRAWING LABEL 'The Weeknd' AT x=650, y=363 COLOR=00E6E1E5
DEBUG: DRAWING LABEL '1:23' AT x=145, y=556 COLOR=00E6E1E5
DEBUG: DRAWING LABEL '3:45' AT x=1081, y=556 COLOR=00E6E1E5
DEBUG: DRAWING LABEL '  ' AT x=360, y=-60 COLOR=00E6E1E5
DEBUG: DRAWING LABEL '12:45 PM' AT x=50, y=30 COLOR=00E6E1E5
DEBUG: DRAWING LABEL 'San Francisco, 68°F' AT x=150, y=30 COLOR=00E6E1E5
SHEET ANIM CB CALLED: 633.000000
Anim target_y: 633.000000 | sheet->container_y: 633 | first_child_y: 653
SHEET ANIM CB CALLED: 629.000000
Anim target_y: 629.000000 | sheet->container_y: 629 | first_child_y: 649
SHEET ANIM CB CALLED: 627.000000
Anim target_y: 627.000000 | sheet->container_y: 627 | first_child_y: 647
[2026-04-08 20:11:08] [34mINFO[0m [/home/yassineaa/AromaUI/src/core/aroma_ui_impl.c:249] aroma_ui_render_impl: Rendering window ID 0
DEBUG: DRAWING LABEL 'Your Library' AT x=145, y=123 COLOR=00E6E1E5
DEBUG: DRAWING LABEL 'Playing from iPhone' AT x=145, y=141 COLOR=00E6E1E5
DEBUG: DRAWING LABEL 'Blinding Lights' AT x=650, y=331 COLOR=00E6E1E5
DEBUG: DRAWING LABEL 'The Weeknd' AT x=650, y=363 COLOR=00E6E1E5
DEBUG: DRAWING LABEL '1:23' AT x=145, y=556 COLOR=00E6E1E5
DEBUG: DRAWING LABEL '3:45' AT x=1081, y=556 COLOR=00E6E1E5
DEBUG: DRAWING LABEL '  ' AT x=360, y=-60 COLOR=00E6E1E5
DEBUG: DRAWING LABEL '12:45 PM' AT x=50, y=30 COLOR=00E6E1E5
DEBUG: DRAWING LABEL 'San Francisco, 68°F' AT x=150, y=30 COLOR=00E6E1E5
SHEET ANIM CB CALLED: 624.000000
Anim target_y: 624.000000 | sheet->container_y: 624 | first_child_y: 644
SHEET ANIM CB CALLED: 622.000000
Anim target_y: 622.000000 | sheet->container_y: 622 | first_child_y: 642
SHEET ANIM CB CALLED: 620.000000
Anim target_y: 620.000000 | sheet->container_y: 620 | first_child_y: 640
[2026-04-08 20:11:08] [34mINFO[0m [/home/yassineaa/AromaUI/src/core/aroma_ui_impl.c:249] aroma_ui_render_impl: Rendering window ID 0
DEBUG: DRAWING LABEL 'Your Library' AT x=145, y=123 COLOR=00E6E1E5
DEBUG: DRAWING LABEL 'Playing from iPhone' AT x=145, y=141 COLOR=00E6E1E5
DEBUG: DRAWING LABEL 'Blinding Lights' AT x=650, y=331 COLOR=00E6E1E5
DEBUG: DRAWING LABEL 'The Weeknd' AT x=650, y=363 COLOR=00E6E1E5
DEBUG: DRAWING LABEL '1:23' AT x=145, y=556 COLOR=00E6E1E5
DEBUG: DRAWING LABEL '3:45' AT x=1081, y=556 COLOR=00E6E1E5
DEBUG: DRAWING LABEL '  ' AT x=360, y=-60 COLOR=00E6E1E5
DEBUG: DRAWING LABEL '12:45 PM' AT x=50, y=30 COLOR=00E6E1E5
DEBUG: DRAWING LABEL 'San Francisco, 68°F' AT x=150, y=30 COLOR=00E6E1E5
SHEET ANIM CB CALLED: 619.000000
Anim target_y: 619.000000 | sheet->container_y: 619 | first_child_y: 639
[2026-04-08 20:11:08] [34mINFO[0m [/home/yassineaa/AromaUI/src/core/aroma_ui_impl.c:249] aroma_ui_render_impl: Rendering window ID 0
DEBUG: DRAWING LABEL 'Your Library' AT x=145, y=123 COLOR=00E6E1E5
DEBUG: DRAWING LABEL 'Playing from iPhone' AT x=145, y=141 COLOR=00E6E1E5
DEBUG: DRAWING LABEL 'Blinding Lights' AT x=650, y=331 COLOR=00E6E1E5
DEBUG: DRAWING LABEL 'The Weeknd' AT x=650, y=363 COLOR=00E6E1E5
DEBUG: DRAWING LABEL '1:23' AT x=145, y=556 COLOR=00E6E1E5
DEBUG: DRAWING LABEL '3:45' AT x=1081, y=556 COLOR=00E6E1E5
DEBUG: DRAWING LABEL '  ' AT x=360, y=-60 COLOR=00E6E1E5
DEBUG: DRAWING LABEL '12:45 PM' AT x=50, y=30 COLOR=00E6E1E5
DEBUG: DRAWING LABEL 'San Francisco, 68°F' AT x=150, y=30 COLOR=00E6E1E5
SHEET ANIM CB CALLED: 620.000000
Anim target_y: 620.000000 | sheet->container_y: 620 | first_child_y: 640
SHEET ANIM CB CALLED: 623.000000
Anim target_y: 623.000000 | sheet->container_y: 623 | first_child_y: 643
SHEET ANIM CB CALLED: 627.000000
Anim target_y: 627.000000 | sheet->container_y: 627 | first_child_y: 647
[2026-04-08 20:11:08] [34mINFO[0m [/home/yassineaa/AromaUI/src/core/aroma_ui_impl.c:249] aroma_ui_render_impl: Rendering window ID 0
DEBUG: DRAWING LABEL 'Your Library' AT x=145, y=123 COLOR=00E6E1E5
DEBUG: DRAWING LABEL 'Playing from iPhone' AT x=145, y=141 COLOR=00E6E1E5
DEBUG: DRAWING LABEL 'Blinding Lights' AT x=650, y=331 COLOR=00E6E1E5
DEBUG: DRAWING LABEL 'The Weeknd' AT x=650, y=363 COLOR=00E6E1E5
DEBUG: DRAWING LABEL '1:23' AT x=145, y=556 COLOR=00E6E1E5
DEBUG: DRAWING LABEL '3:45' AT x=1081, y=556 COLOR=00E6E1E5
DEBUG: DRAWING LABEL '  ' AT x=360, y=-60 COLOR=00E6E1E5
DEBUG: DRAWING LABEL '12:45 PM' AT x=50, y=30 COLOR=00E6E1E5
DEBUG: DRAWING LABEL 'San Francisco, 68°F' AT x=150, y=30 COLOR=00E6E1E5
SHEET ANIM CB CALLED: 631.000000
Anim target_y: 631.000000 | sheet->container_y: 631 | first_child_y: 651
SHEET ANIM CB CALLED: 637.000000
Anim target_y: 637.000000 | sheet->container_y: 637 | first_child_y: 657
SHEET ANIM CB CALLED: 643.000000
Anim target_y: 643.000000 | sheet->container_y: 643 | first_child_y: 663
[2026-04-08 20:11:08] [34mINFO[0m [/home/yassineaa/AromaUI/src/core/aroma_ui_impl.c:249] aroma_ui_render_impl: Rendering window ID 0
DEBUG: DRAWING LABEL 'Your Library' AT x=145, y=123 COLOR=00E6E1E5
DEBUG: DRAWING LABEL 'Playing from iPhone' AT x=145, y=141 COLOR=00E6E1E5
DEBUG: DRAWING LABEL 'Blinding Lights' AT x=650, y=331 COLOR=00E6E1E5
DEBUG: DRAWING LABEL 'The Weeknd' AT x=650, y=363 COLOR=00E6E1E5
DEBUG: DRAWING LABEL '1:23' AT x=145, y=556 COLOR=00E6E1E5
DEBUG: DRAWING LABEL '3:45' AT x=1081, y=556 COLOR=00E6E1E5
DEBUG: DRAWING LABEL '  ' AT x=360, y=-60 COLOR=00E6E1E5
DEBUG: DRAWING LABEL '12:45 PM' AT x=50, y=30 COLOR=00E6E1E5
DEBUG: DRAWING LABEL 'San Francisco, 68°F' AT x=150, y=30 COLOR=00E6E1E5
SHEET ANIM CB CALLED: 648.000000
Anim target_y: 648.000000 | sheet->container_y: 648 | first_child_y: 668
SHEET ANIM CB CALLED: 654.000000
Anim target_y: 654.000000 | sheet->container_y: 654 | first_child_y: 674
SHEET ANIM CB CALLED: 659.000000
Anim target_y: 659.000000 | sheet->container_y: 659 | first_child_y: 679
[2026-04-08 20:11:08] [34mINFO[0m [/home/yassineaa/AromaUI/src/core/aroma_ui_impl.c:249] aroma_ui_render_impl: Rendering window ID 0
DEBUG: DRAWING LABEL 'Your Library' AT x=145, y=123 COLOR=00E6E1E5
DEBUG: DRAWING LABEL 'Playing from iPhone' AT x=145, y=141 COLOR=00E6E1E5
DEBUG: DRAWING LABEL 'Blinding Lights' AT x=650, y=331 COLOR=00E6E1E5
DEBUG: DRAWING LABEL 'The Weeknd' AT x=650, y=363 COLOR=00E6E1E5
DEBUG: DRAWING LABEL '1:23' AT x=145, y=556 COLOR=00E6E1E5
DEBUG: DRAWING LABEL '3:45' AT x=1081, y=556 COLOR=00E6E1E5
DEBUG: DRAWING LABEL '  ' AT x=360, y=-60 COLOR=00E6E1E5
DEBUG: DRAWING LABEL '12:45 PM' AT x=50, y=30 COLOR=00E6E1E5
DEBUG: DRAWING LABEL 'San Francisco, 68°F' AT x=150, y=30 COLOR=00E6E1E5
SHEET ANIM CB CALLED: 663.000000
Anim target_y: 663.000000 | sheet->container_y: 663 | first_child_y: 683
SHEET ANIM CB CALLED: 667.000000
Anim target_y: 667.000000 | sheet->container_y: 667 | first_child_y: 687
SHEET ANIM CB CALLED: 671.000000
Anim target_y: 671.000000 | sheet->container_y: 671 | first_child_y: 691
[2026-04-08 20:11:08] [34mINFO[0m [/home/yassineaa/AromaUI/src/core/aroma_ui_impl.c:249] aroma_ui_render_impl: Rendering window ID 0
DEBUG: DRAWING LABEL 'Your Library' AT x=145, y=123 COLOR=00E6E1E5
DEBUG: DRAWING LABEL 'Playing from iPhone' AT x=145, y=141 COLOR=00E6E1E5
DEBUG: DRAWING LABEL 'Blinding Lights' AT x=650, y=331 COLOR=00E6E1E5
DEBUG: DRAWING LABEL 'The Weeknd' AT x=650, y=363 COLOR=00E6E1E5
DEBUG: DRAWING LABEL '1:23' AT x=145, y=556 COLOR=00E6E1E5
DEBUG: DRAWING LABEL '3:45' AT x=1081, y=556 COLOR=00E6E1E5
DEBUG: DRAWING LABEL '  ' AT x=360, y=-60 COLOR=00E6E1E5
DEBUG: DRAWING LABEL '12:45 PM' AT x=50, y=30 COLOR=00E6E1E5
DEBUG: DRAWING LABEL 'San Francisco, 68°F' AT x=150, y=30 COLOR=00E6E1E5
SHEET ANIM CB CALLED: 674.000000
Anim target_y: 674.000000 | sheet->container_y: 674 | first_child_y: 694
SHEET ANIM CB CALLED: 677.000000
Anim target_y: 677.000000 | sheet->container_y: 677 | first_child_y: 697
SHEET ANIM CB CALLED: 680.000000
Anim target_y: 680.000000 | sheet->container_y: 680 | first_child_y: 700
SHEET ANIM CB CALLED: 682.000000
Anim target_y: 682.000000 | sheet->container_y: 682 | first_child_y: 702
[2026-04-08 20:11:09] [34mINFO[0m [/home/yassineaa/AromaUI/src/core/aroma_ui_impl.c:249] aroma_ui_render_impl: Rendering window ID 0
DEBUG: DRAWING LABEL 'Your Library' AT x=145, y=123 COLOR=00E6E1E5
DEBUG: DRAWING LABEL 'Playing from iPhone' AT x=145, y=141 COLOR=00E6E1E5
DEBUG: DRAWING LABEL 'Blinding Lights' AT x=650, y=331 COLOR=00E6E1E5
DEBUG: DRAWING LABEL 'The Weeknd' AT x=650, y=363 COLOR=00E6E1E5
DEBUG: DRAWING LABEL '1:23' AT x=145, y=556 COLOR=00E6E1E5
DEBUG: DRAWING LABEL '3:45' AT x=1081, y=556 COLOR=00E6E1E5
DEBUG: DRAWING LABEL '  ' AT x=360, y=-60 COLOR=00E6E1E5
DEBUG: DRAWING LABEL '12:45 PM' AT x=50, y=30 COLOR=00E6E1E5
DEBUG: DRAWING LABEL 'San Francisco, 68°F' AT x=150, y=30 COLOR=00E6E1E5
SHEET ANIM CB CALLED: 684.000000
Anim target_y: 684.000000 | sheet->container_y: 684 | first_child_y: 704
SHEET ANIM CB CALLED: 685.000000
Anim target_y: 685.000000 | sheet->container_y: 685 | first_child_y: 705
[2026-04-08 20:11:09] [34mINFO[0m [/home/yassineaa/AromaUI/src/core/aroma_ui_impl.c:249] aroma_ui_render_impl: Rendering window ID 0
DEBUG: DRAWING LABEL 'Your Library' AT x=145, y=123 COLOR=00E6E1E5
DEBUG: DRAWING LABEL 'Playing from iPhone' AT x=145, y=141 COLOR=00E6E1E5
DEBUG: DRAWING LABEL 'Blinding Lights' AT x=650, y=331 COLOR=00E6E1E5
DEBUG: DRAWING LABEL 'The Weeknd' AT x=650, y=363 COLOR=00E6E1E5
DEBUG: DRAWING LABEL '1:23' AT x=145, y=556 COLOR=00E6E1E5
DEBUG: DRAWING LABEL '3:45' AT x=1081, y=556 COLOR=00E6E1E5
DEBUG: DRAWING LABEL '  ' AT x=360, y=-60 COLOR=00E6E1E5
DEBUG: DRAWING LABEL '12:45 PM' AT x=50, y=30 COLOR=00E6E1E5
DEBUG: DRAWING LABEL 'San Francisco, 68°F' AT x=150, y=30 COLOR=00E6E1E5
SHEET ANIM CB CALLED: 683.000000
Anim target_y: 683.000000 | sheet->container_y: 683 | first_child_y: 703
[2026-04-08 20:11:09] [34mINFO[0m [/home/yassineaa/AromaUI/src/core/aroma_ui_impl.c:249] aroma_ui_render_impl: Rendering window ID 0
DEBUG: DRAWING LABEL 'Your Library' AT x=145, y=123 COLOR=00E6E1E5
DEBUG: DRAWING LABEL 'Playing from iPhone' AT x=145, y=141 COLOR=00E6E1E5
DEBUG: DRAWING LABEL 'Blinding Lights' AT x=650, y=331 COLOR=00E6E1E5
DEBUG: DRAWING LABEL 'The Weeknd' AT x=650, y=363 COLOR=00E6E1E5
DEBUG: DRAWING LABEL '1:23' AT x=145, y=556 COLOR=00E6E1E5
DEBUG: DRAWING LABEL '3:45' AT x=1081, y=556 COLOR=00E6E1E5
DEBUG: DRAWING LABEL '  ' AT x=360, y=-60 COLOR=00E6E1E5
DEBUG: DRAWING LABEL '12:45 PM' AT x=50, y=30 COLOR=00E6E1E5
DEBUG: DRAWING LABEL 'San Francisco, 68°F' AT x=150, y=30 COLOR=00E6E1E5
SHEET ANIM CB CALLED: 681.000000
Anim target_y: 681.000000 | sheet->container_y: 681 | first_child_y: 701
SHEET ANIM CB CALLED: 679.000000
Anim target_y: 679.000000 | sheet->container_y: 679 | first_child_y: 699
SHEET ANIM CB CALLED: 677.000000
Anim target_y: 677.000000 | sheet->container_y: 677 | first_child_y: 697
[2026-04-08 20:11:09] [34mINFO[0m [/home/yassineaa/AromaUI/src/core/aroma_ui_impl.c:249] aroma_ui_render_impl: Rendering window ID 0
DEBUG: DRAWING LABEL 'Your Library' AT x=145, y=123 COLOR=00E6E1E5
DEBUG: DRAWING LABEL 'Playing from iPhone' AT x=145, y=141 COLOR=00E6E1E5
DEBUG: DRAWING LABEL 'Blinding Lights' AT x=650, y=331 COLOR=00E6E1E5
DEBUG: DRAWING LABEL 'The Weeknd' AT x=650, y=363 COLOR=00E6E1E5
DEBUG: DRAWING LABEL '1:23' AT x=145, y=556 COLOR=00E6E1E5
DEBUG: DRAWING LABEL '3:45' AT x=1081, y=556 COLOR=00E6E1E5
DEBUG: DRAWING LABEL '  ' AT x=360, y=-60 COLOR=00E6E1E5
DEBUG: DRAWING LABEL '12:45 PM' AT x=50, y=30 COLOR=00E6E1E5
DEBUG: DRAWING LABEL 'San Francisco, 68°F' AT x=150, y=30 COLOR=00E6E1E5
SHEET ANIM CB CALLED: 675.000000
Anim target_y: 675.000000 | sheet->container_y: 675 | first_child_y: 695
SHEET ANIM CB CALLED: 673.000000
Anim target_y: 673.000000 | sheet->container_y: 673 | first_child_y: 693
SHEET ANIM CB CALLED: 671.000000
Anim target_y: 671.000000 | sheet->container_y: 671 | first_child_y: 691
[2026-04-08 20:11:09] [34mINFO[0m [/home/yassineaa/AromaUI/src/core/aroma_ui_impl.c:249] aroma_ui_render_impl: Rendering window ID 0
DEBUG: DRAWING LABEL 'Your Library' AT x=145, y=123 COLOR=00E6E1E5
DEBUG: DRAWING LABEL 'Playing from iPhone' AT x=145, y=141 COLOR=00E6E1E5
DEBUG: DRAWING LABEL 'Blinding Lights' AT x=650, y=331 COLOR=00E6E1E5
DEBUG: DRAWING LABEL 'The Weeknd' AT x=650, y=363 COLOR=00E6E1E5
DEBUG: DRAWING LABEL '1:23' AT x=145, y=556 COLOR=00E6E1E5
DEBUG: DRAWING LABEL '3:45' AT x=1081, y=556 COLOR=00E6E1E5
DEBUG: DRAWING LABEL '  ' AT x=360, y=-60 COLOR=00E6E1E5
DEBUG: DRAWING LABEL '12:45 PM' AT x=50, y=30 COLOR=00E6E1E5
DEBUG: DRAWING LABEL 'San Francisco, 68°F' AT x=150, y=30 COLOR=00E6E1E5
SHEET ANIM CB CALLED: 669.000000
Anim target_y: 669.000000 | sheet->container_y: 669 | first_child_y: 689
SHEET ANIM CB CALLED: 665.000000
Anim target_y: 665.000000 | sheet->container_y: 665 | first_child_y: 685
SHEET ANIM CB CALLED: 660.000000
Anim target_y: 660.000000 | sheet->container_y: 660 | first_child_y: 680
[2026-04-08 20:11:09] [34mINFO[0m [/home/yassineaa/AromaUI/src/core/aroma_ui_impl.c:249] aroma_ui_render_impl: Rendering window ID 0
DEBUG: DRAWING LABEL 'Your Library' AT x=145, y=123 COLOR=00E6E1E5
DEBUG: DRAWING LABEL 'Playing from iPhone' AT x=145, y=141 COLOR=00E6E1E5
DEBUG: DRAWING LABEL 'Blinding Lights' AT x=650, y=331 COLOR=00E6E1E5
DEBUG: DRAWING LABEL 'The Weeknd' AT x=650, y=363 COLOR=00E6E1E5
DEBUG: DRAWING LABEL '1:23' AT x=145, y=556 COLOR=00E6E1E5
DEBUG: DRAWING LABEL '3:45' AT x=1081, y=556 COLOR=00E6E1E5
DEBUG: DRAWING LABEL '  ' AT x=360, y=-60 COLOR=00E6E1E5
DEBUG: DRAWING LABEL '12:45 PM' AT x=50, y=30 COLOR=00E6E1E5
DEBUG: DRAWING LABEL 'San Francisco, 68°F' AT x=150, y=30 COLOR=00E6E1E5
SHEET ANIM CB CALLED: 654.000000
Anim target_y: 654.000000 | sheet->container_y: 654 | first_child_y: 674
SHEET ANIM CB CALLED: 648.000000
Anim target_y: 648.000000 | sheet->container_y: 648 | first_child_y: 668
SHEET ANIM CB CALLED: 644.000000
Anim target_y: 644.000000 | sheet->container_y: 644 | first_child_y: 664
[2026-04-08 20:11:09] [34mINFO[0m [/home/yassineaa/AromaUI/src/core/aroma_ui_impl.c:249] aroma_ui_render_impl: Rendering window ID 0
DEBUG: DRAWING LABEL 'Your Library' AT x=145, y=123 COLOR=00E6E1E5
DEBUG: DRAWING LABEL 'Playing from iPhone' AT x=145, y=141 COLOR=00E6E1E5
DEBUG: DRAWING LABEL 'Blinding Lights' AT x=650, y=331 COLOR=00E6E1E5
DEBUG: DRAWING LABEL 'The Weeknd' AT x=650, y=363 COLOR=00E6E1E5
DEBUG: DRAWING LABEL '1:23' AT x=145, y=556 COLOR=00E6E1E5
DEBUG: DRAWING LABEL '3:45' AT x=1081, y=556 COLOR=00E6E1E5
DEBUG: DRAWING LABEL '  ' AT x=360, y=-60 COLOR=00E6E1E5
DEBUG: DRAWING LABEL '12:45 PM' AT x=50, y=30 COLOR=00E6E1E5
DEBUG: DRAWING LABEL 'San Francisco, 68°F' AT x=150, y=30 COLOR=00E6E1E5
SHEET ANIM CB CALLED: 639.000000
Anim target_y: 639.000000 | sheet->container_y: 639 | first_child_y: 659
SHEET ANIM CB CALLED: 636.000000
Anim target_y: 636.000000 | sheet->container_y: 636 | first_child_y: 656
SHEET ANIM CB CALLED: 633.000000
Anim target_y: 633.000000 | sheet->container_y: 633 | first_child_y: 653
[2026-04-08 20:11:09] [34mINFO[0m [/home/yassineaa/AromaUI/src/core/aroma_ui_impl.c:249] aroma_ui_render_impl: Rendering window ID 0
DEBUG: DRAWING LABEL 'Your Library' AT x=145, y=123 COLOR=00E6E1E5
DEBUG: DRAWING LABEL 'Playing from iPhone' AT x=145, y=141 COLOR=00E6E1E5
DEBUG: DRAWING LABEL 'Blinding Lights' AT x=650, y=331 COLOR=00E6E1E5
DEBUG: DRAWING LABEL 'The Weeknd' AT x=650, y=363 COLOR=00E6E1E5
DEBUG: DRAWING LABEL '1:23' AT x=145, y=556 COLOR=00E6E1E5
DEBUG: DRAWING LABEL '3:45' AT x=1081, y=556 COLOR=00E6E1E5
DEBUG: DRAWING LABEL '  ' AT x=360, y=-60 COLOR=00E6E1E5
DEBUG: DRAWING LABEL '12:45 PM' AT x=50, y=30 COLOR=00E6E1E5
DEBUG: DRAWING LABEL 'San Francisco, 68°F' AT x=150, y=30 COLOR=00E6E1E5
SHEET ANIM CB CALLED: 631.000000
Anim target_y: 631.000000 | sheet->container_y: 631 | first_child_y: 651
SHEET ANIM CB CALLED: 630.000000
Anim target_y: 630.000000 | sheet->container_y: 630 | first_child_y: 650
SHEET ANIM CB CALLED: 629.000000
Anim target_y: 629.000000 | sheet->container_y: 629 | first_child_y: 649
SHEET ANIM CB CALLED: 628.000000
Anim target_y: 628.000000 | sheet->container_y: 628 | first_child_y: 648
[2026-04-08 20:11:09] [34mINFO[0m [/home/yassineaa/AromaUI/src/core/aroma_ui_impl.c:249] aroma_ui_render_impl: Rendering window ID 0
DEBUG: DRAWING LABEL 'Your Library' AT x=145, y=123 COLOR=00E6E1E5
DEBUG: DRAWING LABEL 'Playing from iPhone' AT x=145, y=141 COLOR=00E6E1E5
DEBUG: DRAWING LABEL 'Blinding Lights' AT x=650, y=331 COLOR=00E6E1E5
DEBUG: DRAWING LABEL 'The Weeknd' AT x=650, y=363 COLOR=00E6E1E5
DEBUG: DRAWING LABEL '1:23' AT x=145, y=556 COLOR=00E6E1E5
DEBUG: DRAWING LABEL '3:45' AT x=1081, y=556 COLOR=00E6E1E5
DEBUG: DRAWING LABEL '  ' AT x=360, y=-60 COLOR=00E6E1E5
DEBUG: DRAWING LABEL '12:45 PM' AT x=50, y=30 COLOR=00E6E1E5
DEBUG: DRAWING LABEL 'San Francisco, 68°F' AT x=150, y=30 COLOR=00E6E1E5
SHEET ANIM CB CALLED: 630.000000
Anim target_y: 630.000000 | sheet->container_y: 630 | first_child_y: 650
[2026-04-08 20:11:09] [34mINFO[0m [/home/yassineaa/AromaUI/src/core/aroma_ui_impl.c:249] aroma_ui_render_impl: Rendering window ID 0
DEBUG: DRAWING LABEL 'Your Library' AT x=145, y=123 COLOR=00E6E1E5
DEBUG: DRAWING LABEL 'Playing from iPhone' AT x=145, y=141 COLOR=00E6E1E5
DEBUG: DRAWING LABEL 'Blinding Lights' AT x=650, y=331 COLOR=00E6E1E5
DEBUG: DRAWING LABEL 'The Weeknd' AT x=650, y=363 COLOR=00E6E1E5
DEBUG: DRAWING LABEL '1:23' AT x=145, y=556 COLOR=00E6E1E5
DEBUG: DRAWING LABEL '3:45' AT x=1081, y=556 COLOR=00E6E1E5
DEBUG: DRAWING LABEL '  ' AT x=360, y=-60 COLOR=00E6E1E5
DEBUG: DRAWING LABEL '12:45 PM' AT x=50, y=30 COLOR=00E6E1E5
DEBUG: DRAWING LABEL 'San Francisco, 68°F' AT x=150, y=30 COLOR=00E6E1E5
SHEET ANIM CB CALLED: 633.000000
Anim target_y: 633.000000 | sheet->container_y: 633 | first_child_y: 653
SHEET ANIM CB CALLED: 637.000000
Anim target_y: 637.000000 | sheet->container_y: 637 | first_child_y: 657
SHEET ANIM CB CALLED: 641.000000
Anim target_y: 641.000000 | sheet->container_y: 641 | first_child_y: 661
[2026-04-08 20:11:09] [34mINFO[0m [/home/yassineaa/AromaUI/src/core/aroma_ui_impl.c:249] aroma_ui_render_impl: Rendering window ID 0
DEBUG: DRAWING LABEL 'Your Library' AT x=145, y=123 COLOR=00E6E1E5
DEBUG: DRAWING LABEL 'Playing from iPhone' AT x=145, y=141 COLOR=00E6E1E5
DEBUG: DRAWING LABEL 'Blinding Lights' AT x=650, y=331 COLOR=00E6E1E5
DEBUG: DRAWING LABEL 'The Weeknd' AT x=650, y=363 COLOR=00E6E1E5
DEBUG: DRAWING LABEL '1:23' AT x=145, y=556 COLOR=00E6E1E5
DEBUG: DRAWING LABEL '3:45' AT x=1081, y=556 COLOR=00E6E1E5
DEBUG: DRAWING LABEL '  ' AT x=360, y=-60 COLOR=00E6E1E5
DEBUG: DRAWING LABEL '12:45 PM' AT x=50, y=30 COLOR=00E6E1E5
DEBUG: DRAWING LABEL 'San Francisco, 68°F' AT x=150, y=30 COLOR=00E6E1E5
SHEET ANIM CB CALLED: 647.000000
Anim target_y: 647.000000 | sheet->container_y: 647 | first_child_y: 667
SHEET ANIM CB CALLED: 653.000000
Anim target_y: 653.000000 | sheet->container_y: 653 | first_child_y: 673
SHEET ANIM CB CALLED: 659.000000
Anim target_y: 659.000000 | sheet->container_y: 659 | first_child_y: 679
[2026-04-08 20:11:09] [34mINFO[0m [/home/yassineaa/AromaUI/src/core/aroma_ui_impl.c:249] aroma_ui_render_impl: Rendering window ID 0
DEBUG: DRAWING LABEL 'Your Library' AT x=145, y=123 COLOR=00E6E1E5
DEBUG: DRAWING LABEL 'Playing from iPhone' AT x=145, y=141 COLOR=00E6E1E5
DEBUG: DRAWING LABEL 'Blinding Lights' AT x=650, y=331 COLOR=00E6E1E5
DEBUG: DRAWING LABEL 'The Weeknd' AT x=650, y=363 COLOR=00E6E1E5
DEBUG: DRAWING LABEL '1:23' AT x=145, y=556 COLOR=00E6E1E5
DEBUG: DRAWING LABEL '3:45' AT x=1081, y=556 COLOR=00E6E1E5
DEBUG: DRAWING LABEL '  ' AT x=360, y=-60 COLOR=00E6E1E5
DEBUG: DRAWING LABEL '12:45 PM' AT x=50, y=30 COLOR=00E6E1E5
DEBUG: DRAWING LABEL 'San Francisco, 68°F' AT x=150, y=30 COLOR=00E6E1E5
SHEET ANIM CB CALLED: 666.000000
Anim target_y: 666.000000 | sheet->container_y: 666 | first_child_y: 686
SHEET ANIM CB CALLED: 674.000000
Anim target_y: 674.000000 | sheet->container_y: 674 | first_child_y: 694
SHEET ANIM CB CALLED: 681.000000
Anim target_y: 681.000000 | sheet->container_y: 681 | first_child_y: 701
[2026-04-08 20:11:09] [34mINFO[0m [/home/yassineaa/AromaUI/src/core/aroma_ui_impl.c:249] aroma_ui_render_impl: Rendering window ID 0
DEBUG: DRAWING LABEL 'Your Library' AT x=145, y=123 COLOR=00E6E1E5
DEBUG: DRAWING LABEL 'Playing from iPhone' AT x=145, y=141 COLOR=00E6E1E5
DEBUG: DRAWING LABEL 'Blinding Lights' AT x=650, y=331 COLOR=00E6E1E5
DEBUG: DRAWING LABEL 'The Weeknd' AT x=650, y=363 COLOR=00E6E1E5
DEBUG: DRAWING LABEL '1:23' AT x=145, y=556 COLOR=00E6E1E5
DEBUG: DRAWING LABEL '3:45' AT x=1081, y=556 COLOR=00E6E1E5
DEBUG: DRAWING LABEL '  ' AT x=360, y=-60 COLOR=00E6E1E5
DEBUG: DRAWING LABEL '12:45 PM' AT x=50, y=30 COLOR=00E6E1E5
DEBUG: DRAWING LABEL 'San Francisco, 68°F' AT x=150, y=30 COLOR=00E6E1E5
SHEET ANIM CB CALLED: 689.000000
Anim target_y: 689.000000 | sheet->container_y: 689 | first_child_y: 709
SHEET ANIM CB CALLED: 697.000000
Anim target_y: 697.000000 | sheet->container_y: 697 | first_child_y: 717
SHEET ANIM CB CALLED: 705.000000
Anim target_y: 705.000000 | sheet->container_y: 705 | first_child_y: 725
[2026-04-08 20:11:09] [34mINFO[0m [/home/yassineaa/AromaUI/src/core/aroma_ui_impl.c:249] aroma_ui_render_impl: Rendering window ID 0
DEBUG: DRAWING LABEL 'Your Library' AT x=145, y=123 COLOR=00E6E1E5
DEBUG: DRAWING LABEL 'Playing from iPhone' AT x=145, y=141 COLOR=00E6E1E5
DEBUG: DRAWING LABEL 'Blinding Lights' AT x=650, y=331 COLOR=00E6E1E5
DEBUG: DRAWING LABEL 'The Weeknd' AT x=650, y=363 COLOR=00E6E1E5
DEBUG: DRAWING LABEL '1:23' AT x=145, y=556 COLOR=00E6E1E5
DEBUG: DRAWING LABEL '3:45' AT x=1081, y=556 COLOR=00E6E1E5
DEBUG: DRAWING LABEL '  ' AT x=360, y=-60 COLOR=00E6E1E5
DEBUG: DRAWING LABEL '12:45 PM' AT x=50, y=30 COLOR=00E6E1E5
DEBUG: DRAWING LABEL 'San Francisco, 68°F' AT x=150, y=30 COLOR=00E6E1E5
SHEET ANIM CB CALLED: 715.000000
Anim target_y: 715.000000 | sheet->container_y: 715 | first_child_y: 735
SHEET ANIM CB CALLED: 725.000000
Anim target_y: 725.000000 | sheet->container_y: 725 | first_child_y: 745
SHEET ANIM CB CALLED: 736.000000
Anim target_y: 736.000000 | sheet->container_y: 736 | first_child_y: 756
[2026-04-08 20:11:09] [34mINFO[0m [/home/yassineaa/AromaUI/src/core/aroma_ui_impl.c:249] aroma_ui_render_impl: Rendering window ID 0
DEBUG: DRAWING LABEL 'Your Library' AT x=145, y=123 COLOR=00E6E1E5
DEBUG: DRAWING LABEL 'Playing from iPhone' AT x=145, y=141 COLOR=00E6E1E5
DEBUG: DRAWING LABEL 'Blinding Lights' AT x=650, y=331 COLOR=00E6E1E5
DEBUG: DRAWING LABEL 'The Weeknd' AT x=650, y=363 COLOR=00E6E1E5
DEBUG: DRAWING LABEL '1:23' AT x=145, y=556 COLOR=00E6E1E5
DEBUG: DRAWING LABEL '3:45' AT x=1081, y=556 COLOR=00E6E1E5
DEBUG: DRAWING LABEL '  ' AT x=360, y=-60 COLOR=00E6E1E5
DEBUG: DRAWING LABEL '12:45 PM' AT x=50, y=30 COLOR=00E6E1E5
DEBUG: DRAWING LABEL 'San Francisco, 68°F' AT x=150, y=30 COLOR=00E6E1E5
SHEET ANIM CB CALLED: 748.000000
Anim target_y: 748.000000 | sheet->container_y: 748 | first_child_y: 768
SHEET ANIM CB CALLED: 761.000000
Anim target_y: 761.000000 | sheet->container_y: 761 | first_child_y: 781
SHEET ANIM CB CALLED: 774.000000
Anim target_y: 774.000000 | sheet->container_y: 774 | first_child_y: 794
[2026-04-08 20:11:09] [34mINFO[0m [/home/yassineaa/AromaUI/src/core/aroma_ui_impl.c:249] aroma_ui_render_impl: Rendering window ID 0
DEBUG: DRAWING LABEL 'Your Library' AT x=145, y=123 COLOR=00E6E1E5
DEBUG: DRAWING LABEL 'Playing from iPhone' AT x=145, y=141 COLOR=00E6E1E5
DEBUG: DRAWING LABEL 'Blinding Lights' AT x=650, y=331 COLOR=00E6E1E5
DEBUG: DRAWING LABEL 'The Weeknd' AT x=650, y=363 COLOR=00E6E1E5
DEBUG: DRAWING LABEL '1:23' AT x=145, y=556 COLOR=00E6E1E5
DEBUG: DRAWING LABEL '3:45' AT x=1081, y=556 COLOR=00E6E1E5
DEBUG: DRAWING LABEL '  ' AT x=360, y=-60 COLOR=00E6E1E5
DEBUG: DRAWING LABEL '12:45 PM' AT x=50, y=30 COLOR=00E6E1E5
DEBUG: DRAWING LABEL 'San Francisco, 68°F' AT x=150, y=30 COLOR=00E6E1E5
SHEET ANIM CB CALLED: 787.000000
Anim target_y: 787.000000 | sheet->container_y: 787 | first_child_y: 807
SHEET ANIM CB CALLED: 798.000000
Anim target_y: 798.000000 | sheet->container_y: 798 | first_child_y: 818
SHEET ANIM CB CALLED: 798.000000
Anim target_y: 798.000000 | sheet->container_y: 798 | first_child_y: 818
DEBUG: DRAWING LABEL 'Your Library' AT x=145, y=123 COLOR=00E6E1E5
DEBUG: DRAWING LABEL 'Playing from iPhone' AT x=145, y=141 COLOR=00E6E1E5
DEBUG: DRAWING LABEL 'Blinding Lights' AT x=650, y=331 COLOR=00E6E1E5
DEBUG: DRAWING LABEL 'The Weeknd' AT x=650, y=363 COLOR=00E6E1E5
DEBUG: DRAWING LABEL '1:23' AT x=145, y=556 COLOR=00E6E1E5
DEBUG: DRAWING LABEL '3:45' AT x=1081, y=556 COLOR=00E6E1E5
DEBUG: DRAWING LABEL '  ' AT x=360, y=-60 COLOR=00E6E1E5
DEBUG: DRAWING LABEL '12:45 PM' AT x=50, y=30 COLOR=00E6E1E5
DEBUG: DRAWING LABEL 'San Francisco, 68°F' AT x=150, y=30 COLOR=00E6E1E5
SHEET ANIM CB CALLED: 798.011536
Anim target_y: 798.011536 | sheet->container_y: 798 | first_child_y: 818
DEBUG: DRAWING LABEL 'Your Library' AT x=145, y=123 COLOR=00E6E1E5
DEBUG: DRAWING LABEL 'Playing from iPhone' AT x=145, y=141 COLOR=00E6E1E5
DEBUG: DRAWING LABEL 'Blinding Lights' AT x=650, y=331 COLOR=00E6E1E5
DEBUG: DRAWING LABEL 'The Weeknd' AT x=650, y=363 COLOR=00E6E1E5
DEBUG: DRAWING LABEL '1:23' AT x=145, y=556 COLOR=00E6E1E5
DEBUG: DRAWING LABEL '3:45' AT x=1081, y=556 COLOR=00E6E1E5
DEBUG: DRAWING LABEL '  ' AT x=360, y=-60 COLOR=00E6E1E5
DEBUG: DRAWING LABEL '12:45 PM' AT x=50, y=30 COLOR=00E6E1E5
DEBUG: DRAWING LABEL 'San Francisco, 68°F' AT x=150, y=30 COLOR=00E6E1E5
SHEET ANIM CB CALLED: 798.048645
Anim target_y: 798.048645 | sheet->container_y: 798 | first_child_y: 818
DEBUG: DRAWING LABEL 'Your Library' AT x=145, y=123 COLOR=00E6E1E5
DEBUG: DRAWING LABEL 'Playing from iPhone' AT x=145, y=141 COLOR=00E6E1E5
DEBUG: DRAWING LABEL 'Blinding Lights' AT x=650, y=331 COLOR=00E6E1E5
DEBUG: DRAWING LABEL 'The Weeknd' AT x=650, y=363 COLOR=00E6E1E5
DEBUG: DRAWING LABEL '1:23' AT x=145, y=556 COLOR=00E6E1E5
DEBUG: DRAWING LABEL '3:45' AT x=1081, y=556 COLOR=00E6E1E5
DEBUG: DRAWING LABEL '  ' AT x=360, y=-60 COLOR=00E6E1E5
DEBUG: DRAWING LABEL '12:45 PM' AT x=50, y=30 COLOR=00E6E1E5
DEBUG: DRAWING LABEL 'San Francisco, 68°F' AT x=150, y=30 COLOR=00E6E1E5
SHEET ANIM CB CALLED: 798.107666
Anim target_y: 798.107666 | sheet->container_y: 798 | first_child_y: 818
DEBUG: DRAWING LABEL 'Your Library' AT x=145, y=123 COLOR=00E6E1E5
DEBUG: DRAWING LABEL 'Playing from iPhone' AT x=145, y=141 COLOR=00E6E1E5
DEBUG: DRAWING LABEL 'Blinding Lights' AT x=650, y=331 COLOR=00E6E1E5
DEBUG: DRAWING LABEL 'The Weeknd' AT x=650, y=363 COLOR=00E6E1E5
DEBUG: DRAWING LABEL '1:23' AT x=145, y=556 COLOR=00E6E1E5
DEBUG: DRAWING LABEL '3:45' AT x=1081, y=556 COLOR=00E6E1E5
DEBUG: DRAWING LABEL '  ' AT x=360, y=-60 COLOR=00E6E1E5
DEBUG: DRAWING LABEL '12:45 PM' AT x=50, y=30 COLOR=00E6E1E5
DEBUG: DRAWING LABEL 'San Francisco, 68°F' AT x=150, y=30 COLOR=00E6E1E5
SHEET ANIM CB CALLED: 798.189758
Anim target_y: 798.189758 | sheet->container_y: 798 | first_child_y: 818
DEBUG: DRAWING LABEL 'Your Library' AT x=145, y=123 COLOR=00E6E1E5
DEBUG: DRAWING LABEL 'Playing from iPhone' AT x=145, y=141 COLOR=00E6E1E5
DEBUG: DRAWING LABEL 'Blinding Lights' AT x=650, y=331 COLOR=00E6E1E5
DEBUG: DRAWING LABEL 'The Weeknd' AT x=650, y=363 COLOR=00E6E1E5
DEBUG: DRAWING LABEL '1:23' AT x=145, y=556 COLOR=00E6E1E5
DEBUG: DRAWING LABEL '3:45' AT x=1081, y=556 COLOR=00E6E1E5
DEBUG: DRAWING LABEL '  ' AT x=360, y=-60 COLOR=00E6E1E5
DEBUG: DRAWING LABEL '12:45 PM' AT x=50, y=30 COLOR=00E6E1E5
DEBUG: DRAWING LABEL 'San Francisco, 68°F' AT x=150, y=30 COLOR=00E6E1E5
SHEET ANIM CB CALLED: 798.288818
Anim target_y: 798.288818 | sheet->container_y: 798 | first_child_y: 818
DEBUG: DRAWING LABEL 'Your Library' AT x=145, y=123 COLOR=00E6E1E5
DEBUG: DRAWING LABEL 'Playing from iPhone' AT x=145, y=141 COLOR=00E6E1E5
DEBUG: DRAWING LABEL 'Blinding Lights' AT x=650, y=331 COLOR=00E6E1E5
DEBUG: DRAWING LABEL 'The Weeknd' AT x=650, y=363 COLOR=00E6E1E5
DEBUG: DRAWING LABEL '1:23' AT x=145, y=556 COLOR=00E6E1E5
DEBUG: DRAWING LABEL '3:45' AT x=1081, y=556 COLOR=00E6E1E5
DEBUG: DRAWING LABEL '  ' AT x=360, y=-60 COLOR=00E6E1E5
DEBUG: DRAWING LABEL '12:45 PM' AT x=50, y=30 COLOR=00E6E1E5
DEBUG: DRAWING LABEL 'San Francisco, 68°F' AT x=150, y=30 COLOR=00E6E1E5
SHEET ANIM CB CALLED: 798.415894
Anim target_y: 798.415894 | sheet->container_y: 798 | first_child_y: 818
DEBUG: DRAWING LABEL 'Your Library' AT x=145, y=123 COLOR=00E6E1E5
DEBUG: DRAWING LABEL 'Playing from iPhone' AT x=145, y=141 COLOR=00E6E1E5
DEBUG: DRAWING LABEL 'Blinding Lights' AT x=650, y=331 COLOR=00E6E1E5
DEBUG: DRAWING LABEL 'The Weeknd' AT x=650, y=363 COLOR=00E6E1E5
DEBUG: DRAWING LABEL '1:23' AT x=145, y=556 COLOR=00E6E1E5
DEBUG: DRAWING LABEL '3:45' AT x=1081, y=556 COLOR=00E6E1E5
DEBUG: DRAWING LABEL '  ' AT x=360, y=-60 COLOR=00E6E1E5
DEBUG: DRAWING LABEL '12:45 PM' AT x=50, y=30 COLOR=00E6E1E5
DEBUG: DRAWING LABEL 'San Francisco, 68°F' AT x=150, y=30 COLOR=00E6E1E5
SHEET ANIM CB CALLED: 798.566040
Anim target_y: 798.566040 | sheet->container_y: 798 | first_child_y: 818
DEBUG: DRAWING LABEL 'Your Library' AT x=145, y=123 COLOR=00E6E1E5
DEBUG: DRAWING LABEL 'Playing from iPhone' AT x=145, y=141 COLOR=00E6E1E5
DEBUG: DRAWING LABEL 'Blinding Lights' AT x=650, y=331 COLOR=00E6E1E5
DEBUG: DRAWING LABEL 'The Weeknd' AT x=650, y=363 COLOR=00E6E1E5
DEBUG: DRAWING LABEL '1:23' AT x=145, y=556 COLOR=00E6E1E5
DEBUG: DRAWING LABEL '3:45' AT x=1081, y=556 COLOR=00E6E1E5
DEBUG: DRAWING LABEL '  ' AT x=360, y=-60 COLOR=00E6E1E5
DEBUG: DRAWING LABEL '12:45 PM' AT x=50, y=30 COLOR=00E6E1E5
DEBUG: DRAWING LABEL 'San Francisco, 68°F' AT x=150, y=30 COLOR=00E6E1E5
SHEET ANIM CB CALLED: 798.768799
Anim target_y: 798.768799 | sheet->container_y: 798 | first_child_y: 818
DEBUG: DRAWING LABEL 'Your Library' AT x=145, y=123 COLOR=00E6E1E5
DEBUG: DRAWING LABEL 'Playing from iPhone' AT x=145, y=141 COLOR=00E6E1E5
DEBUG: DRAWING LABEL 'Blinding Lights' AT x=650, y=331 COLOR=00E6E1E5
DEBUG: DRAWING LABEL 'The Weeknd' AT x=650, y=363 COLOR=00E6E1E5
DEBUG: DRAWING LABEL '1:23' AT x=145, y=556 COLOR=00E6E1E5
DEBUG: DRAWING LABEL '3:45' AT x=1081, y=556 COLOR=00E6E1E5
DEBUG: DRAWING LABEL '  ' AT x=360, y=-60 COLOR=00E6E1E5
DEBUG: DRAWING LABEL '12:45 PM' AT x=50, y=30 COLOR=00E6E1E5
DEBUG: DRAWING LABEL 'San Francisco, 68°F' AT x=150, y=30 COLOR=00E6E1E5
SHEET ANIM CB CALLED: 799.002502
Anim target_y: 799.002502 | sheet->container_y: 799 | first_child_y: 819
DEBUG: DRAWING LABEL 'Your Library' AT x=145, y=123 COLOR=00E6E1E5
DEBUG: DRAWING LABEL 'Playing from iPhone' AT x=145, y=141 COLOR=00E6E1E5
DEBUG: DRAWING LABEL 'Blinding Lights' AT x=650, y=331 COLOR=00E6E1E5
DEBUG: DRAWING LABEL 'The Weeknd' AT x=650, y=363 COLOR=00E6E1E5
DEBUG: DRAWING LABEL '1:23' AT x=145, y=556 COLOR=00E6E1E5
DEBUG: DRAWING LABEL '3:45' AT x=1081, y=556 COLOR=00E6E1E5
DEBUG: DRAWING LABEL '  ' AT x=360, y=-60 COLOR=00E6E1E5
DEBUG: DRAWING LABEL '12:45 PM' AT x=50, y=30 COLOR=00E6E1E5
DEBUG: DRAWING LABEL 'San Francisco, 68°F' AT x=150, y=30 COLOR=00E6E1E5
SHEET ANIM CB CALLED: 799.229309
Anim target_y: 799.229309 | sheet->container_y: 799 | first_child_y: 819
DEBUG: DRAWING LABEL 'Your Library' AT x=145, y=123 COLOR=00E6E1E5
DEBUG: DRAWING LABEL 'Playing from iPhone' AT x=145, y=141 COLOR=00E6E1E5
DEBUG: DRAWING LABEL 'Blinding Lights' AT x=650, y=331 COLOR=00E6E1E5
DEBUG: DRAWING LABEL 'The Weeknd' AT x=650, y=363 COLOR=00E6E1E5
DEBUG: DRAWING LABEL '1:23' AT x=145, y=556 COLOR=00E6E1E5
DEBUG: DRAWING LABEL '3:45' AT x=1081, y=556 COLOR=00E6E1E5
DEBUG: DRAWING LABEL '  ' AT x=360, y=-60 COLOR=00E6E1E5
DEBUG: DRAWING LABEL '12:45 PM' AT x=50, y=30 COLOR=00E6E1E5
DEBUG: DRAWING LABEL 'San Francisco, 68°F' AT